#pragma once

#include <stdint.h>

constexpr int16_t image_eyeball_bg_width = 220;
constexpr int16_t image_eyeball_bg_height = 176;

const uint16_t image_eyeball_bg[] = {
  0x0000, 0x0000, 0x0000, 0x0000, 0x0000, 0x0000, 0x0000, 0x0000, 0x0000, 0x0000, 0x0000, 0x0000, 0x0000, 0x0000, 0x0000, 0x0000,
  0x0000, 0x0000, 0x0000, 0x0000, 0x0000, 0x0000, 0x0000, 0x0000, 0x0000, 0x0000, 0x0000, 0x0000, 0x0000, 0x0000, 0x0000, 0x0000,
  0x0000, 0x0000, 0x0000, 0x0000, 0x0000, 0x0000, 0x0000, 0x0000, 0x0000, 0x0000, 0x0000, 0x0000, 0x0000, 0x0000, 0x0000, 0x0000,
  0x0000, 0x0000, 0x0000, 0x0000, 0x0000, 0x0000, 0x0000, 0x0000, 0x0000, 0x0000, 0x0000, 0x0000, 0x0000, 0x0000, 0x0000, 0x0000,
  0x0000, 0x0000, 0x0000, 0x0000, 0x0000, 0x0000, 0x0000, 0x0000, 0x0000, 0x0000, 0x0000, 0x0000, 0x0000, 0x0000, 0x0000, 0x0000,
  0x0000, 0x0000, 0x0000, 0x0000, 0x0000, 0x0000, 0x0000, 0x0000, 0x0000, 0x0000, 0x0000, 0x0000, 0x0000, 0x0000, 0x0000, 0x0000,
  0x0000, 0x0000, 0x0000, 0x0000, 0x0000, 0x0000, 0x0000, 0x18c3, 0x0000, 0x18e3, 0x2124, 0x18e3, 0x18e3, 0x18e3, 0x18e3, 0x18e3,
  0x18e3, 0x2104, 0x18c3, 0x0000, 0x0000, 0x0000, 0x0000, 0x0000, 0x0000, 0x0000, 0x0000, 0x0000, 0x0000, 0x0000, 0x0000, 0x0000,
  0x0000, 0x0000, 0x0000, 0x0000, 0x0000, 0x0000, 0x0000, 0x0000, 0x0000, 0x0000, 0x0000, 0x0000, 0x0000, 0x0000, 0x0000, 0x0000,
  0x0000, 0x0000, 0x0000, 0x0000, 0x0000, 0x0000, 0x0000, 0x0000, 0x0000, 0x0000, 0x0000, 0x0000, 0x0000, 0x0000, 0x0000, 0x0000,
  0x0000, 0x0000, 0x0000, 0x0000, 0x0000, 0x0000, 0x0000, 0x0000, 0x0000, 0x0000, 0x0000, 0x0000, 0x0000, 0x0000, 0x0000, 0x0000,
  0x0000, 0x0000, 0x0000, 0x0000, 0x0000, 0x0000, 0x0000, 0x0000, 0x0000, 0x0000, 0x0000, 0x0000, 0x0000, 0x0000, 0x0000, 0x0000,
  0x0000, 0x0000, 0x0000, 0x0000, 0x0000, 0x0000, 0x0000, 0x0000, 0x0000, 0x0000, 0x0000, 0x0000, 0x0000, 0x0000, 0x0000, 0x0000,
  0x0000, 0x0000, 0x0000, 0x0000, 0x0000, 0x0000, 0x0000, 0x0000, 0x0000, 0x0000, 0x0000, 0x0000, 0x0000, 0x0000, 0x0000, 0x0000,
  0x0000, 0x0000, 0x0000, 0x0000, 0x0000, 0x0000, 0x0000, 0x0000, 0x0000, 0x0000, 0x0000, 0x0000, 0x0000, 0x0000, 0x0000, 0x0000,
  0x0000, 0x0000, 0x0000, 0x0000, 0x0000, 0x0000, 0x0000, 0x0000, 0x0000, 0x0000, 0x0000, 0x0000, 0x0000, 0x0000, 0x0000, 0x0000,
  0x0000, 0x0000, 0x0000, 0x0000, 0x0000, 0x0000, 0x0000, 0x0000, 0x0000, 0x0000, 0x0000, 0x0000, 0x0000, 0x0000, 0x0000, 0x0000,
  0x0000, 0x0000, 0x0000, 0x0000, 0x0000, 0x0000, 0x0000, 0x0000, 0x0000, 0x0000, 0x0000, 0x0000, 0x0000, 0x0000, 0x0000, 0x0000,
  0x0000, 0x0000, 0x0000, 0x0000, 0x0000, 0x0000, 0x0000, 0x0000, 0x0000, 0x0000, 0x0000, 0x0000, 0x0000, 0x0000, 0x0000, 0x0000,
  0x0000, 0x0000, 0x0000, 0x0000, 0x0000, 0x0000, 0x0000, 0x0020, 0x0000, 0x0000, 0x0000, 0x0000, 0x0000, 0x2945, 0x3186, 0x0020,
  0x52aa, 0x31a6, 0x39a6, 0x73ae, 0x2965, 0x6b4d, 0xad54, 0xe73c, 0xe6fb, 0xe6fb, 0xe71b, 0xe71b, 0xdefa, 0xef5c, 0x8c71, 0x2944,
  0x2965, 0x3186, 0x18c3, 0x632c, 0x10a2, 0x2104, 0x3185, 0x0000, 0x0000, 0x0000, 0x0000, 0x0000, 0x0000, 0x0000, 0x0000, 0x0000,
  0x0000, 0x0000, 0x0000, 0x0000, 0x0000, 0x0000, 0x0000, 0x0000, 0x0000, 0x0000, 0x0000, 0x0000, 0x0000, 0x0000, 0x0000, 0x0000,
  0x0000, 0x0000, 0x0000, 0x0000, 0x0000, 0x0000, 0x0000, 0x0000, 0x0000, 0x0000, 0x0000, 0x0000, 0x0000, 0x0000, 0x0000, 0x0000,
  0x0000, 0x0000, 0x0000, 0x0000, 0x0000, 0x0000, 0x0000, 0x0000, 0x0000, 0x0000, 0x0000, 0x0000, 0x0000, 0x0000, 0x0000, 0x0000,
  0x0000, 0x0000, 0x0000, 0x0000, 0x0000, 0x0000, 0x0000, 0x0000, 0x0000, 0x0000, 0x0000, 0x0000, 0x0000, 0x0000, 0x0000, 0x0000,
  0x0000, 0x0000, 0x0000, 0x0000, 0x0000, 0x0000, 0x0000, 0x0000, 0x0000, 0x0000, 0x0000, 0x0000, 0x0000, 0x0000, 0x0000, 0x0000,
  0x0000, 0x0000, 0x0000, 0x0000, 0x0000, 0x0000, 0x0000, 0x0000, 0x0000, 0x0000, 0x0000, 0x0000, 0x0000, 0x0000, 0x0000, 0x0000,
  0x0000, 0x0000, 0x0000, 0x0000, 0x0000, 0x0000, 0x0000, 0x0000, 0x0000, 0x0000, 0x0000, 0x0000, 0x0000, 0x0000, 0x0000, 0x0000,
  0x0000, 0x0000, 0x0000, 0x0000, 0x0000, 0x0000, 0x0000, 0x0000, 0x0000, 0x0000, 0x0000, 0x0000, 0x0000, 0x0000, 0x0000, 0x0000,
  0x0000, 0x0000, 0x0000, 0x0000, 0x0000, 0x0000, 0x0000, 0x0000, 0x0000, 0x0000, 0x0000, 0x0000, 0x0000, 0x0000, 0x0000, 0x0000,
  0x0000, 0x0000, 0x0000, 0x0000, 0x0000, 0x0000, 0x0000, 0x0000, 0x0000, 0x0000, 0x0000, 0x0000, 0x0000, 0x0000, 0x0000, 0x0000,
  0x0000, 0x0000, 0x0000, 0x0000, 0x0000, 0x0000, 0x0000, 0x0000, 0x0000, 0x0000, 0x0000, 0x0000, 0x0000, 0x0000, 0x0000, 0x0000,
  0x0000, 0x0000, 0x0000, 0x0000, 0x0000, 0x0000, 0x1082, 0x4228, 0x41e7, 0xc5f7, 0xffbd, 0xad13, 0x9cb2, 0x9cb2, 0xce58, 0xce16,
  0xd677, 0xbdb5, 0xb573, 0xbd94, 0xbd94, 0xbd94, 0xbd94, 0xbd94, 0xbd94, 0xbd94, 0xbdb4, 0xd657, 0xd677, 0xde99, 0xb574, 0x9cd2,
  0x9c91, 0xdeba, 0xef5c, 0x4208, 0x4a28, 0x528a, 0x0000, 0x0000, 0x0000, 0x0000, 0x0000, 0x0000, 0x0000, 0x0000, 0x0000, 0x0000,
  0x0000, 0x0000, 0x0000, 0x0000, 0x0000, 0x0000, 0x0000, 0x0000, 0x0000, 0x0000, 0x0000, 0x0000, 0x0000, 0x0000, 0x0000, 0x0000,
  0x0000, 0x0000, 0x0000, 0x0000, 0x0000, 0x0000, 0x0000, 0x0000, 0x0000, 0x0000, 0x0000, 0x0000, 0x0000, 0x0000, 0x0000, 0x0000,
  0x0000, 0x0000, 0x0000, 0x0000, 0x0000, 0x0000, 0x0000, 0x0000, 0x0000, 0x0000, 0x0000, 0x0000, 0x0000, 0x0000, 0x0000, 0x0000,
  0x0000, 0x0000, 0x0000, 0x0000, 0x0000, 0x0000, 0x0000, 0x0000, 0x0000, 0x0000, 0x0000, 0x0000, 0x0000, 0x0000, 0x0000, 0x0000,
  0x0000, 0x0000, 0x0000, 0x0000, 0x0000, 0x0000, 0x0000, 0x0000, 0x0000, 0x0000, 0x0000, 0x0000, 0x0000, 0x0000, 0x0000, 0x0000,
  0x0000, 0x0000, 0x0000, 0x0000, 0x0000, 0x0000, 0x0000, 0x0000, 0x0000, 0x0000, 0x0000, 0x0000, 0x0000, 0x0000, 0x0000, 0x0000,
  0x0000, 0x0000, 0x0000, 0x0000, 0x0000, 0x0000, 0x0000, 0x0000, 0x0000, 0x0000, 0x0000, 0x0000, 0x0000, 0x0000, 0x0000, 0x0000,
  0x0000, 0x0000, 0x0000, 0x0000, 0x0000, 0x0000, 0x0000, 0x0000, 0x0000, 0x0000, 0x0000, 0x0000, 0x0000, 0x0000, 0x0000, 0x0000,
  0x0000, 0x0000, 0x0000, 0x0000, 0x0000, 0x0000, 0x0000, 0x0000, 0x0000, 0x0000, 0x0000, 0x0000, 0x0000, 0x0000, 0x0000, 0x0000,
  0x0000, 0x0000, 0x0000, 0x0000, 0x0000, 0x0000, 0x0000, 0x0000, 0x0000, 0x0000, 0x0000, 0x0000, 0x0000, 0x0000, 0x0000, 0x0000,
  0x0000, 0x0000, 0x0000, 0x0000, 0x0000, 0x0000, 0x0000, 0x0000, 0x0000, 0x0000, 0x0000, 0x2944, 0x18c3, 0x0000, 0x2124, 0x52aa,
  0x8c50, 0xb574, 0xb554, 0xdeb9, 0xd657, 0xc5d5, 0xbd95, 0xcdf6, 0xcdf6, 0xc5d6, 0xbd94, 0xbdb4, 0xbdb4, 0xbdb4, 0xbdb4, 0xc5b4,
  0xc5b4, 0xc5b4, 0xc5b4, 0xc5b4, 0xc5b4, 0xc5b4, 0xc5b4, 0xc5b4, 0xbd93, 0xbd73, 0xc5d5, 0xcdf6, 0xce16, 0xc5b5, 0xc5b5, 0xd658,
  0xce37, 0x9cb1, 0xad33, 0x840f, 0x5269, 0x4a48, 0x0000, 0x0000, 0x0000, 0x0020, 0x0020, 0x0000, 0x0000, 0x0000, 0x0000, 0x0000,
  0x0000, 0x0000, 0x0000, 0x0000, 0x0000, 0x0000, 0x0000, 0x0000, 0x0000, 0x0000, 0x0000, 0x0000, 0x0000, 0x0000, 0x0000, 0x0000,
  0x0000, 0x0000, 0x0000, 0x0000, 0x0000, 0x0000, 0x0000, 0x0000, 0x0000, 0x0000, 0x0000, 0x0000, 0x0000, 0x0000, 0x0000, 0x0000,
  0x0000, 0x0000, 0x0000, 0x0000, 0x0000, 0x0000, 0x0000, 0x0000, 0x0000, 0x0000, 0x0000, 0x0000, 0x0000, 0x0000, 0x0000, 0x0000,
  0x0000, 0x0000, 0x0000, 0x0000, 0x0000, 0x0000, 0x0000, 0x0000, 0x0000, 0x0000, 0x0000, 0x0000, 0x0000, 0x0000, 0x0000, 0x0000,
  0x0000, 0x0000, 0x0000, 0x0000, 0x0000, 0x0000, 0x0000, 0x0000, 0x0000, 0x0000, 0x0000, 0x0000, 0x0000, 0x0000, 0x0000, 0x0000,
  0x0000, 0x0000, 0x0000, 0x0000, 0x0000, 0x0000, 0x0000, 0x0000, 0x0000, 0x0000, 0x0000, 0x0000, 0x0000, 0x0000, 0x0000, 0x0000,
  0x0000, 0x0000, 0x0000, 0x0000, 0x0000, 0x0000, 0x0000, 0x0000, 0x0000, 0x0000, 0x0000, 0x0000, 0x0000, 0x0000, 0x0000, 0x0000,
  0x0000, 0x0000, 0x0000, 0x0000, 0x0000, 0x0000, 0x0000, 0x0000, 0x0000, 0x0000, 0x0000, 0x0000, 0x0000, 0x0000, 0x0000, 0x0000,
  0x0000, 0x0000, 0x0000, 0x0000, 0x0000, 0x0000, 0x0000, 0x0000, 0x0000, 0x0000, 0x0000, 0x0000, 0x0000, 0x0000, 0x0000, 0x0000,
  0x0000, 0x0000, 0x0000, 0x0000, 0x0000, 0x0000, 0x0000, 0x0000, 0x0000, 0x0000, 0x0000, 0x0000, 0x0000, 0x0000, 0x0000, 0x0000,
  0x0000, 0x0000, 0x0000, 0x0000, 0x1082, 0x0861, 0x4228, 0x8c30, 0xbd95, 0xc5d5, 0xc5d5, 0xde98, 0xce16, 0xc5f5, 0xc5d4, 0xbd73,
  0xbd74, 0xc594, 0xc595, 0xc594, 0xc595, 0xc594, 0xc5b5, 0xc5d4, 0xc5d4, 0xc5d4, 0xc5d4, 0xc5d4, 0xc5d4, 0xc5d4, 0xcdd4, 0xcdd4,
  0xcdd4, 0xcdd4, 0xc5b4, 0xc5b4, 0xc5b4, 0xc5b4, 0xc595, 0xc594, 0xc594, 0xc5b5, 0xc5b5, 0xc594, 0xc594, 0xc5d5, 0xc5d5, 0xce16,
  0xde77, 0xd657, 0xb553, 0xc5d6, 0x7bad, 0xa4f2, 0x39e7, 0x18c3, 0x0000, 0x0000, 0x0000, 0x0000, 0x0000, 0x0000, 0x0000, 0x0000,
  0x0000, 0x0000, 0x0000, 0x0000, 0x0000, 0x0000, 0x0000, 0x0000, 0x0000, 0x0000, 0x0000, 0x0000, 0x0000, 0x0000, 0x0000, 0x0000,
  0x0000, 0x0000, 0x0000, 0x0000, 0x0000, 0x0000, 0x0000, 0x0000, 0x0000, 0x0000, 0x0000, 0x0000, 0x0000, 0x0000, 0x0000, 0x0000,
  0x0000, 0x0000, 0x0000, 0x0000, 0x0000, 0x0000, 0x0000, 0x0000, 0x0000, 0x0000, 0x0000, 0x0000, 0x0000, 0x0000, 0x0000, 0x0000,
  0x0000, 0x0000, 0x0000, 0x0000, 0x0000, 0x0000, 0x0000, 0x0000, 0x0000, 0x0000, 0x0000, 0x0000, 0x0000, 0x0000, 0x0000, 0x0000,
  0x0000, 0x0000, 0x0000, 0x0000, 0x0000, 0x0000, 0x0000, 0x0000, 0x0000, 0x0000, 0x0000, 0x0000, 0x0000, 0x0000, 0x0000, 0x0000,
  0x0000, 0x0000, 0x0000, 0x0000, 0x0000, 0x0000, 0x0000, 0x0000, 0x0000, 0x0000, 0x0000, 0x0000, 0x0000, 0x0000, 0x0000, 0x0000,
  0x0000, 0x0000, 0x0000, 0x0000, 0x0000, 0x0000, 0x0000, 0x0000, 0x0000, 0x0000, 0x0000, 0x0000, 0x0000, 0x0000, 0x0000, 0x0000,
  0x0000, 0x0000, 0x0000, 0x0000, 0x0000, 0x0000, 0x0000, 0x0000, 0x0000, 0x0000, 0x0000, 0x0000, 0x0000, 0x0000, 0x0000, 0x0000,
  0x0000, 0x0000, 0x0000, 0x0000, 0x0000, 0x0000, 0x0000, 0x0000, 0x0000, 0x0000, 0x0000, 0x0000, 0x0000, 0x0000, 0x0000, 0x0000,
  0x0000, 0x0000, 0x0000, 0x0000, 0x0000, 0x0000, 0x0000, 0x0000, 0x0000, 0x0000, 0x0000, 0x0000, 0x0000, 0x39e7, 0x18c3, 0x6b2c,
  0x8c30, 0x9cd1, 0xc5d5, 0xd636, 0xcdf5, 0xc5b4, 0xc594, 0xbd93, 0xbd94, 0xc5b4, 0xc5b4, 0xc5b4, 0xcdb5, 0xcdb5, 0xcdb5, 0xcdb5,
  0xcdd5, 0xcdd5, 0xcdd5, 0xcdd5, 0xcdd5, 0xcdd5, 0xcdd5, 0xcdf5, 0xcdf5, 0xcdf5, 0xcdd5, 0xcdd5, 0xcdd5, 0xcdd5, 0xcdd5, 0xcdd5,
  0xcdd5, 0xcdd5, 0xcdd5, 0xcdd5, 0xcdd5, 0xcdd5, 0xcdd5, 0xcdd5, 0xcdb5, 0xc5b4, 0xc5b4, 0xbd94, 0xbd73, 0xbd94, 0xc5d4, 0xc5d5,
  0xd657, 0xcdf5, 0xb594, 0x8c2f, 0x630b, 0x18c3, 0x2945, 0x2965, 0x0000, 0x0020, 0x0000, 0x0000, 0x0000, 0x0000, 0x0000, 0x0000,
  0x0000, 0x0000, 0x0000, 0x0000, 0x0000, 0x0000, 0x0000, 0x0000, 0x0000, 0x0000, 0x0000, 0x0000, 0x0000, 0x0000, 0x0000, 0x0000,
  0x0000, 0x0000, 0x0000, 0x0000, 0x0000, 0x0000, 0x0000, 0x0000, 0x0000, 0x0000, 0x0000, 0x0000, 0x0000, 0x0000, 0x0000, 0x0000,
  0x0000, 0x0000, 0x0000, 0x0000, 0x0000, 0x0000, 0x0000, 0x0000, 0x0000, 0x0000, 0x0000, 0x0000, 0x0000, 0x0000, 0x0000, 0x0000,
  0x0000, 0x0000, 0x0000, 0x0000, 0x0000, 0x0000, 0x0000, 0x0000, 0x0000, 0x0000, 0x0000, 0x0000, 0x0000, 0x0000, 0x0000, 0x0000,
  0x0000, 0x0000, 0x0000, 0x0000, 0x0000, 0x0000, 0x0000, 0x0000, 0x0000, 0x0000, 0x0000, 0x0000, 0x0000, 0x0000, 0x0000, 0x0000,
  0x0000, 0x0000, 0x0000, 0x0000, 0x0000, 0x0000, 0x0000, 0x0000, 0x0000, 0x0000, 0x0000, 0x0000, 0x0000, 0x0000, 0x0000, 0x0000,
  0x0000, 0x0000, 0x0000, 0x0000, 0x0000, 0x0000, 0x0000, 0x0000, 0x0000, 0x0000, 0x0000, 0x0000, 0x0000, 0x0000, 0x0000, 0x0000,
  0x0000, 0x0000, 0x0000, 0x0000, 0x0000, 0x0000, 0x0000, 0x0000, 0x0000, 0x0000, 0x0000, 0x0000, 0x0000, 0x0000, 0x0000, 0x0000,
  0x0000, 0x0000, 0x0000, 0x0000, 0x0000, 0x0000, 0x0000, 0x0000, 0x0000, 0x0000, 0x0000, 0x0000, 0x0000, 0x0000, 0x0000, 0x0000,
  0x0000, 0x0000, 0x0000, 0x0000, 0x0000, 0x0000, 0x0000, 0x2104, 0x94b2, 0xef5c, 0xd698, 0xde98, 0xd677, 0xcdf5, 0xc594, 0xbd93,
  0xc594, 0xc5b4, 0xcdb5, 0xcdb5, 0xcdb5, 0xcdb5, 0xcdd6, 0xcdd6, 0xcdd5, 0xcdd5, 0xcdd5, 0xcdd5, 0xcdd5, 0xcdd5, 0xcdd5, 0xcdf6,
  0xcdf6, 0xcdf6, 0xcdf6, 0xcdf6, 0xcdf6, 0xcdf6, 0xcdf6, 0xcdf6, 0xcdf6, 0xcdf6, 0xcdf6, 0xcdf6, 0xcdf6, 0xcdf6, 0xcdd5, 0xcdd5,
  0xcdd5, 0xcdd5, 0xcdd5, 0xcdd5, 0xcdd6, 0xcdd6, 0xcdb5, 0xcdd6, 0xcdd6, 0xcdd5, 0xc5b5, 0xc594, 0xbd73, 0xc594, 0xc5d4, 0xce36,
  0xd677, 0xce37, 0xa513, 0x6b4c, 0x2104, 0x0000, 0x0000, 0x0000, 0x0000, 0x0000, 0x0000, 0x0000, 0x0000, 0x0000, 0x0000, 0x0000,
  0x0000, 0x0000, 0x0000, 0x0000, 0x0000, 0x0000, 0x0000, 0x0000, 0x0000, 0x0000, 0x0000, 0x0000, 0x0000, 0x0000, 0x0000, 0x0000,
  0x0000, 0x0000, 0x0000, 0x0000, 0x0000, 0x0000, 0x0000, 0x0000, 0x0000, 0x0000, 0x0000, 0x0000, 0x0000, 0x0000, 0x0000, 0x0000,
  0x0000, 0x0000, 0x0000, 0x0000, 0x0000, 0x0000, 0x0000, 0x0000, 0x0000, 0x0000, 0x0000, 0x0000, 0x0000, 0x0000, 0x0000, 0x0000,
  0x0000, 0x0000, 0x0000, 0x0000, 0x0000, 0x0000, 0x0000, 0x0000, 0x0000, 0x0000, 0x0000, 0x0000, 0x0000, 0x0000, 0x0000, 0x0000,
  0x0000, 0x0000, 0x0000, 0x0000, 0x0000, 0x0000, 0x0000, 0x0000, 0x0000, 0x0000, 0x0000, 0x0000, 0x0000, 0x0000, 0x0000, 0x0000,
  0x0000, 0x0000, 0x0000, 0x0000, 0x0000, 0x0000, 0x0000, 0x0000, 0x0000, 0x0000, 0x0000, 0x0000, 0x0000, 0x0000, 0x0000, 0x0000,
  0x0000, 0x0000, 0x0000, 0x0000, 0x0000, 0x0000, 0x0000, 0x0000, 0x0000, 0x0000, 0x0000, 0x0000, 0x0000, 0x0000, 0x0000, 0x0000,
  0x0000, 0x0000, 0x0000, 0x0000, 0x0000, 0x0000, 0x0000, 0x0000, 0x0000, 0x0000, 0x0000, 0x0000, 0x0000, 0x0000, 0x0000, 0x0000,
  0x0000, 0x0000, 0x0000, 0x0000, 0x0000, 0x0000, 0x0000, 0x0000, 0x0000, 0x0000, 0x0000, 0x0000, 0x0000, 0x0000, 0x0000, 0x0000,
  0x1061, 0x4208, 0x5289, 0xe6fa, 0xe6da, 0xc5b5, 0xbd94, 0xbd73, 0xbd73, 0xc594, 0xc5b4, 0xc5b4, 0xcdb5, 0xcdd5, 0xcdd5, 0xcdd5,
  0xcdd5, 0xcdd5, 0xcdf5, 0xcdf6, 0xcdf6, 0xcdf6, 0xcdf6, 0xcdf6, 0xcdf6, 0xcdf6, 0xce16, 0xcdf6, 0xcdf6, 0xce17, 0xce17, 0xce17,
  0xce17, 0xce17, 0xce17, 0xce17, 0xce17, 0xce17, 0xce17, 0xce17, 0xce17, 0xce16, 0xce16, 0xce16, 0xce16, 0xcdf6, 0xcdf6, 0xcdf6,
  0xcdf6, 0xcdd6, 0xcdd6, 0xcdd6, 0xcdb6, 0xcdd6, 0xcdd6, 0xcdb5, 0xcdb5, 0xcdb4, 0xc5b4, 0xbd74, 0xbd94, 0xbd94, 0xcdf6, 0xd637,
  0xd679, 0x8c30, 0x2104, 0x0000, 0x0000, 0x0000, 0x0000, 0x0000, 0x0000, 0x0000, 0x0000, 0x0000, 0x0000, 0x0000, 0x0000, 0x0000,
  0x0000, 0x0000, 0x0000, 0x0000, 0x0000, 0x0000, 0x0000, 0x0000, 0x0000, 0x0000, 0x0000, 0x0000, 0x0000, 0x0000, 0x0000, 0x0000,
  0x0000, 0x0000, 0x0000, 0x0000, 0x0000, 0x0000, 0x0000, 0x0000, 0x0000, 0x0000, 0x0000, 0x0000, 0x0000, 0x0000, 0x0000, 0x0000,
  0x0000, 0x0000, 0x0000, 0x0000, 0x0000, 0x0000, 0x0000, 0x0000, 0x0000, 0x0000, 0x0000, 0x0000, 0x0000, 0x0000, 0x0000, 0x0000,
  0x0000, 0x0000, 0x0000, 0x0000, 0x0000, 0x0000, 0x0000, 0x0000, 0x0000, 0x0000, 0x0000, 0x0000, 0x0000, 0x0000, 0x0000, 0x0000,
  0x0000, 0x0000, 0x0000, 0x0000, 0x0000, 0x0000, 0x0000, 0x0000, 0x0000, 0x0000, 0x0000, 0x0000, 0x0000, 0x0000, 0x0000, 0x0000,
  0x0000, 0x0000, 0x0000, 0x0000, 0x0000, 0x0000, 0x0000, 0x0000, 0x0000, 0x0000, 0x0000, 0x0000, 0x0000, 0x0000, 0x0000, 0x0000,
  0x0000, 0x0000, 0x0000, 0x0000, 0x0000, 0x0000, 0x0000, 0x0000, 0x0000, 0x0000, 0x0000, 0x0000, 0x0000, 0x0000, 0x0000, 0x0000,
  0x0000, 0x0000, 0x0000, 0x0000, 0x0000, 0x0000, 0x0000, 0x0000, 0x0000, 0x0000, 0x0000, 0x0000, 0x0000, 0x0000, 0x0000, 0x0000,
  0x0000, 0x0000, 0x0000, 0x0000, 0x0000, 0x0000, 0x0000, 0x0020, 0x0000, 0x0000, 0x0000, 0x3186, 0xbd95, 0xce37, 0xde78, 0xc594,
  0xbd74, 0xc594, 0xc594, 0xc5b4, 0xc5b4, 0xcdb5, 0xcdd5, 0xcdd5, 0xcdd5, 0xcdd5, 0xcdf5, 0xcdf5, 0xcdf5, 0xcdf5, 0xce16, 0xce16,
  0xcdf6, 0xce17, 0xce17, 0xce17, 0xce17, 0xce17, 0xd617, 0xd617, 0xd617, 0xd617, 0xd617, 0xd637, 0xd637, 0xd637, 0xd637, 0xd637,
  0xd637, 0xd637, 0xd637, 0xd637, 0xd637, 0xd637, 0xce16, 0xce16, 0xce16, 0xce16, 0xce16, 0xce16, 0xcdf6, 0xd5f6, 0xcdf6, 0xcdf6,
  0xcdf6, 0xcdf6, 0xcdd6, 0xcdd6, 0xcdd5, 0xcdd5, 0xcdb5, 0xcdb5, 0xcdb5, 0xc5b5, 0xc594, 0xbd74, 0xbd74, 0xd637, 0xc5d6, 0xb554,
  0x8c30, 0x2104, 0x0000, 0x0000, 0x0000, 0x0000, 0x0000, 0x0000, 0x0000, 0x0000, 0x0000, 0x0000, 0x0000, 0x0000, 0x0000, 0x0000,
  0x0000, 0x0000, 0x0000, 0x0000, 0x0000, 0x0000, 0x0000, 0x0000, 0x0000, 0x0000, 0x0000, 0x0000, 0x0000, 0x0000, 0x0000, 0x0000,
  0x0000, 0x0000, 0x0000, 0x0000, 0x0000, 0x0000, 0x0000, 0x0000, 0x0000, 0x0000, 0x0000, 0x0000, 0x0000, 0x0000, 0x0000, 0x0000,
  0x0000, 0x0000, 0x0000, 0x0000, 0x0000, 0x0000, 0x0000, 0x0000, 0x0000, 0x0000, 0x0000, 0x0000, 0x0000, 0x0000, 0x0000, 0x0000,
  0x0000, 0x0000, 0x0000, 0x0000, 0x0000, 0x0000, 0x0000, 0x0000, 0x0000, 0x0000, 0x0000, 0x0000, 0x0000, 0x0000, 0x0000, 0x0000,
  0x0000, 0x0000, 0x0000, 0x0000, 0x0000, 0x0000, 0x0000, 0x0000, 0x0000, 0x0000, 0x0000, 0x0000, 0x0000, 0x0000, 0x0000, 0x0000,
  0x0000, 0x0000, 0x0000, 0x0000, 0x0000, 0x0000, 0x0000, 0x0000, 0x0000, 0x0000, 0x0000, 0x0000, 0x0000, 0x0000, 0x0000, 0x0000,
  0x0000, 0x0000, 0x0000, 0x0000, 0x0000, 0x0000, 0x0000, 0x0000, 0x0000, 0x0000, 0x0000, 0x0000, 0x0000, 0x0000, 0x0000, 0x0000,
  0x0000, 0x0000, 0x0000, 0x0000, 0x0000, 0x0000, 0x0000, 0x0000, 0x0000, 0x0000, 0x0000, 0x0000, 0x0000, 0x0000, 0x0000, 0x0000,
  0x0000, 0x0000, 0x0000, 0x0000, 0x0000, 0x2124, 0xb595, 0xce17, 0xd637, 0xc5b5, 0xbd74, 0xc594, 0xc5b5, 0xc5b5, 0xcdd5, 0xcdd5,
  0xcdd5, 0xcdd5, 0xcdf5, 0xcdf5, 0xcdf6, 0xcdf6, 0xcdf6, 0xce16, 0xce16, 0xce16, 0xd636, 0xce37, 0xd617, 0xd637, 0xd637, 0xd637,
  0xd637, 0xd637, 0xd637, 0xd638, 0xde58, 0xd638, 0xd638, 0xd638, 0xd658, 0xd658, 0xd658, 0xd658, 0xd658, 0xd658, 0xd658, 0xd658,
  0xd658, 0xd637, 0xd637, 0xd637, 0xd637, 0xd637, 0xd637, 0xd637, 0xd637, 0xd637, 0xd617, 0xd617, 0xd617, 0xd617, 0xd5f6, 0xcdf6,
  0xcdf6, 0xcdf6, 0xcdd5, 0xcdd5, 0xcdd5, 0xcdd5, 0xcdd5, 0xc5b5, 0xc594, 0xbd74, 0xc5d5, 0xcdf6, 0xd678, 0xde99, 0x6b6d, 0x0841,
  0x0000, 0x0000, 0x0000, 0x0000, 0x0000, 0x0000, 0x0000, 0x0000, 0x0000, 0x0000, 0x0000, 0x0000, 0x0000, 0x0000, 0x0000, 0x0000,
  0x0000, 0x0000, 0x0000, 0x0000, 0x0000, 0x0000, 0x0000, 0x0000, 0x0000, 0x0000, 0x0000, 0x0000, 0x0000, 0x0000, 0x0000, 0x0000,
  0x0000, 0x0000, 0x0000, 0x0000, 0x0000, 0x0000, 0x0000, 0x0000, 0x0000, 0x0000, 0x0000, 0x0000, 0x0000, 0x0000, 0x0000, 0x0000,
  0x0000, 0x0000, 0x0000, 0x0000, 0x0000, 0x0000, 0x0000, 0x0000, 0x0000, 0x0000, 0x0000, 0x0000, 0x0000, 0x0000, 0x0000, 0x0000,
  0x0000, 0x0000, 0x0000, 0x0000, 0x0000, 0x0000, 0x0000, 0x0000, 0x0000, 0x0000, 0x0000, 0x0000, 0x0000, 0x0000, 0x0000, 0x0000,
  0x0000, 0x0000, 0x0000, 0x0000, 0x0000, 0x0000, 0x0000, 0x0000, 0x0000, 0x0000, 0x0000, 0x0000, 0x0000, 0x0000, 0x0000, 0x0000,
  0x0000, 0x0000, 0x0000, 0x0000, 0x0000, 0x0000, 0x0000, 0x0000, 0x0000, 0x0000, 0x0000, 0x0000, 0x0000, 0x0000, 0x0000, 0x0000,
  0x0000, 0x0000, 0x0000, 0x0000, 0x0000, 0x0000, 0x0000, 0x0000, 0x0000, 0x0000, 0x0000, 0x0000, 0x0000, 0x0000, 0x0000, 0x0000,
  0x0000, 0x0000, 0x0000, 0x0000, 0x0000, 0x0000, 0x0000, 0x0000, 0x0000, 0x0000, 0x0000, 0x0000, 0x0020, 0x0020, 0x0020, 0x738d,
  0xb574, 0xcdf6, 0xce16, 0xbd95, 0xbd94, 0xc5b4, 0xc5b4, 0xcdb5, 0xcdd5, 0xcdd5, 0xcdd5, 0xcdf5, 0xcdf5, 0xcdf6, 0xcdf6, 0xce16,
  0xd616, 0xd616, 0xd616, 0xd617, 0xd637, 0xd637, 0xd657, 0xd657, 0xd637, 0xd657, 0xd658, 0xd658, 0xd658, 0xd658, 0xd658, 0xde58,
  0xe679, 0xde38, 0xde58, 0xd658, 0xd658, 0xd658, 0xd658, 0xd658, 0xd658, 0xd658, 0xd658, 0xd658, 0xd658, 0xd658, 0xd658, 0xd658,
  0xd658, 0xd658, 0xd658, 0xd657, 0xd657, 0xd658, 0xd638, 0xd637, 0xd637, 0xd637, 0xd617, 0xd617, 0xce16, 0xce16, 0xcdf6, 0xcdf6,
  0xcdf6, 0xcdf6, 0xcdd6, 0xcdd5, 0xcdd5, 0xcdb5, 0xc5b5, 0xc594, 0xbd73, 0xc5b5, 0xce16, 0xce37, 0x62eb, 0x1082, 0x0000, 0x0000,
  0x0000, 0x0000, 0x0000, 0x0000, 0x0000, 0x0000, 0x0000, 0x0000, 0x0000, 0x0000, 0x0000, 0x0000, 0x0000, 0x0000, 0x0000, 0x0000,
  0x0000, 0x0000, 0x0000, 0x0000, 0x0000, 0x0000, 0x0000, 0x0000, 0x0000, 0x0000, 0x0000, 0x0000, 0x0000, 0x0000, 0x0000, 0x0000,
  0x0000, 0x0000, 0x0000, 0x0000, 0x0000, 0x0000, 0x0000, 0x0000, 0x0000, 0x0000, 0x0000, 0x0000, 0x0000, 0x0000, 0x0000, 0x0000,
  0x0000, 0x0000, 0x0000, 0x0000, 0x0000, 0x0000, 0x0000, 0x0000, 0x0000, 0x0000, 0x0000, 0x0000, 0x0000, 0x0000, 0x0000, 0x0000,
  0x0000, 0x0000, 0x0000, 0x0000, 0x0000, 0x0000, 0x0000, 0x0000, 0x0000, 0x0000, 0x0000, 0x0000, 0x0000, 0x0000, 0x0000, 0x0000,
  0x0000, 0x0000, 0x0000, 0x0000, 0x0000, 0x0000, 0x0000, 0x0000, 0x0000, 0x0000, 0x0000, 0x0000, 0x0000, 0x0000, 0x0000, 0x0000,
  0x0000, 0x0000, 0x0000, 0x0000, 0x0000, 0x0000, 0x0000, 0x0000, 0x0000, 0x0000, 0x0000, 0x0000, 0x0000, 0x0000, 0x0000, 0x0000,
  0x0000, 0x0000, 0x0000, 0x0000, 0x0000, 0x0000, 0x0000, 0x0000, 0x0000, 0x0000, 0x0000, 0x0000, 0x0000, 0x0000, 0x0000, 0x0000,
  0x0000, 0x0000, 0x0000, 0x0000, 0x0000, 0x0000, 0x0000, 0x0000, 0x0000, 0x4208, 0x9471, 0xdeb9, 0xcdf6, 0xc5b5, 0xc594, 0xc5b5,
  0xcdd5, 0xcdb5, 0xcdb5, 0xcdd5, 0xcdd5, 0xcdf5, 0xcdf6, 0xcdf6, 0xce16, 0xce16, 0xd616, 0xd636, 0xd617, 0xd637, 0xd617, 0xd637,
  0xd637, 0xd637, 0xd657, 0xd658, 0xd658, 0xd658, 0xd658, 0xd678, 0xd678, 0xd678, 0xde78, 0xde58, 0xde38, 0xde38, 0xde79, 0xde79,
  0xde79, 0xde79, 0xd679, 0xd679, 0xd679, 0xd679, 0xd678, 0xd679, 0xd679, 0xd678, 0xd678, 0xd678, 0xd678, 0xd658, 0xd658, 0xd658,
  0xd658, 0xd658, 0xd638, 0xd637, 0xd637, 0xd638, 0xd637, 0xd617, 0xd637, 0xd617, 0xce16, 0xce16, 0xce16, 0xce16, 0xcdf6, 0xcdf6,
  0xcdd6, 0xcdd5, 0xcdd5, 0xcdd5, 0xc5d5, 0xc594, 0xbd94, 0xc5d5, 0xcdf6, 0xd658, 0x52aa, 0x0020, 0x0000, 0x0000, 0x0000, 0x0000,
  0x0000, 0x0000, 0x0000, 0x0000, 0x0000, 0x0000, 0x0000, 0x0000, 0x0000, 0x0000, 0x0000, 0x0000, 0x0000, 0x0000, 0x0000, 0x0000,
  0x0000, 0x0000, 0x0000, 0x0000, 0x0000, 0x0000, 0x0000, 0x0000, 0x0000, 0x0000, 0x0000, 0x0000, 0x0000, 0x0000, 0x0000, 0x0000,
  0x0000, 0x0000, 0x0000, 0x0000, 0x0000, 0x0000, 0x0000, 0x0000, 0x0000, 0x0000, 0x0000, 0x0000, 0x0000, 0x0000, 0x0000, 0x0000,
  0x0000, 0x0000, 0x0000, 0x0000, 0x0000, 0x0000, 0x0000, 0x0000, 0x0000, 0x0000, 0x0000, 0x0000, 0x0000, 0x0000, 0x0000, 0x0000,
  0x0000, 0x0000, 0x0000, 0x0000, 0x0000, 0x0000, 0x0000, 0x0000, 0x0000, 0x0000, 0x0000, 0x0000, 0x0000, 0x0000, 0x0000, 0x0000,
  0x0000, 0x0000, 0x0000, 0x0000, 0x0000, 0x0000, 0x0000, 0x0000, 0x0000, 0x0000, 0x0000, 0x0000, 0x0000, 0x0000, 0x0000, 0x0000,
  0x0000, 0x0000, 0x0000, 0x0000, 0x0000, 0x0000, 0x0000, 0x0000, 0x0000, 0x0000, 0x0000, 0x0000, 0x0000, 0x0000, 0x0000, 0x0000,
  0x0000, 0x0000, 0x0000, 0x0000, 0x0000, 0x0000, 0x0000, 0x0000, 0x0000, 0x0000, 0x0000, 0x0000, 0x0000, 0x0000, 0x0000, 0x0000,
  0x0020, 0x0000, 0x18e3, 0x39c6, 0x83ef, 0xc5f6, 0xce16, 0xbd74, 0xbd94, 0xc5b5, 0xcdb5, 0xcdd5, 0xcdd5, 0xcdd5, 0xcdd5, 0xcdf5,
  0xcdf6, 0xce16, 0xce16, 0xce16, 0xce36, 0xd637, 0xd637, 0xd657, 0xd617, 0xd637, 0xde58, 0xd658, 0xd658, 0xd658, 0xd658, 0xd678,
  0xd678, 0xd678, 0xd678, 0xd678, 0xde79, 0xde79, 0xde79, 0xde59, 0xde58, 0xde38, 0xde79, 0xde79, 0xde79, 0xde79, 0xde99, 0xde99,
  0xde99, 0xde99, 0xde79, 0xd679, 0xd679, 0xde99, 0xde79, 0xde79, 0xde79, 0xd679, 0xd679, 0xd679, 0xd679, 0xde58, 0xd658, 0xd658,
  0xd658, 0xd658, 0xd638, 0xd638, 0xd637, 0xd637, 0xd637, 0xd637, 0xd637, 0xce17, 0xce17, 0xcdf6, 0xd5f6, 0xcdf6, 0xcdf6, 0xcdd5,
  0xcdd5, 0xcdd5, 0xc5b4, 0xc5b4, 0xbd94, 0xc5b5, 0xd657, 0xb554, 0x5289, 0x0020, 0x0000, 0x0000, 0x0000, 0x0000, 0x0000, 0x0000,
  0x0000, 0x0000, 0x0000, 0x0000, 0x0000, 0x0000, 0x0000, 0x0000, 0x0000, 0x0000, 0x0000, 0x0000, 0x0000, 0x0000, 0x0000, 0x0000,
  0x0000, 0x0000, 0x0000, 0x0000, 0x0000, 0x0000, 0x0000, 0x0000, 0x0000, 0x0000, 0x0000, 0x0000, 0x0000, 0x0000, 0x0000, 0x0000,
  0x0000, 0x0000, 0x0000, 0x0000, 0x0000, 0x0000, 0x0000, 0x0000, 0x0000, 0x0000, 0x0000, 0x0000, 0x0000, 0x0000, 0x0000, 0x0000,
  0x0000, 0x0000, 0x0000, 0x0000, 0x0000, 0x0000, 0x0000, 0x0000, 0x0000, 0x0000, 0x0000, 0x0000, 0x0000, 0x0000, 0x0000, 0x0000,
  0x0000, 0x0000, 0x0000, 0x0000, 0x0000, 0x0000, 0x0000, 0x0000, 0x0000, 0x0000, 0x0000, 0x0000, 0x0000, 0x0000, 0x0000, 0x0000,
  0x0000, 0x0000, 0x0000, 0x0000, 0x0000, 0x0000, 0x0000, 0x0000, 0x0000, 0x0000, 0x0000, 0x0000, 0x0000, 0x0000, 0x0000, 0x0000,
  0x0000, 0x0000, 0x0000, 0x0000, 0x0000, 0x0000, 0x0000, 0x0000, 0x0000, 0x0000, 0x0000, 0x0000, 0x0000, 0x0000, 0x0000, 0x0000,
  0x0000, 0x0000, 0x0000, 0x0000, 0x0000, 0x0000, 0x0000, 0x0000, 0x0000, 0x0000, 0x0000, 0x0000, 0x0000, 0x31a6, 0xe6fa, 0xe6b8,
  0xd636, 0xc5b4, 0xbd74, 0xc5b4, 0xc5b4, 0xc5b5, 0xcdd5, 0xcdf5, 0xcdf6, 0xcdf6, 0xcdf6, 0xd616, 0xd616, 0xce17, 0xce37, 0xd637,
  0xd637, 0xd657, 0xd657, 0xd658, 0xd657, 0xd637, 0xde58, 0xde58, 0xde58, 0xde78, 0xde78, 0xde99, 0xd699, 0xd699, 0xd699, 0xde99,
  0xde99, 0xde99, 0xde99, 0xe69a, 0xde59, 0xd618, 0xde79, 0xde99, 0xde99, 0xde99, 0xde99, 0xde99, 0xde99, 0xde9a, 0xde99, 0xd679,
  0xde99, 0xde99, 0xde99, 0xde99, 0xde99, 0xde99, 0xde99, 0xde99, 0xde99, 0xde79, 0xde79, 0xd679, 0xd679, 0xd679, 0xd658, 0xd658,
  0xd658, 0xd658, 0xd658, 0xd657, 0xd657, 0xd637, 0xce37, 0xd637, 0xd617, 0xd616, 0xd5f6, 0xcdf6, 0xcdf5, 0xcdd5, 0xcdd5, 0xcdd5,
  0xcdd5, 0xc5b4, 0xbd73, 0xcdf5, 0xde77, 0xbd74, 0x528a, 0x0000, 0x0000, 0x0020, 0x0000, 0x0000, 0x0000, 0x0000, 0x0000, 0x0000,
  0x0000, 0x0000, 0x0000, 0x0000, 0x0000, 0x0000, 0x0000, 0x0000, 0x0000, 0x0000, 0x0000, 0x0000, 0x0000, 0x0000, 0x0000, 0x0000,
  0x0000, 0x0000, 0x0000, 0x0000, 0x0000, 0x0000, 0x0000, 0x0000, 0x0000, 0x0000, 0x0000, 0x0000, 0x0000, 0x0000, 0x0000, 0x0000,
  0x0000, 0x0000, 0x0000, 0x0000, 0x0000, 0x0000, 0x0000, 0x0000, 0x0000, 0x0000, 0x0000, 0x0000, 0x0000, 0x0000, 0x0000, 0x0000,
  0x0000, 0x0000, 0x0000, 0x0000, 0x0000, 0x0000, 0x0000, 0x0000, 0x0000, 0x0000, 0x0000, 0x0000, 0x0000, 0x0000, 0x0000, 0x0000,
  0x0000, 0x0000, 0x0000, 0x0000, 0x0000, 0x0000, 0x0000, 0x0000, 0x0000, 0x0000, 0x0000, 0x0000, 0x0000, 0x0000, 0x0000, 0x0000,
  0x0000, 0x0000, 0x0000, 0x0000, 0x0000, 0x0000, 0x0000, 0x0000, 0x0000, 0x0000, 0x0000, 0x0000, 0x0000, 0x0000, 0x0000, 0x0000,
  0x0000, 0x0000, 0x0000, 0x0000, 0x0000, 0x0000, 0x0000, 0x0000, 0x0000, 0x0000, 0x0000, 0x0000, 0x0000, 0x0000, 0x0000, 0x0000,
  0x0000, 0x0000, 0x0000, 0x0000, 0x0000, 0x0000, 0x1082, 0x39e7, 0x5289, 0xd679, 0xd637, 0xbd73, 0xbd73, 0xc5b4, 0xc5b4, 0xc5d5,
  0xcdd5, 0xcdf5, 0xcdf6, 0xcdf6, 0xcdf6, 0xce17, 0xd617, 0xd617, 0xd637, 0xd637, 0xd637, 0xd658, 0xd658, 0xd658, 0xd678, 0xd678,
  0xde79, 0xd618, 0xde58, 0xde79, 0xde79, 0xde99, 0xde99, 0xde99, 0xde99, 0xde99, 0xde99, 0xdeb9, 0xdeba, 0xdeb9, 0xde99, 0xde9a,
  0xde79, 0xcdd7, 0xde39, 0xe69a, 0xde9a, 0xde9a, 0xde9a, 0xde9a, 0xde9a, 0xde9a, 0xde9a, 0xde79, 0xde9a, 0xdeba, 0xde9a, 0xde9a,
  0xde9a, 0xde9a, 0xde9a, 0xde9a, 0xde99, 0xde99, 0xde99, 0xde79, 0xde79, 0xde79, 0xde79, 0xd679, 0xde78, 0xd678, 0xd658, 0xd658,
  0xd658, 0xd658, 0xd658, 0xd637, 0xd637, 0xd637, 0xd617, 0xce16, 0xce16, 0xcdf6, 0xcdf6, 0xcdd5, 0xcdd5, 0xcdd5, 0xcdd5, 0xc594,
  0xbd73, 0xd5f5, 0xef1b, 0x840f, 0x0000, 0x0000, 0x0000, 0x0000, 0x0861, 0x2104, 0x0000, 0x0000, 0x0000, 0x0000, 0x0000, 0x0000,
  0x0000, 0x0000, 0x0000, 0x0000, 0x0000, 0x0000, 0x0000, 0x0000, 0x0000, 0x0000, 0x0000, 0x0000, 0x0000, 0x0000, 0x0000, 0x0000,
  0x0000, 0x0000, 0x0000, 0x0000, 0x0000, 0x0000, 0x0000, 0x0000, 0x0000, 0x0000, 0x0000, 0x0000, 0x0000, 0x0000, 0x0000, 0x0000,
  0x0000, 0x0000, 0x0000, 0x0000, 0x0000, 0x0000, 0x0000, 0x0000, 0x0000, 0x0000, 0x0000, 0x0000, 0x0000, 0x0000, 0x0000, 0x0000,
  0x0000, 0x0000, 0x0000, 0x0000, 0x0000, 0x0000, 0x0000, 0x0000, 0x0000, 0x0000, 0x0000, 0x0000, 0x0000, 0x0000, 0x0000, 0x0000,
  0x0000, 0x0000, 0x0000, 0x0000, 0x0000, 0x0000, 0x0000, 0x0000, 0x0000, 0x0000, 0x0000, 0x0000, 0x0000, 0x0000, 0x0000, 0x0000,
  0x0000, 0x0000, 0x0000, 0x0000, 0x0000, 0x0000, 0x0000, 0x0000, 0x0000, 0x0000, 0x0000, 0x0000, 0x0000, 0x0000, 0x0000, 0x0000,
  0x0000, 0x0000, 0x0000, 0x0000, 0x0000, 0x0000, 0x0000, 0x0000, 0x0000, 0x0000, 0x0000, 0x0000, 0x0000, 0x0000, 0x0000, 0x0020,
  0x0000, 0x39e7, 0x5aeb, 0xded9, 0xde98, 0xc5b5, 0xbd94, 0xc5b4, 0xc5b4, 0xc5d5, 0xc5d5, 0xc5d5, 0xc5f6, 0xcdf6, 0xcdf6, 0xce17,
  0xce17, 0xd637, 0xd637, 0xd657, 0xd658, 0xd638, 0xd658, 0xd658, 0xd658, 0xd658, 0xd658, 0xd658, 0xde79, 0xde59, 0xd618, 0xe679,
  0xde99, 0xde99, 0xd699, 0xdeb9, 0xdeba, 0xdeba, 0xdeba, 0xdeba, 0xdeba, 0xdeba, 0xdeda, 0xdeba, 0xdedb, 0xd659, 0xd5f8, 0xe6bb,
  0xdeba, 0xe6bb, 0xe69a, 0xe6ba, 0xe6ba, 0xdeba, 0xd679, 0xde9a, 0xd638, 0xe6ba, 0xe6ba, 0xdeba, 0xe6ba, 0xe69a, 0xde9a, 0xde9a,
  0xde9a, 0xde99, 0xde99, 0xde99, 0xde9a, 0xde9a, 0xde99, 0xde79, 0xde99, 0xde79, 0xd678, 0xd678, 0xd678, 0xd678, 0xd658, 0xd658,
  0xd657, 0xd657, 0xd637, 0xce37, 0xce17, 0xce17, 0xcdf6, 0xcdf6, 0xcdd6, 0xcdd5, 0xcdd5, 0xcdb5, 0xc5b4, 0xc594, 0xbd74, 0xce16,
  0xb594, 0x5aaa, 0x0000, 0x0000, 0x0841, 0x1082, 0x0000, 0x0000, 0x0000, 0x0000, 0x0000, 0x0000, 0x0000, 0x0000, 0x0000, 0x0000,
  0x0000, 0x0000, 0x0000, 0x0000, 0x0000, 0x0000, 0x0000, 0x0000, 0x0000, 0x0000, 0x0000, 0x0000, 0x0000, 0x0000, 0x0000, 0x0000,
  0x0000, 0x0000, 0x0000, 0x0000, 0x0000, 0x0000, 0x0000, 0x0000, 0x0000, 0x0000, 0x0000, 0x0000, 0x0000, 0x0000, 0x0000, 0x0000,
  0x0000, 0x0000, 0x0000, 0x0000, 0x0000, 0x0000, 0x0000, 0x0000, 0x0000, 0x0000, 0x0000, 0x0000, 0x0000, 0x0000, 0x0000, 0x0000,
  0x0000, 0x0000, 0x0000, 0x0000, 0x0000, 0x0000, 0x0000, 0x0000, 0x0000, 0x0000, 0x0000, 0x0000, 0x0000, 0x0000, 0x0000, 0x0000,
  0x0000, 0x0000, 0x0000, 0x0000, 0x0000, 0x0000, 0x0000, 0x0000, 0x0000, 0x0000, 0x0000, 0x0000, 0x0000, 0x0000, 0x0000, 0x0000,
  0x0000, 0x0000, 0x0000, 0x0000, 0x0000, 0x0000, 0x0000, 0x0000, 0x0000, 0x0000, 0x0000, 0x0000, 0x0000, 0x0000, 0x0000, 0x0000,
  0x0000, 0x0000, 0x0000, 0x0000, 0x0000, 0x0000, 0x0000, 0x0000, 0x0000, 0x0000, 0x0000, 0x0000, 0x2103, 0x632c, 0xe6fa, 0xc5d5,
  0xb573, 0xc5b4, 0xc5b4, 0xc5b5, 0xcdd5, 0xcdf5, 0xcdd5, 0xcdf6, 0xce16, 0xce16, 0xce17, 0xd637, 0xd637, 0xd638, 0xd658, 0xd658,
  0xd658, 0xd658, 0xd658, 0xd658, 0xd658, 0xd678, 0xd678, 0xd678, 0xd638, 0xe69a, 0xd5f8, 0xde59, 0xe69a, 0xdeba, 0xdeba, 0xdeba,
  0xdeda, 0xdeda, 0xdeda, 0xdeba, 0xdeda, 0xdeba, 0xde9a, 0xe6db, 0xe6bb, 0xe6bb, 0xde39, 0xe69a, 0xe6db, 0xe6db, 0xe6ba, 0xe6da,
  0xe6da, 0xe6da, 0xe6ba, 0xdeba, 0xce17, 0xde9a, 0xe6db, 0xde9a, 0xe69a, 0xe6ba, 0xde9a, 0xde9a, 0xdeba, 0xde9a, 0xde9a, 0xde9a,
  0xdeba, 0xdeba, 0xde9a, 0xde99, 0xde99, 0xde99, 0xde99, 0xde99, 0xde99, 0xde79, 0xd678, 0xd658, 0xd658, 0xd658, 0xd658, 0xd637,
  0xd637, 0xce37, 0xce17, 0xd617, 0xd5f6, 0xcdf6, 0xcdf5, 0xcdd5, 0xcdd5, 0xcdb5, 0xc5b4, 0xbd94, 0xc5d5, 0xe6fa, 0x6b6c, 0x2965,
  0x0020, 0x0000, 0x0000, 0x0000, 0x0000, 0x0000, 0x0000, 0x0000, 0x0000, 0x0000, 0x0000, 0x0000, 0x0000, 0x0000, 0x0000, 0x0000,
  0x0000, 0x0000, 0x0000, 0x0000, 0x0000, 0x0000, 0x0000, 0x0000, 0x0000, 0x0000, 0x0000, 0x0000, 0x0000, 0x0000, 0x0000, 0x0000,
  0x0000, 0x0000, 0x0000, 0x0000, 0x0000, 0x0000, 0x0000, 0x0000, 0x0000, 0x0000, 0x0000, 0x0000, 0x0000, 0x0000, 0x0000, 0x0000,
  0x0000, 0x0000, 0x0000, 0x0000, 0x0000, 0x0000, 0x0000, 0x0000, 0x0000, 0x0000, 0x0000, 0x0000, 0x0000, 0x0000, 0x0000, 0x0000,
  0x0000, 0x0000, 0x0000, 0x0000, 0x0000, 0x0000, 0x0000, 0x0000, 0x0000, 0x0000, 0x0000, 0x0000, 0x0000, 0x0000, 0x0000, 0x0000,
  0x0000, 0x0000, 0x0000, 0x0000, 0x0000, 0x0000, 0x0000, 0x0000, 0x0000, 0x0000, 0x0000, 0x0000, 0x0000, 0x0000, 0x0000, 0x0000,
  0x0000, 0x0000, 0x0000, 0x0000, 0x0000, 0x0000, 0x0000, 0x0000, 0x0000, 0x0000, 0x0000, 0x0000, 0x0000, 0x0000, 0x0000, 0x0000,
  0x0000, 0x0000, 0x0000, 0x0000, 0x0000, 0x0000, 0x0000, 0x9471, 0xad33, 0xc5f6, 0xbd94, 0xc5b4, 0xc5b4, 0xc5d5, 0xcdd5, 0xcdd5,
  0xcdf5, 0xcdf6, 0xcdf6, 0xce16, 0xce17, 0xce37, 0xd637, 0xd638, 0xd658, 0xd658, 0xd658, 0xd658, 0xd658, 0xd658, 0xd658, 0xde79,
  0xde99, 0xde99, 0xde99, 0xdeb9, 0xd679, 0xde59, 0xde38, 0xd5d7, 0xe6ba, 0xdeba, 0xdeba, 0xdeba, 0xdedb, 0xdedb, 0xdeba, 0xdeba,
  0xdeba, 0xdeba, 0xdeda, 0xdeba, 0xdedb, 0xd659, 0xd5f8, 0xe6bb, 0xdeba, 0xe6bb, 0xe69a, 0xe6ba, 0xe6ba, 0xdeba, 0xe6ba, 0xe6bb,
  0xeefb, 0xd639, 0xe69a, 0xe6db, 0xe6bb, 0xe6bb, 0xdeba, 0xdeba, 0xe6db, 0xdeba, 0xdeba, 0xdeba, 0xe6ba, 0xe6ba, 0xdeba, 0xde9a,
  0xde99, 0xde99, 0xde99, 0xde99, 0xde99, 0xde99, 0xde79, 0xd679, 0xd658, 0xd658, 0xd658, 0xd658, 0xd658, 0xd638, 0xd637, 0xd637,
  0xd617, 0xce16, 0xce16, 0xcdf6, 0xcdf5, 0xcdd5, 0xcdd5, 0xc5d5, 0xc5b4, 0xbd94, 0xce16, 0xce17, 0x630b, 0x0000, 0x0000, 0x0000,
  0x0000, 0x0000, 0x0000, 0x0000, 0x0000, 0x0000, 0x0000, 0x0000, 0x0000, 0x0000, 0x0000, 0x0000, 0x0000, 0x0000, 0x0000, 0x0000,
  0x0000, 0x0000, 0x0000, 0x0000, 0x0000, 0x0000, 0x0000, 0x0000, 0x0000, 0x0000, 0x0000, 0x0000, 0x0000, 0x0000, 0x0000, 0x0000,
  0x0000, 0x0000, 0x0000, 0x0000, 0x0000, 0x0000, 0x0000, 0x0000, 0x0000, 0x0000, 0x0000, 0x0000, 0x0000, 0x0000, 0x0000, 0x0000,
  0x0000, 0x0000, 0x0000, 0x0000, 0x0000, 0x0000, 0x0000, 0x0000, 0x0000, 0x0000, 0x0000, 0x0000, 0x0000, 0x0000, 0x0000, 0x0000,
  0x0000, 0x0000, 0x0000, 0x0000, 0x0000, 0x0000, 0x0000, 0x0000, 0x0000, 0x0000, 0x0000, 0x0000, 0x0000, 0x0000, 0x0000, 0x0000,
  0x0000, 0x0000, 0x0000, 0x0000, 0x0000, 0x0000, 0x0000, 0x0000, 0x0000, 0x0000, 0x0000, 0x0000, 0x0000, 0x0000, 0x0000, 0x0000,
  0x0000, 0x0000, 0x0000, 0x0000, 0x0000, 0x0000, 0x0000, 0x0000, 0x0000, 0x0000, 0x0000, 0x0000, 0x0000, 0x0000, 0x0000, 0x0000,
  0x0020, 0x0861, 0x4a69, 0xe6fa, 0xce36, 0xbd94, 0xbd94, 0xc5b4, 0xc5d5, 0xcdd5, 0xcdf5, 0xcdf6, 0xcdf6, 0xce16, 0xd617, 0xd617,
  0xd637, 0xd658, 0xd658, 0xd658, 0xd678, 0xd678, 0xd679, 0xde79, 0xde79, 0xd679, 0xde99, 0xde9a, 0xde99, 0xde9a, 0xdeba, 0xdeba,
  0xe6da, 0xcdf7, 0xe659, 0xcdb6, 0xe69a, 0xdeba, 0xdeba, 0xdeba, 0xdeda, 0xdeda, 0xdeba, 0xdeba, 0xdeba, 0xdeba, 0xdeda, 0xdeba,
  0xdedb, 0xd659, 0xd5f8, 0xe6bb, 0xdeba, 0xe6bb, 0xe69a, 0xe6ba, 0xe6ba, 0xdeba, 0xe6ba, 0xdeba, 0xce17, 0xde9a, 0xe6db, 0xde9a,
  0xe6db, 0xe6db, 0xe6bb, 0xde9a, 0xe6bb, 0xdeba, 0xdeba, 0xe6db, 0xe6ba, 0xe6ba, 0xdeba, 0xdeba, 0xdeba, 0xdeba, 0xde9a, 0xde9a,
  0xde99, 0xde99, 0xde99, 0xde79, 0xde79, 0xde79, 0xd679, 0xd658, 0xd658, 0xd658, 0xd638, 0xd637, 0xd637, 0xd637, 0xd617, 0xce16,
  0xcdf6, 0xcdf5, 0xcdf5, 0xcdd5, 0xc5d5, 0xc5b4, 0xbd94, 0xc5b5, 0xe6d9, 0x630b, 0x0000, 0x0000, 0x0000, 0x0000, 0x0000, 0x0000,
  0x0000, 0x0000, 0x0000, 0x0000, 0x0000, 0x0000, 0x0000, 0x0000, 0x0000, 0x0000, 0x0000, 0x0000, 0x0000, 0x0000, 0x0000, 0x0000,
  0x0000, 0x0000, 0x0000, 0x0000, 0x0000, 0x0000, 0x0000, 0x0000, 0x0000, 0x0000, 0x0000, 0x0000, 0x0000, 0x0000, 0x0000, 0x0000,
  0x0000, 0x0000, 0x0000, 0x0000, 0x0000, 0x0000, 0x0000, 0x0000, 0x0000, 0x0000, 0x0000, 0x0000, 0x0000, 0x0000, 0x0000, 0x0000,
  0x0000, 0x0000, 0x0000, 0x0000, 0x0000, 0x0000, 0x0000, 0x0000, 0x0000, 0x0000, 0x0000, 0x0000, 0x0000, 0x0000, 0x0000, 0x0000,
  0x0000, 0x0000, 0x0000, 0x0000, 0x0000, 0x0000, 0x0000, 0x0000, 0x0000, 0x0000, 0x0000, 0x0000, 0x0000, 0x0000, 0x0000, 0x0000,
  0x0000, 0x0000, 0x0000, 0x0000, 0x0000, 0x0000, 0x0000, 0x0000, 0x0000, 0x0000, 0x0000, 0x0000, 0x0000, 0x0000, 0x0000, 0x0000,
  0x0000, 0x0000, 0x0000, 0x0000, 0x0000, 0x0000, 0x0000, 0x0000, 0x0000, 0x0000, 0x0020, 0x0000, 0x5aaa, 0xdeda, 0xe6da, 0xbd94,
  0xbd74, 0xc5b4, 0xc5b5, 0xc5d5, 0xc5d5, 0xcdf5, 0xcdf6, 0xcdf6, 0xcdf6, 0xd617, 0xd637, 0xd637, 0xd638, 0xd658, 0xd658, 0xd679,
  0xd679, 0xde79, 0xde79, 0xde99, 0xde99, 0xde9a, 0xde9a, 0xdeba, 0xdeba, 0xdeba, 0xdeba, 0xdeba, 0xd679, 0xde59, 0xde59, 0xde38,
  0xde59, 0xe69a, 0xdeba, 0xdeba, 0xdeda, 0xdeda, 0xdeba, 0xdeba, 0xdeba, 0xdeba, 0xdeda, 0xdeba, 0xdedb, 0xd659, 0xd5f8, 0xe6bb,
  0xdeba, 0xe6bb, 0xe69a, 0xe6ba, 0xe6ba, 0xdeba, 0xe6ba, 0xdeba, 0xde9a, 0xe6db, 0xde9a, 0xe69a, 0xe6bb, 0xdeba, 0xdeba, 0xdeba,
  0xe6db, 0xe6bb, 0xde9a, 0xe6db, 0xe6bb, 0xe6bb, 0xe6bb, 0xe6bb, 0xe6ba, 0xdeba, 0xdeba, 0xdeba, 0xde9a, 0xde9a, 0xde9a, 0xde99,
  0xde99, 0xde79, 0xde79, 0xd679, 0xde79, 0xd679, 0xd658, 0xd658, 0xd637, 0xd637, 0xd637, 0xd617, 0xce16, 0xcdf6, 0xcdf6, 0xcdf5,
  0xc5d5, 0xc5d5, 0xc5d5, 0xc5b4, 0xbd94, 0xcdf6, 0xc5f7, 0x2965, 0x0000, 0x0000, 0x0000, 0x0000, 0x0000, 0x0000, 0x0000, 0x0000,
  0x0000, 0x0000, 0x0000, 0x0000, 0x0000, 0x0000, 0x0000, 0x0000, 0x0000, 0x0000, 0x0000, 0x0000, 0x0000, 0x0000, 0x0000, 0x0000,
  0x0000, 0x0000, 0x0000, 0x0000, 0x0000, 0x0000, 0x0000, 0x0000, 0x0000, 0x0000, 0x0000, 0x0000, 0x0000, 0x0000, 0x0000, 0x0000,
  0x0000, 0x0000, 0x0000, 0x0000, 0x0000, 0x0000, 0x0000, 0x0000, 0x0000, 0x0000, 0x0000, 0x0000, 0x0000, 0x0000, 0x0000, 0x0000,
  0x0000, 0x0000, 0x0000, 0x0000, 0x0000, 0x0000, 0x0000, 0x0000, 0x0000, 0x0000, 0x0000, 0x0000, 0x0000, 0x0000, 0x0000, 0x0000,
  0x0000, 0x0000, 0x0000, 0x0000, 0x0000, 0x0000, 0x0000, 0x0000, 0x0000, 0x0000, 0x0000, 0x0000, 0x0000, 0x0000, 0x0000, 0x0000,
  0x0000, 0x0000, 0x0000, 0x0000, 0x0000, 0x0000, 0x0000, 0x0000, 0x0000, 0x0000, 0x0000, 0x0000, 0x0000, 0x0000, 0x0000, 0x0000,
  0x0000, 0x0000, 0x0000, 0x0000, 0x0000, 0x0020, 0x0000, 0x18c3, 0x8c0f, 0xde78, 0xb574, 0xc5b5, 0xc5b5, 0xc5b5, 0xc5f5, 0xc5f5,
  0xcdf6, 0xce16, 0xce16, 0xcdd6, 0xd616, 0xd637, 0xd637, 0xd637, 0xd658, 0xd678, 0xd679, 0xd679, 0xde99, 0xde99, 0xde99, 0xde9a,
  0xdeba, 0xdeba, 0xdeba, 0xdeba, 0xdeba, 0xde99, 0xde9a, 0xdeba, 0xdeba, 0xd679, 0xde59, 0xde38, 0xd5d7, 0xe69a, 0xdeba, 0xdeba,
  0xdeba, 0xdeda, 0xdeba, 0xdeba, 0xdeba, 0xdeba, 0xdeda, 0xdeba, 0xdedb, 0xd659, 0xd5f8, 0xe6bb, 0xdeba, 0xe6bb, 0xe69a, 0xe6ba,
  0xe6ba, 0xd679, 0xdeba, 0xce17, 0xde9a, 0xe6db, 0xde9a, 0xe6bb, 0xe6bb, 0xdeba, 0xdeba, 0xe6bb, 0xdeba, 0xdeba, 0xe6db, 0xe6bb,
  0xe6db, 0xe6bb, 0xe6bb, 0xe6bb, 0xe6db, 0xe6ba, 0xe6ba, 0xe6ba, 0xdeba, 0xdeba, 0xdeba, 0xdeba, 0xde9a, 0xde99, 0xde99, 0xde79,
  0xde79, 0xde79, 0xd658, 0xd658, 0xd658, 0xd658, 0xd657, 0xd637, 0xce37, 0xce16, 0xce16, 0xce16, 0xcdf6, 0xcdf6, 0xc5d5, 0xc5b5,
  0xc5d5, 0xbd94, 0xd637, 0xb574, 0x4228, 0x0000, 0x0020, 0x0000, 0x0000, 0x0000, 0x0000, 0x0000, 0x0000, 0x0000, 0x0000, 0x0000,
  0x0000, 0x0000, 0x0000, 0x0000, 0x0000, 0x0000, 0x0000, 0x0000, 0x0000, 0x0000, 0x0000, 0x0000, 0x0000, 0x0000, 0x0000, 0x0000,
  0x0000, 0x0000, 0x0000, 0x0000, 0x0000, 0x0000, 0x0000, 0x0000, 0x0000, 0x0000, 0x0000, 0x0000, 0x0000, 0x0000, 0x0000, 0x0000,
  0x0000, 0x0000, 0x0000, 0x0000, 0x0000, 0x0000, 0x0000, 0x0000, 0x0000, 0x0000, 0x0000, 0x0000, 0x0000, 0x0000, 0x0000, 0x0000,
  0x0000, 0x0000, 0x0000, 0x0000, 0x0000, 0x0000, 0x0000, 0x0000, 0x0000, 0x0000, 0x0000, 0x0000, 0x0000, 0x0000, 0x0000, 0x0000,
  0x0000, 0x0000, 0x0000, 0x0000, 0x0000, 0x0000, 0x0000, 0x0000, 0x0000, 0x0000, 0x0000, 0x0000, 0x0000, 0x0000, 0x0000, 0x0000,
  0x0000, 0x0000, 0x0000, 0x0000, 0x0000, 0x0000, 0x0000, 0x0000, 0x0000, 0x0000, 0x0000, 0x0000, 0x0000, 0x0000, 0x0000, 0x0000,
  0x0000, 0x0000, 0x5aaa, 0xe6da, 0xd637, 0xbd74, 0xc5b5, 0xc5b5, 0xc5d5, 0xc5d5, 0xc5f6, 0xce16, 0xce16, 0xce37, 0xd637, 0xcdd6,
  0xd617, 0xde58, 0xd638, 0xd658, 0xde58, 0xd679, 0xd679, 0xde99, 0xde99, 0xde9a, 0xde9a, 0xdeba, 0xdeba, 0xdeba, 0xdeba, 0xde9a,
  0xdeba, 0xdeba, 0xde9a, 0xdeba, 0xdeba, 0xd679, 0xde59, 0xde38, 0xd5d7, 0xe69a, 0xdeba, 0xdeba, 0xdeba, 0xdeda, 0xdeda, 0xdeba,
  0xdeba, 0xdeba, 0xdeda, 0xdeba, 0xdedb, 0xd659, 0xd5f8, 0xe6bb, 0xdeba, 0xe6bb, 0xe69a, 0xe6ba, 0xdeba, 0xe6ba, 0xdeba, 0xce17,
  0xde9a, 0xe6db, 0xde9a, 0xe6bb, 0xe6bb, 0xdeba, 0xdeba, 0xe6bb, 0xdeba, 0xdeba, 0xe6db, 0xe6bb, 0xe6bb, 0xe6bb, 0xe6db, 0xe6db,
  0xe6db, 0xe6db, 0xe6db, 0xe6da, 0xe6ba, 0xe6da, 0xdeba, 0xe6ba, 0xdeba, 0xde9a, 0xde99, 0xde9a, 0xde99, 0xde79, 0xde79, 0xd678,
  0xd678, 0xd658, 0xd658, 0xd658, 0xd657, 0xd637, 0xce37, 0xce37, 0xce16, 0xcdf6, 0xc5f6, 0xc5d5, 0xc5d5, 0xc5d5, 0xbd74, 0xc5f6,
  0xde99, 0x2945, 0x0000, 0x0000, 0x0000, 0x0000, 0x0000, 0x0000, 0x0000, 0x0000, 0x0000, 0x0000, 0x0000, 0x0000, 0x0000, 0x0000,
  0x0000, 0x0000, 0x0000, 0x0000, 0x0000, 0x0000, 0x0000, 0x0000, 0x0000, 0x0000, 0x0000, 0x0000, 0x0000, 0x0000, 0x0000, 0x0000,
  0x0000, 0x0000, 0x0000, 0x0000, 0x0000, 0x0000, 0x0000, 0x0000, 0x0000, 0x0000, 0x0000, 0x0000, 0x0000, 0x0000, 0x0000, 0x0000,
  0x0000, 0x0000, 0x0000, 0x0000, 0x0000, 0x0000, 0x0000, 0x0000, 0x0000, 0x0000, 0x0000, 0x0000, 0x0000, 0x0000, 0x0000, 0x0000,
  0x0000, 0x0000, 0x0000, 0x0000, 0x0000, 0x0000, 0x0000, 0x0000, 0x0000, 0x0000, 0x0000, 0x0000, 0x0000, 0x0000, 0x0000, 0x0000,
  0x0000, 0x0000, 0x0000, 0x0000, 0x0000, 0x0000, 0x0000, 0x0000, 0x0000, 0x0000, 0x0000, 0x0000, 0x0000, 0x0000, 0x0000, 0x0000,
  0x0000, 0x0000, 0x0000, 0x0000, 0x0000, 0x0000, 0x0000, 0x0000, 0x0000, 0x0000, 0x0020, 0x0000, 0x39c7, 0x7bae, 0xe6d9, 0xc5d5,
  0xbd73, 0xc5b5, 0xc5b5, 0xc5d5, 0xcdf5, 0xcdf6, 0xcdf6, 0xce37, 0xce37, 0xce37, 0xd658, 0xd5d6, 0xde17, 0xde58, 0xd658, 0xde79,
  0xde79, 0xde99, 0xde99, 0xde99, 0xdeba, 0xdeba, 0xdeba, 0xdeba, 0xde9a, 0xdeba, 0xdeba, 0xde9a, 0xdeba, 0xdeba, 0xde9a, 0xdeba,
  0xdeba, 0xd679, 0xde59, 0xde38, 0xd5d7, 0xe69a, 0xdeba, 0xdeba, 0xdeba, 0xdeda, 0xdeda, 0xdeba, 0xdeba, 0xdeba, 0xdeda, 0xdeba,
  0xdedb, 0xd659, 0xd5f8, 0xe6bb, 0xdeba, 0xe6bb, 0xe6ba, 0xe6ba, 0xdeba, 0xe6ba, 0xdeba, 0xce17, 0xde9a, 0xe6db, 0xde9a, 0xe6bb,
  0xe6bb, 0xdeba, 0xdeba, 0xe6bb, 0xdeba, 0xdeba, 0xe6db, 0xe6bb, 0xe6bb, 0xe6bb, 0xe6bb, 0xe6db, 0xe6db, 0xe6db, 0xe6db, 0xe6db,
  0xe6db, 0xe6db, 0xe6ba, 0xdeba, 0xdeba, 0xdeba, 0xdeba, 0xde9a, 0xe69a, 0xde59, 0xde79, 0xde99, 0xde79, 0xde78, 0xd678, 0xd658,
  0xd658, 0xd638, 0xd637, 0xd637, 0xd617, 0xce16, 0xcdf6, 0xcdf6, 0xc5d5, 0xc5d5, 0xc5b5, 0xc594, 0xbd93, 0xce36, 0x5aca, 0x0020,
  0x0000, 0x0000, 0x0000, 0x0000, 0x0000, 0x0000, 0x0000, 0x0000, 0x0000, 0x0000, 0x0000, 0x0000, 0x0000, 0x0000, 0x0000, 0x0000,
  0x0000, 0x0000, 0x0000, 0x0000, 0x0000, 0x0000, 0x0000, 0x0000, 0x0000, 0x0000, 0x0000, 0x0000, 0x0000, 0x0000, 0x0000, 0x0000,
  0x0000, 0x0000, 0x0000, 0x0000, 0x0000, 0x0000, 0x0000, 0x0000, 0x0000, 0x0000, 0x0000, 0x0000, 0x0000, 0x0000, 0x0000, 0x0000,
  0x0000, 0x0000, 0x0000, 0x0000, 0x0000, 0x0000, 0x0000, 0x0000, 0x0000, 0x0000, 0x0000, 0x0000, 0x0000, 0x0000, 0x0000, 0x0000,
  0x0000, 0x0000, 0x0000, 0x0000, 0x0000, 0x0000, 0x0000, 0x0000, 0x0000, 0x0000, 0x0000, 0x0000, 0x0000, 0x0000, 0x0000, 0x0000,
  0x0000, 0x0000, 0x0000, 0x0000, 0x0000, 0x0000, 0x0000, 0x0000, 0x0000, 0x0000, 0x0000, 0x0000, 0x0000, 0x0000, 0x0000, 0x0000,
  0x0000, 0x0000, 0x0000, 0x0000, 0x0000, 0x0020, 0x0000, 0x2124, 0xff9d, 0xeefa, 0xc594, 0xbd94, 0xc5b4, 0xc5b5, 0xcdd5, 0xcdf6,
  0xcdf6, 0xce16, 0xce17, 0xce37, 0xce37, 0xd658, 0xd658, 0xd5f7, 0xddf7, 0xde58, 0xd658, 0xde79, 0xde99, 0xde9a, 0xdeba, 0xdeba,
  0xdeba, 0xdeba, 0xde9a, 0xde9a, 0xdeba, 0xdeba, 0xdeba, 0xde9a, 0xdeba, 0xdeba, 0xde99, 0xde9a, 0xdeba, 0xdeb9, 0xd679, 0xde38,
  0xd5d7, 0xe69a, 0xdeba, 0xdeba, 0xdeba, 0xdeda, 0xdeda, 0xdeba, 0xdeba, 0xdeba, 0xdeda, 0xdeba, 0xdedb, 0xd659, 0xd5f8, 0xe6bb,
  0xdeba, 0xe6bb, 0xe6ba, 0xe6ba, 0xdeba, 0xe6ba, 0xdeba, 0xce17, 0xde9a, 0xe6db, 0xde9a, 0xe6bb, 0xe6bb, 0xdeba, 0xe6db, 0xdeba,
  0xdeba, 0xe6db, 0xe6db, 0xe6bb, 0xe6bb, 0xe6bb, 0xe6bb, 0xe6db, 0xe6db, 0xe6db, 0xe6db, 0xe6db, 0xe6db, 0xe6ba, 0xe6db, 0xde9a,
  0xe6db, 0xdeba, 0xe6bb, 0xe6bb, 0xd618, 0xcdf8, 0xde9a, 0xde99, 0xde99, 0xde79, 0xde79, 0xd678, 0xd658, 0xd658, 0xd658, 0xd637,
  0xd617, 0xd617, 0xce16, 0xcdf6, 0xcdf6, 0xcdd6, 0xcdd5, 0xc5d5, 0xc5b4, 0xbd94, 0xde98, 0xad34, 0x0841, 0x0000, 0x0000, 0x0000,
  0x0000, 0x0000, 0x0000, 0x0000, 0x0000, 0x0000, 0x0000, 0x0000, 0x0000, 0x0000, 0x0000, 0x0000, 0x0000, 0x0000, 0x0000, 0x0000,
  0x0000, 0x0000, 0x0000, 0x0000, 0x0000, 0x0000, 0x0000, 0x0000, 0x0000, 0x0000, 0x0000, 0x0000, 0x0000, 0x0000, 0x0000, 0x0000,
  0x0000, 0x0000, 0x0000, 0x0000, 0x0000, 0x0000, 0x0000, 0x0000, 0x0000, 0x0000, 0x0000, 0x0000, 0x0000, 0x0000, 0x0000, 0x0000,
  0x0000, 0x0000, 0x0000, 0x0000, 0x0000, 0x0000, 0x0000, 0x0000, 0x0000, 0x0000, 0x0000, 0x0000, 0x0000, 0x0000, 0x0000, 0x0000,
  0x0000, 0x0000, 0x0000, 0x0000, 0x0000, 0x0000, 0x0000, 0x0000, 0x0000, 0x0000, 0x0000, 0x0000, 0x0000, 0x0000, 0x0000, 0x0000,
  0x0000, 0x0000, 0x0000, 0x0000, 0x0000, 0x0000, 0x0000, 0x0000, 0x0000, 0x0000, 0x0000, 0x0000, 0x0000, 0x0000, 0x0000, 0x0000,
  0x0020, 0x0000, 0x4208, 0xdeba, 0xde98, 0xbd53, 0xc594, 0xc5d4, 0xc5b4, 0xcdd5, 0xcdd6, 0xce16, 0xce16, 0xd617, 0xce37, 0xce37,
  0xd658, 0xd658, 0xd678, 0xd617, 0xddf7, 0xde38, 0xd638, 0xe69a, 0xde79, 0xdeba, 0xdeba, 0xdeba, 0xde99, 0xdeba, 0xdeba, 0xde9a,
  0xdeba, 0xde9a, 0xdeba, 0xdeba, 0xde9a, 0xdeba, 0xdeba, 0xde9a, 0xdeba, 0xdeba, 0xd679, 0xde59, 0xde38, 0xd5d7, 0xe69a, 0xdeba,
  0xdeba, 0xdeda, 0xdeda, 0xdeba, 0xdeba, 0xdeba, 0xdeba, 0xdeba, 0xdedb, 0xd659, 0xd5f8, 0xe6bb, 0xdeba, 0xe69a, 0xe6ba, 0xe6ba,
  0xdeba, 0xe6ba, 0xdeba, 0xce17, 0xde9a, 0xde9a, 0xe6bb, 0xe6bb, 0xdeba, 0xdeba, 0xe6bb, 0xdeba, 0xdeba, 0xe6db, 0xe6bb, 0xe6bb,
  0xe6bb, 0xe6bb, 0xe6db, 0xe6db, 0xe6db, 0xe6db, 0xe6db, 0xe6db, 0xe6db, 0xe6fb, 0xdeba, 0xde9a, 0xe6db, 0xe6db, 0xeedb, 0xd618,
  0xcdd7, 0xde9a, 0xdeba, 0xdeba, 0xde99, 0xde99, 0xde99, 0xde79, 0xd679, 0xd658, 0xde58, 0xd658, 0xd637, 0xd637, 0xd617, 0xd617,
  0xce16, 0xcdf6, 0xcdd6, 0xcdd5, 0xcdd4, 0xc5b4, 0xbd73, 0xde78, 0xad34, 0x2965, 0x0000, 0x0000, 0x0000, 0x0000, 0x0000, 0x0000,
  0x0000, 0x0000, 0x0000, 0x0000, 0x0000, 0x0000, 0x0000, 0x0000, 0x0000, 0x0000, 0x0000, 0x0000, 0x0000, 0x0000, 0x0000, 0x0000,
  0x0000, 0x0000, 0x0000, 0x0000, 0x0000, 0x0000, 0x0000, 0x0000, 0x0000, 0x0000, 0x0000, 0x0000, 0x0000, 0x0000, 0x0000, 0x0000,
  0x0000, 0x0000, 0x0000, 0x0000, 0x0000, 0x0000, 0x0000, 0x0000, 0x0000, 0x0000, 0x0000, 0x0000, 0x0000, 0x0000, 0x0000, 0x0000,
  0x0000, 0x0000, 0x0000, 0x0000, 0x0000, 0x0000, 0x0000, 0x0000, 0x0000, 0x0000, 0x0000, 0x0000, 0x0000, 0x0000, 0x0000, 0x0000,
  0x0000, 0x0000, 0x0000, 0x0000, 0x0000, 0x0000, 0x0000, 0x0000, 0x0000, 0x0000, 0x0000, 0x0000, 0x0000, 0x0000, 0x0000, 0x0000,
  0x0000, 0x0000, 0x0000, 0x0000, 0x0000, 0x0000, 0x0000, 0x0000, 0x0000, 0x0000, 0x0000, 0x0000, 0x0000, 0x39c6, 0xce79, 0xe6fa,
  0xbd73, 0xc5b4, 0xc5b4, 0xc5d4, 0xc5d5, 0xcdd5, 0xcdf6, 0xce16, 0xd617, 0xd637, 0xd637, 0xd658, 0xd658, 0xd678, 0xd678, 0xde58,
  0xd5d7, 0xe618, 0xddf8, 0xe69a, 0xde9a, 0xdeba, 0xde9a, 0xdeba, 0xdeba, 0xdeba, 0xdeba, 0xde9a, 0xde9a, 0xde9a, 0xdeba, 0xdeba,
  0xde9a, 0xdeba, 0xdeba, 0xde9a, 0xdeba, 0xdeba, 0xd679, 0xde59, 0xde38, 0xd5d7, 0xe69a, 0xdeba, 0xdeba, 0xdeda, 0xdeda, 0xdeba,
  0xdeba, 0xdeba, 0xdeba, 0xdeba, 0xdedb, 0xd659, 0xd5f8, 0xe6bb, 0xdeba, 0xe69a, 0xe6ba, 0xe6ba, 0xdeba, 0xe6ba, 0xdeba, 0xde9a,
  0xe6db, 0xde9a, 0xe6bb, 0xe6bb, 0xdeba, 0xdeba, 0xe6bb, 0xdeba, 0xdeba, 0xe6db, 0xe6bb, 0xe6bb, 0xe6bb, 0xe6bb, 0xe6db, 0xe6db,
  0xe6db, 0xe6db, 0xe6db, 0xe6db, 0xe6ba, 0xe6db, 0xe6ba, 0xe6db, 0xe6fb, 0xe6bb, 0xcdd7, 0xd618, 0xe6db, 0xdeba, 0xdeba, 0xe6ba,
  0xde99, 0xde99, 0xde99, 0xde99, 0xde79, 0xde79, 0xde58, 0xde58, 0xd638, 0xd637, 0xd637, 0xd637, 0xd617, 0xcdf6, 0xcdf6, 0xcdd5,
  0xcdd5, 0xcdd4, 0xc5b4, 0xbd73, 0xde77, 0xc5f7, 0x0841, 0x0000, 0x0000, 0x0000, 0x0000, 0x0000, 0x0000, 0x0000, 0x0000, 0x0000,
  0x0000, 0x0000, 0x0000, 0x0000, 0x0000, 0x0000, 0x0000, 0x0000, 0x0000, 0x0000, 0x0000, 0x0000, 0x0000, 0x0000, 0x0000, 0x0000,
  0x0000, 0x0000, 0x0000, 0x0000, 0x0000, 0x0000, 0x0000, 0x0000, 0x0000, 0x0000, 0x0000, 0x0000, 0x0000, 0x0000, 0x0000, 0x0000,
  0x0000, 0x0000, 0x0000, 0x0000, 0x0000, 0x0000, 0x0000, 0x0000, 0x0000, 0x0000, 0x0000, 0x0000, 0x0000, 0x0000, 0x0000, 0x0000,
  0x0000, 0x0000, 0x0000, 0x0000, 0x0000, 0x0000, 0x0000, 0x0000, 0x0000, 0x0000, 0x0000, 0x0000, 0x0000, 0x0000, 0x0000, 0x0000,
  0x0000, 0x0000, 0x0000, 0x0000, 0x0000, 0x0000, 0x0000, 0x0000, 0x0000, 0x0000, 0x0000, 0x0000, 0x0000, 0x0000, 0x0000, 0x0000,
  0x0000, 0x0000, 0x0000, 0x0000, 0x0000, 0x0000, 0x0000, 0x0000, 0x4a28, 0xf79d, 0xd678, 0xb574, 0xc5b4, 0xc5b4, 0xc5d4, 0xcdd5,
  0xcdf5, 0xcdf6, 0xce16, 0xd617, 0xd637, 0xd637, 0xd658, 0xd658, 0xd679, 0xd679, 0xde99, 0xde99, 0xcd75, 0xdd96, 0xe618, 0xe69a,
  0xe69a, 0xde79, 0xdeba, 0xde9a, 0xdeba, 0xde99, 0xdeba, 0xde9a, 0xde9a, 0xdeba, 0xdeba, 0xdeba, 0xde9a, 0xde9a, 0xdeba, 0xde99,
  0xdeba, 0xdeba, 0xd679, 0xde59, 0xde38, 0xd5d7, 0xe69a, 0xdeba, 0xdeba, 0xdeba, 0xdeda, 0xdeba, 0xdeba, 0xdeba, 0xdeba, 0xdeba,
  0xdedb, 0xd659, 0xd5f8, 0xe6bb, 0xdeba, 0xe69a, 0xe6ba, 0xe6ba, 0xdeba, 0xe6ba, 0xce17, 0xde9a, 0xe6db, 0xde9a, 0xe6bb, 0xe6bb,
  0xdeba, 0xdeba, 0xe6bb, 0xdeba, 0xe6db, 0xe6bb, 0xe6bb, 0xe6bb, 0xe6bb, 0xe6bb, 0xe6db, 0xe6db, 0xe6db, 0xe6db, 0xe6db, 0xe6ba,
  0xe6db, 0xdeba, 0xde9a, 0xe6fb, 0xe6db, 0xd638, 0xde7a, 0xeefb, 0xe6ba, 0xdeba, 0xe6db, 0xe6ba, 0xe6ba, 0xde9a, 0xde99, 0xde9a,
  0xde79, 0xde79, 0xde79, 0xde59, 0xd658, 0xd658, 0xd658, 0xd637, 0xd637, 0xd617, 0xce16, 0xcdf6, 0xcdf5, 0xcdd5, 0xcdd5, 0xcdb4,
  0xbd74, 0xce37, 0xad34, 0x0841, 0x0000, 0x0000, 0x0000, 0x0000, 0x0000, 0x0000, 0x0000, 0x0000, 0x0000, 0x0000, 0x0000, 0x0000,
  0x0000, 0x0000, 0x0000, 0x0000, 0x0000, 0x0000, 0x0000, 0x0000, 0x0000, 0x0000, 0x0000, 0x0000, 0x0000, 0x0000, 0x0000, 0x0000,
  0x0000, 0x0000, 0x0000, 0x0000, 0x0000, 0x0000, 0x0000, 0x0000, 0x0000, 0x0000, 0x0000, 0x0000, 0x0000, 0x0000, 0x0000, 0x0000,
  0x0000, 0x0000, 0x0000, 0x0000, 0x0000, 0x0000, 0x0000, 0x0000, 0x0000, 0x0000, 0x0000, 0x0000, 0x0000, 0x0000, 0x0000, 0x0000,
  0x0000, 0x0000, 0x0000, 0x0000, 0x0000, 0x0000, 0x0000, 0x0000, 0x0000, 0x0000, 0x0000, 0x0000, 0x0000, 0x0000, 0x0000, 0x0000,
  0x0000, 0x0000, 0x0000, 0x0000, 0x0000, 0x0000, 0x0000, 0x0000, 0x0000, 0x0000, 0x0000, 0x0000, 0x0000, 0x0000, 0x0000, 0x0000,
  0x0000, 0x0000, 0x0000, 0x18e3, 0xe6fb, 0xd658, 0xb554, 0xc5d5, 0xc5b4, 0xcdd5, 0xcdd5, 0xcdf6, 0xce16, 0xce16, 0xce37, 0xd637,
  0xd638, 0xd658, 0xd658, 0xd678, 0xd679, 0xde99, 0xd699, 0xde99, 0xd5d7, 0xccd4, 0xe5b7, 0xddf8, 0xe69a, 0xe69a, 0xde79, 0xde9a,
  0xdeba, 0xdeba, 0xdeba, 0xdeba, 0xde9a, 0xde9a, 0xde9a, 0xdeba, 0xdeba, 0xde9a, 0xdeba, 0xdeba, 0xde9a, 0xdeba, 0xdeba, 0xd679,
  0xde38, 0xd5d7, 0xe69a, 0xdeba, 0xdeba, 0xdeba, 0xdeda, 0xdeba, 0xdeba, 0xdeba, 0xdeba, 0xdeda, 0xdedb, 0xd659, 0xd5f8, 0xe6bb,
  0xe6bb, 0xe69a, 0xe6ba, 0xe6ba, 0xdeba, 0xdeba, 0xce17, 0xde9a, 0xe6db, 0xde9a, 0xe6bb, 0xe6bb, 0xdeba, 0xe6bb, 0xdeba, 0xdeba,
  0xe6db, 0xe6bb, 0xe6bb, 0xe6bb, 0xe6bb, 0xe6db, 0xe6db, 0xe6db, 0xe6db, 0xe6db, 0xe6db, 0xe6ba, 0xe6db, 0xde9a, 0xe6db, 0xe6fb,
  0xe6bb, 0xde59, 0xe6fb, 0xe6db, 0xe6db, 0xe6db, 0xe6db, 0xe6db, 0xe6ba, 0xe6ba, 0xe6ba, 0xde9a, 0xde9a, 0xde79, 0xde79, 0xd638,
  0xde59, 0xde79, 0xde58, 0xde58, 0xd638, 0xd637, 0xce37, 0xce16, 0xce16, 0xcdf5, 0xcdd5, 0xcdd5, 0xc5d5, 0xb574, 0xd658, 0xad34,
  0x0020, 0x0000, 0x0000, 0x0000, 0x0000, 0x0000, 0x0000, 0x0000, 0x0000, 0x0000, 0x0000, 0x0000, 0x0000, 0x0000, 0x0000, 0x0000,
  0x0000, 0x0000, 0x0000, 0x0000, 0x0000, 0x0000, 0x0000, 0x0000, 0x0000, 0x0000, 0x0000, 0x0000, 0x0000, 0x0000, 0x0000, 0x0000,
  0x0000, 0x0000, 0x0000, 0x0000, 0x0000, 0x0000, 0x0000, 0x0000, 0x0000, 0x0000, 0x0000, 0x0000, 0x0000, 0x0000, 0x0000, 0x0000,
  0x0000, 0x0000, 0x0000, 0x0000, 0x0000, 0x0000, 0x0000, 0x0000, 0x0000, 0x0000, 0x0000, 0x0000, 0x0000, 0x0000, 0x0000, 0x0000,
  0x0000, 0x0000, 0x0000, 0x0000, 0x0000, 0x0000, 0x0000, 0x0000, 0x0000, 0x0000, 0x0000, 0x0000, 0x0000, 0x0000, 0x0000, 0x0000,
  0x0000, 0x0000, 0x0000, 0x0000, 0x0000, 0x0000, 0x0000, 0x0000, 0x0000, 0x0000, 0x0000, 0x0000, 0x0020, 0x0000, 0x2925, 0xf75d,
  0xd638, 0xbd54, 0xc595, 0xc5b5, 0xcdb5, 0xcdd5, 0xcdd6, 0xce16, 0xd617, 0xd637, 0xd657, 0xd638, 0xd658, 0xd658, 0xd679, 0xd679,
  0xde99, 0xde9a, 0xd6b9, 0xdeb9, 0xee79, 0xd5d7, 0xdd96, 0xdd96, 0xddf8, 0xe69a, 0xde79, 0xdeba, 0xde9a, 0xdeba, 0xde99, 0xdeba,
  0xde9a, 0xde9a, 0xdeba, 0xdeba, 0xdeba, 0xde9a, 0xdeba, 0xdeba, 0xde9a, 0xdeba, 0xdeba, 0xd679, 0xde59, 0xde38, 0xe69a, 0xdeba,
  0xdeba, 0xdeba, 0xdeda, 0xdeba, 0xdeba, 0xdeba, 0xdeba, 0xdeda, 0xdedb, 0xd659, 0xd5f8, 0xe6bb, 0xe6bb, 0xe69a, 0xe6ba, 0xe6ba,
  0xd679, 0xdeba, 0xce17, 0xde9a, 0xe6db, 0xde9a, 0xe6bb, 0xdeba, 0xdeba, 0xe6bb, 0xdeba, 0xdeba, 0xe6db, 0xe6bb, 0xe6bb, 0xe6bb,
  0xe6bb, 0xe6db, 0xe6db, 0xe6db, 0xe6db, 0xe6db, 0xe6ba, 0xe6db, 0xdeba, 0xde9a, 0xe6fb, 0xe6bb, 0xde7a, 0xde7a, 0xe6db, 0xe6fb,
  0xe71c, 0xe6db, 0xe69a, 0xde99, 0xde9a, 0xe6db, 0xe6ba, 0xe6ba, 0xde9a, 0xde9a, 0xd638, 0xd618, 0xe69a, 0xde79, 0xde59, 0xde58,
  0xde58, 0xd657, 0xd657, 0xce37, 0xce37, 0xcdf6, 0xcdf6, 0xcdd5, 0xcdd5, 0xc5d6, 0xb574, 0xce17, 0xc5f7, 0x2945, 0x0000, 0x0000,
  0x0000, 0x0000, 0x0000, 0x0000, 0x0000, 0x0000, 0x0000, 0x0000, 0x0000, 0x0000, 0x0000, 0x0000, 0x0000, 0x0000, 0x0000, 0x0000,
  0x0000, 0x0000, 0x0000, 0x0000, 0x0000, 0x0000, 0x0000, 0x0000, 0x0000, 0x0000, 0x0000, 0x0000, 0x0000, 0x0000, 0x0000, 0x0000,
  0x0000, 0x0000, 0x0000, 0x0000, 0x0000, 0x0000, 0x0000, 0x0000, 0x0000, 0x0000, 0x0000, 0x0000, 0x0000, 0x0000, 0x0000, 0x0000,
  0x0000, 0x0000, 0x0000, 0x0000, 0x0000, 0x0000, 0x0000, 0x0000, 0x0000, 0x0000, 0x0000, 0x0000, 0x0000, 0x0000, 0x0000, 0x0000,
  0x0000, 0x0000, 0x0000, 0x0000, 0x0000, 0x0000, 0x0000, 0x0000, 0x0000, 0x0000, 0x0000, 0x0000, 0x0000, 0x0000, 0x0000, 0x0000,
  0x0000, 0x0000, 0x0000, 0x0000, 0x0000, 0x0000, 0x0000, 0x0000, 0x0000, 0x4228, 0xd699, 0xde98, 0xbd94, 0xc595, 0xc5b5, 0xc5b5,
  0xcdf5, 0xcdf6, 0xce16, 0xce17, 0xce37, 0xd637, 0xd637, 0xd638, 0xd658, 0xd679, 0xd699, 0xd699, 0xde99, 0xde99, 0xdeb9, 0xde99,
  0xde99, 0xd5d7, 0xcd75, 0xdd96, 0xddf8, 0xddf8, 0xe69a, 0xde79, 0xdeba, 0xdeba, 0xdeba, 0xdeba, 0xdeba, 0xde9a, 0xde9a, 0xde9a,
  0xdeba, 0xdeba, 0xde9a, 0xdeba, 0xde99, 0xdeba, 0xdeba, 0xd679, 0xde59, 0xde38, 0xd5d7, 0xe69a, 0xdeba, 0xdeba, 0xdeda, 0xdeda,
  0xdeba, 0xdeba, 0xdeba, 0xdeda, 0xdedb, 0xd659, 0xd5f8, 0xe6bb, 0xe6bb, 0xe69a, 0xe6ba, 0xe6ba, 0xe6ba, 0xdeba, 0xce17, 0xde9a,
  0xde9a, 0xe6bb, 0xe6bb, 0xdeba, 0xdeba, 0xe6bb, 0xdeba, 0xe6db, 0xe6bb, 0xe6bb, 0xe6bb, 0xe6bb, 0xe6db, 0xe6db, 0xe6db, 0xe6db,
  0xe6db, 0xe6db, 0xe6ba, 0xdeba, 0xde9a, 0xe6db, 0xe6bb, 0xe6bb, 0xde7a, 0xeefb, 0xe6db, 0xe6db, 0xde9a, 0xd679, 0xde9a, 0xe6bb,
  0xe6db, 0xe6db, 0xe6db, 0xe6db, 0xe6ba, 0xe6ba, 0xd618, 0xd638, 0xe69a, 0xde99, 0xde99, 0xde79, 0xde59, 0xde58, 0xd657, 0xd637,
  0xd637, 0xce16, 0xce16, 0xcdf6, 0xcdf5, 0xc5d5, 0xc5d5, 0xbd94, 0xd637, 0x9cd2, 0x5269, 0x0000, 0x0000, 0x0000, 0x0000, 0x0000,
  0x0000, 0x0000, 0x0000, 0x0000, 0x0000, 0x0000, 0x0000, 0x0000, 0x0000, 0x0000, 0x0000, 0x0000, 0x0000, 0x0000, 0x0000, 0x0000,
  0x0000, 0x0000, 0x0000, 0x0000, 0x0000, 0x0000, 0x0000, 0x0000, 0x0000, 0x0000, 0x0000, 0x0000, 0x0000, 0x0000, 0x0000, 0x0000,
  0x0000, 0x0000, 0x0000, 0x0000, 0x0000, 0x0000, 0x0000, 0x0000, 0x0000, 0x0000, 0x0000, 0x0000, 0x0000, 0x0000, 0x0000, 0x0000,
  0x0000, 0x0000, 0x0000, 0x0000, 0x0000, 0x0000, 0x0000, 0x0000, 0x0000, 0x0000, 0x0000, 0x0000, 0x0000, 0x0000, 0x0000, 0x0000,
  0x0000, 0x0000, 0x0000, 0x0000, 0x0000, 0x0000, 0x0000, 0x0000, 0x0000, 0x0000, 0x0000, 0x0000, 0x0000, 0x0000, 0x0000, 0x0000,
  0x0000, 0x0000, 0x0000, 0x0000, 0x39e7, 0xffdd, 0xe6f9, 0xbd73, 0xc5b4, 0xc5b4, 0xcdb5, 0xcdd6, 0xce16, 0xce16, 0xce16, 0xce37,
  0xd637, 0xd637, 0xd658, 0xde59, 0xd658, 0xd658, 0xd699, 0xd699, 0xdeba, 0xdeba, 0xde99, 0xd6b9, 0xd6b9, 0xde99, 0xd5d7, 0xcd75,
  0xdd96, 0xddf8, 0xe69a, 0xde79, 0xde79, 0xde9a, 0xdeba, 0xde99, 0xdeba, 0xde9a, 0xde9a, 0xdeba, 0xdeba, 0xdeba, 0xde9a, 0xdeba,
  0xdeba, 0xde9a, 0xdeba, 0xdeb9, 0xde59, 0xde38, 0xd5d7, 0xe69a, 0xdeba, 0xdeba, 0xdeda, 0xdeda, 0xdeba, 0xdeba, 0xdeba, 0xdeda,
  0xdedb, 0xd659, 0xd5f8, 0xe6bb, 0xe6bb, 0xe69a, 0xe6ba, 0xdeba, 0xe6ba, 0xdeba, 0xce17, 0xe6db, 0xde9a, 0xe6bb, 0xe6bb, 0xdeba,
  0xe6db, 0xdeba, 0xdeba, 0xe6db, 0xe6bb, 0xe6bb, 0xe6bb, 0xe6bb, 0xe6db, 0xe6db, 0xe6db, 0xe6db, 0xe6db, 0xe6ba, 0xe6db, 0xde9a,
  0xde9a, 0xe6fb, 0xe6bb, 0xde7a, 0xeefb, 0xe6db, 0xe6db, 0xe6db, 0xe6db, 0xde9a, 0xe6fb, 0xe6fb, 0xe6db, 0xdedb, 0xdedb, 0xe6bb,
  0xe6bb, 0xe6bb, 0xde38, 0xde79, 0xe69a, 0xde9a, 0xde9a, 0xde79, 0xde59, 0xde58, 0xde58, 0xd658, 0xd637, 0xd637, 0xce16, 0xce16,
  0xcdf6, 0xcdf5, 0xc5d5, 0xcdd4, 0xbd73, 0xd657, 0x7bce, 0x0020, 0x0000, 0x0000, 0x0000, 0x0000, 0x0000, 0x0000, 0x0000, 0x0000,
  0x0000, 0x0000, 0x0000, 0x0000, 0x0000, 0x0000, 0x0000, 0x0000, 0x0000, 0x0000, 0x0000, 0x0000, 0x0000, 0x0000, 0x0000, 0x0000,
  0x0000, 0x0000, 0x0000, 0x0000, 0x0000, 0x0000, 0x0000, 0x0000, 0x0000, 0x0000, 0x0000, 0x0000, 0x0000, 0x0000, 0x0000, 0x0000,
  0x0000, 0x0000, 0x0000, 0x0000, 0x0000, 0x0000, 0x0000, 0x0000, 0x0000, 0x0000, 0x0000, 0x0000, 0x0000, 0x0000, 0x0000, 0x0000,
  0x0000, 0x0000, 0x0000, 0x0000, 0x0000, 0x0000, 0x0000, 0x0000, 0x0000, 0x0000, 0x0000, 0x0000, 0x0000, 0x0000, 0x0000, 0x0000,
  0x0000, 0x0000, 0x0000, 0x0000, 0x0000, 0x0000, 0x0000, 0x0000, 0x0000, 0x0000, 0x0000, 0x0000, 0x0000, 0x0000, 0x0020, 0x0861,
  0xce38, 0xef1a, 0xb573, 0xc5b4, 0xc5b4, 0xc5d5, 0xcdd5, 0xcdf6, 0xce16, 0xce16, 0xce37, 0xd657, 0xd658, 0xd658, 0xd658, 0xd659,
  0xde79, 0xde79, 0xde79, 0xe6ba, 0xde99, 0xdeba, 0xde99, 0xde99, 0xd6b9, 0xdeb9, 0xde99, 0xd5d7, 0xdd96, 0xe618, 0xddf8, 0xe69a,
  0xde79, 0xdeba, 0xdeba, 0xdeba, 0xdeba, 0xdeba, 0xde9a, 0xde9a, 0xde9a, 0xdeba, 0xde9a, 0xdeba, 0xdeba, 0xde9a, 0xdeba, 0xdeba,
  0xd679, 0xde38, 0xd5d7, 0xe69a, 0xdeba, 0xdeba, 0xdeda, 0xdeda, 0xdeba, 0xdeba, 0xdeba, 0xdeda, 0xdedb, 0xd659, 0xd5f8, 0xe6bb,
  0xe6bb, 0xe69a, 0xe6ba, 0xdeba, 0xe6ba, 0xdeba, 0xde9a, 0xe6db, 0xde9a, 0xe6bb, 0xe6bb, 0xdeba, 0xe6bb, 0xdeba, 0xdeba, 0xe6db,
  0xe6bb, 0xe6bb, 0xe6bb, 0xe6db, 0xe6db, 0xe6db, 0xe6db, 0xe6db, 0xe6db, 0xe6ba, 0xdeba, 0xde9a, 0xe6fb, 0xe6bb, 0xd638, 0xde7a,
  0xe6db, 0xe6db, 0xe71c, 0xe6db, 0xde9a, 0xde9a, 0xe6fb, 0xe6fb, 0xe6fb, 0xe6db, 0xe6db, 0xe6db, 0xe6bb, 0xe6bb, 0xde38, 0xe6ba,
  0xe6ba, 0xde9a, 0xe69a, 0xe69a, 0xde79, 0xde58, 0xd658, 0xd638, 0xd637, 0xd637, 0xd637, 0xce16, 0xce16, 0xcdf6, 0xcdf5, 0xc5d5,
  0xc5d5, 0xb553, 0xe6d9, 0x5aca, 0x0000, 0x0020, 0x0000, 0x0000, 0x0000, 0x0000, 0x0000, 0x0000, 0x0000, 0x0000, 0x0000, 0x0000,
  0x0000, 0x0000, 0x0000, 0x0000, 0x0000, 0x0000, 0x0000, 0x0000, 0x0000, 0x0000, 0x0000, 0x0000, 0x0000, 0x0000, 0x0000, 0x0000,
  0x0000, 0x0000, 0x0000, 0x0000, 0x0000, 0x0000, 0x0000, 0x0000, 0x0000, 0x0000, 0x0000, 0x0000, 0x0000, 0x0000, 0x0000, 0x0000,
  0x0000, 0x0000, 0x0000, 0x0000, 0x0000, 0x0000, 0x0000, 0x0000, 0x0000, 0x0000, 0x0000, 0x0000, 0x0000, 0x0000, 0x0000, 0x0000,
  0x0000, 0x0000, 0x0000, 0x0000, 0x0000, 0x0000, 0x0000, 0x0000, 0x0000, 0x0000, 0x0000, 0x0000, 0x0000, 0x0000, 0x0000, 0x0000,
  0x0000, 0x0000, 0x0000, 0x0000, 0x0000, 0x0000, 0x0000, 0x0000, 0x0000, 0x0020, 0x0000, 0x9cd2, 0xf75c, 0xbd94, 0xbd94, 0xc5b4,
  0xc5d4, 0xc5d5, 0xcdf5, 0xcdf6, 0xce16, 0xce37, 0xd637, 0xd658, 0xd658, 0xd658, 0xd658, 0xd679, 0xde99, 0xde38, 0xc596, 0xde79,
  0xe6ba, 0xd699, 0xdeba, 0xde99, 0xde9a, 0xd6b9, 0xde99, 0xde99, 0xcd75, 0xdd96, 0xddf8, 0xe69a, 0xe69a, 0xde79, 0xde9a, 0xdeba,
  0xde99, 0xdeba, 0xde9a, 0xde9a, 0xdeba, 0xdeba, 0xdeba, 0xde9a, 0xdeba, 0xde99, 0xdeba, 0xdeba, 0xd679, 0xde59, 0xde38, 0xe69a,
  0xdeba, 0xdeba, 0xdeda, 0xdeda, 0xdeba, 0xdeba, 0xdeba, 0xdeda, 0xdeba, 0xd659, 0xd5f8, 0xdeba, 0xe6bb, 0xe69a, 0xe6ba, 0xdeba,
  0xe6ba, 0xdeba, 0xde9a, 0xe6db, 0xde9a, 0xe6bb, 0xdeba, 0xdeba, 0xe6bb, 0xdeba, 0xe6db, 0xe6bb, 0xe6bb, 0xe6bb, 0xe6bb, 0xe6db,
  0xe6db, 0xe6db, 0xe6db, 0xe6db, 0xe6ba, 0xe6db, 0xde9a, 0xe6db, 0xe6fb, 0xe6bb, 0xde7a, 0xeefb, 0xe6db, 0xe6db, 0xe6db, 0xe69a,
  0xde9a, 0xe6fb, 0xe6db, 0xe6fb, 0xe6fb, 0xe6fb, 0xe6fb, 0xe6db, 0xe6db, 0xe69a, 0xd618, 0xeeba, 0xe6ba, 0xe69a, 0xde59, 0xd638,
  0xd659, 0xd658, 0xd638, 0xd638, 0xd637, 0xd657, 0xd637, 0xce37, 0xce16, 0xcdf6, 0xcdf6, 0xcdd5, 0xc5d5, 0xc5b4, 0xbd94, 0xce57,
  0x2945, 0x0000, 0x0000, 0x0000, 0x0000, 0x0000, 0x0000, 0x0000, 0x0000, 0x0000, 0x0000, 0x0000, 0x0000, 0x0000, 0x0000, 0x0000,
  0x0000, 0x0000, 0x0000, 0x0000, 0x0000, 0x0000, 0x0000, 0x0000, 0x0000, 0x0000, 0x0000, 0x0000, 0x0000, 0x0000, 0x0000, 0x0000,
  0x0000, 0x0000, 0x0000, 0x0000, 0x0000, 0x0000, 0x0000, 0x0000, 0x0000, 0x0000, 0x0000, 0x0000, 0x0000, 0x0000, 0x0000, 0x0000,
  0x0000, 0x0000, 0x0000, 0x0000, 0x0000, 0x0000, 0x0000, 0x0000, 0x0000, 0x0000, 0x0000, 0x0000, 0x0000, 0x0000, 0x0000, 0x0000,
  0x0000, 0x0000, 0x0000, 0x0000, 0x0000, 0x0000, 0x0000, 0x0000, 0x0000, 0x0000, 0x0000, 0x0000, 0x0000, 0x0000, 0x0000, 0x0000,
  0x0000, 0x0000, 0x0000, 0x0000, 0x0020, 0x0000, 0x39c7, 0xd678, 0xc5d5, 0xc594, 0xc5b4, 0xc5d4, 0xc5d5, 0xcdf5, 0xcdf6, 0xd616,
  0xd637, 0xd637, 0xd658, 0xd658, 0xd658, 0xde79, 0xde79, 0xd679, 0xd659, 0xde59, 0xde59, 0xde79, 0xde79, 0xd699, 0xdeba, 0xde99,
  0xde99, 0xd6b9, 0xd6b9, 0xde99, 0xd5d7, 0xcd75, 0xdd96, 0xddf8, 0xe69a, 0xde79, 0xdeba, 0xdeba, 0xdeba, 0xdeba, 0xdeba, 0xde9a,
  0xdeba, 0xdeba, 0xdeba, 0xde9a, 0xdeba, 0xdeba, 0xde9a, 0xdeba, 0xd679, 0xde59, 0xde38, 0xd5d7, 0xdeba, 0xdeba, 0xdeba, 0xdeda,
  0xdeba, 0xdeba, 0xdeba, 0xdeda, 0xdeba, 0xd659, 0xd5f8, 0xdeba, 0xe6bb, 0xe69a, 0xe6ba, 0xdeba, 0xe6ba, 0xce17, 0xde9a, 0xe6db,
  0xe6bb, 0xe6bb, 0xdeba, 0xdeba, 0xdeba, 0xdeba, 0xe6db, 0xe6bb, 0xe6bb, 0xe6bb, 0xe6bb, 0xe6db, 0xe6db, 0xe6db, 0xe6db, 0xe6db,
  0xe6ba, 0xdeba, 0xde9a, 0xe6fb, 0xe6bb, 0xde7a, 0xeefb, 0xe6db, 0xe6db, 0xe6db, 0xe6db, 0xde9a, 0xe6bb, 0xe6fb, 0xe6db, 0xe6db,
  0xe6db, 0xe6fb, 0xe6fb, 0xe6db, 0xe6db, 0xe69a, 0xde38, 0xeedb, 0xe6ba, 0xcdf7, 0xd618, 0xde9a, 0xde9a, 0xde99, 0xde99, 0xde79,
  0xd678, 0xd658, 0xd657, 0xce37, 0xce37, 0xce37, 0xce16, 0xcdf6, 0xc5d5, 0xc5d5, 0xc5b4, 0xbd93, 0xdeb9, 0x39e7, 0x0000, 0x0000,
  0x0000, 0x0000, 0x0000, 0x0000, 0x0000, 0x0000, 0x0000, 0x0000, 0x0000, 0x0000, 0x0000, 0x0000, 0x0000, 0x0000, 0x0000, 0x0000,
  0x0000, 0x0000, 0x0000, 0x0000, 0x0000, 0x0000, 0x0000, 0x0000, 0x0000, 0x0000, 0x0000, 0x0000, 0x0000, 0x0000, 0x0000, 0x0000,
  0x0000, 0x0000, 0x0000, 0x0000, 0x0000, 0x0000, 0x0000, 0x0000, 0x0000, 0x0000, 0x0000, 0x0000, 0x0000, 0x0000, 0x0000, 0x0000,
  0x0000, 0x0000, 0x0000, 0x0000, 0x0000, 0x0000, 0x0000, 0x0000, 0x0000, 0x0000, 0x0000, 0x0000, 0x0000, 0x0000, 0x0000, 0x0000,
  0x0000, 0x0000, 0x0000, 0x0000, 0x0000, 0x0000, 0x0000, 0x0000, 0x0000, 0x0000, 0x0000, 0x0000, 0x0000, 0x0000, 0x0000, 0x0000,
  0x0000, 0x7bae, 0xa513, 0xd678, 0xbd94, 0xc5b4, 0xc5b5, 0xc5d5, 0xcdf5, 0xcdf6, 0xd616, 0xd637, 0xd637, 0xd658, 0xd658, 0xd658,
  0xd679, 0xde79, 0xde99, 0xde99, 0xde9a, 0xe6ba, 0xde38, 0xde38, 0xde79, 0xde79, 0xd699, 0xdeba, 0xde99, 0xde99, 0xd6b9, 0xd6b9,
  0xde99, 0xd5d7, 0xdd96, 0xe618, 0xddf8, 0xe69a, 0xde79, 0xde9a, 0xdeba, 0xde99, 0xdeba, 0xde9a, 0xde9a, 0xde9a, 0xdeba, 0xdeba,
  0xdeba, 0xdeba, 0xde9a, 0xdeba, 0xdeba, 0xde59, 0xde38, 0xd5d7, 0xe69a, 0xdeba, 0xdeba, 0xdeda, 0xdeba, 0xdeba, 0xdeba, 0xdeda,
  0xdeba, 0xd659, 0xd5f8, 0xdeba, 0xe6bb, 0xe69a, 0xe6ba, 0xdeba, 0xdeba, 0xce17, 0xde9a, 0xde9a, 0xe6bb, 0xe6bb, 0xdeba, 0xe6bb,
  0xdeba, 0xdeba, 0xe6db, 0xe6bb, 0xe6bb, 0xe6bb, 0xe6db, 0xe6db, 0xe6db, 0xe6db, 0xe6db, 0xe6ba, 0xe6db, 0xde9a, 0xe6db, 0xe6bb,
  0xd638, 0xde7a, 0xe6db, 0xe6db, 0xe6db, 0xe6db, 0xde9a, 0xe6bb, 0xe6fb, 0xe6db, 0xe6db, 0xe6db, 0xe6fb, 0xe6fb, 0xe6fb, 0xe6db,
  0xeefb, 0xde7a, 0xd618, 0xf6fb, 0xd618, 0xd638, 0xeedb, 0xe6ba, 0xdeba, 0xde9a, 0xde99, 0xde79, 0xd679, 0xd678, 0xd658, 0xd657,
  0xce57, 0xce57, 0xce16, 0xcdf6, 0xcdd6, 0xc5d5, 0xc5d4, 0xbdb4, 0xc5f5, 0xad53, 0x2965, 0x2104, 0x0000, 0x0000, 0x0000, 0x0000,
  0x0000, 0x0000, 0x0000, 0x0000, 0x0000, 0x0000, 0x0000, 0x0000, 0x0000, 0x0000, 0x0000, 0x0000, 0x0000, 0x0000, 0x0000, 0x0000,
  0x0000, 0x0000, 0x0000, 0x0000, 0x0000, 0x0000, 0x0000, 0x0000, 0x0000, 0x0000, 0x0000, 0x0000, 0x0000, 0x0000, 0x0000, 0x0000,
  0x0000, 0x0000, 0x0000, 0x0000, 0x0000, 0x0000, 0x0000, 0x0000, 0x0000, 0x0000, 0x0000, 0x0000, 0x0000, 0x0000, 0x0000, 0x0000,
  0x0000, 0x0000, 0x0000, 0x0000, 0x0000, 0x0000, 0x0000, 0x0000, 0x0000, 0x0000, 0x0000, 0x0000, 0x0000, 0x0000, 0x0000, 0x0000,
  0x0000, 0x0000, 0x0000, 0x0000, 0x0000, 0x0000, 0x0000, 0x0000, 0x0000, 0x0000, 0x0000, 0x0000, 0x0861, 0xb575, 0xdeb9, 0xbd74,
  0xc5b5, 0xcdb5, 0xcdd5, 0xcdd6, 0xce16, 0xd617, 0xd5d6, 0xd617, 0xd658, 0xd658, 0xd678, 0xde79, 0xde79, 0xde99, 0xde9a, 0xdeba,
  0xdeba, 0xd659, 0xd659, 0xde38, 0xde38, 0xde79, 0xde79, 0xd699, 0xdeba, 0xde99, 0xde99, 0xd6b9, 0xdeb9, 0xde99, 0xcd75, 0xdd96,
  0xddf8, 0xe69a, 0xde79, 0xdeba, 0xdeba, 0xdeba, 0xdeba, 0xdeba, 0xde9a, 0xdeba, 0xdeba, 0xdeba, 0xde9a, 0xdeba, 0xde99, 0xdeba,
  0xdeba, 0xd679, 0xde38, 0xd5d7, 0xe69a, 0xdeba, 0xdeba, 0xdeda, 0xdeba, 0xdeba, 0xdeba, 0xdeda, 0xdeba, 0xd659, 0xd5f8, 0xdeba,
  0xe6bb, 0xe69a, 0xe6ba, 0xdeba, 0xdeba, 0xce17, 0xde9a, 0xde9a, 0xe6bb, 0xe6bb, 0xdeba, 0xe6bb, 0xdeba, 0xe6db, 0xe6bb, 0xe6bb,
  0xe6bb, 0xe6bb, 0xe6db, 0xe6db, 0xe6db, 0xe6db, 0xe6db, 0xe6ba, 0xdeba, 0xde9a, 0xe6fb, 0xe6bb, 0xde7a, 0xeefb, 0xe6db, 0xe71c,
  0xe6db, 0xde9a, 0xe6bb, 0xe6fb, 0xe6db, 0xe6db, 0xe6db, 0xe6fb, 0xe6fb, 0xe6db, 0xe6db, 0xe6fb, 0xeefb, 0xde59, 0xde59, 0xe69a,
  0xd5f7, 0xf6fb, 0xeeba, 0xdeba, 0xdeba, 0xdeba, 0xdeba, 0xde99, 0xde99, 0xd679, 0xd678, 0xd658, 0xd657, 0xce57, 0xce36, 0xce16,
  0xcdf6, 0xcdd6, 0xc5d5, 0xc5d4, 0xb573, 0xd678, 0x736d, 0x0000, 0x0000, 0x0000, 0x0000, 0x0000, 0x0000, 0x0000, 0x0000, 0x0000,
  0x0000, 0x0000, 0x0000, 0x0000, 0x0000, 0x0000, 0x0000, 0x0000, 0x0000, 0x0000, 0x0000, 0x0000, 0x0000, 0x0000, 0x0000, 0x0000,
  0x0000, 0x0000, 0x0000, 0x0000, 0x0000, 0x0000, 0x0000, 0x0000, 0x0000, 0x0000, 0x0000, 0x0000, 0x0000, 0x0000, 0x0000, 0x0000,
  0x0000, 0x0000, 0x0000, 0x0000, 0x0000, 0x0000, 0x0000, 0x0000, 0x0000, 0x0000, 0x0000, 0x0000, 0x0000, 0x0000, 0x0000, 0x0000,
  0x0000, 0x0000, 0x0000, 0x0000, 0x0000, 0x0000, 0x0000, 0x0000, 0x0000, 0x0000, 0x0000, 0x0000, 0x0000, 0x0000, 0x0000, 0x0000,
  0x0000, 0x0000, 0x0000, 0x0000, 0x0000, 0x0000, 0x0000, 0x1081, 0xce37, 0xeefa, 0xbd74, 0xc5b4, 0xc5b5, 0xc5d5, 0xcdd5, 0xcdf6,
  0xce17, 0xd617, 0xd5d6, 0xd5d6, 0xde58, 0xd658, 0xde79, 0xde99, 0xde99, 0xde99, 0xdeba, 0xdeba, 0xde99, 0xde99, 0xd659, 0xd659,
  0xde38, 0xde38, 0xde79, 0xe6ba, 0xd699, 0xdeba, 0xde99, 0xde99, 0xd6b9, 0xde99, 0xd5d7, 0xcd75, 0xdd96, 0xddf8, 0xe69a, 0xde79,
  0xde9a, 0xdeba, 0xde99, 0xdeba, 0xde9a, 0xde9a, 0xde9a, 0xdeba, 0xde9a, 0xdeba, 0xdeba, 0xde9a, 0xdeba, 0xd679, 0xde59, 0xd5d7,
  0xe69a, 0xdeba, 0xdeba, 0xdeda, 0xdeba, 0xdeba, 0xdeba, 0xdeda, 0xdeba, 0xd659, 0xd5f8, 0xdeba, 0xe6bb, 0xe6ba, 0xe6ba, 0xdeba,
  0xdeba, 0xce17, 0xe6db, 0xde9a, 0xe6bb, 0xdeba, 0xdeba, 0xe6bb, 0xdeba, 0xe6db, 0xe6bb, 0xe6bb, 0xe6bb, 0xe6db, 0xe6db, 0xe6db,
  0xe6db, 0xe6db, 0xe6ba, 0xe6db, 0xde9a, 0xe6fb, 0xe6bb, 0xde7a, 0xeefb, 0xe6db, 0xe6db, 0xe6db, 0xde9a, 0xde9a, 0xe6fb, 0xe6db,
  0xe6fb, 0xe6db, 0xe6fb, 0xe6fb, 0xe6db, 0xe6db, 0xeefb, 0xde7a, 0xeefc, 0xde39, 0xe659, 0xd5f7, 0xe679, 0xeedb, 0xe6db, 0xe6ba,
  0xdeba, 0xdeba, 0xdeba, 0xde9a, 0xde99, 0xde99, 0xd679, 0xd678, 0xd678, 0xd677, 0xce57, 0xce17, 0xce16, 0xcdf6, 0xcdd5, 0xc5d5,
  0xc5d5, 0xbd94, 0xd658, 0x630c, 0x0000, 0x0000, 0x0000, 0x0000, 0x0000, 0x0000, 0x0000, 0x0000, 0x0000, 0x0000, 0x0000, 0x0000,
  0x0000, 0x0000, 0x0000, 0x0000, 0x0000, 0x0000, 0x0000, 0x0000, 0x0000, 0x0000, 0x0000, 0x0000, 0x0000, 0x0000, 0x0000, 0x0000,
  0x0000, 0x0000, 0x0000, 0x0000, 0x0000, 0x0000, 0x0000, 0x0000, 0x0000, 0x0000, 0x0000, 0x0000, 0x0000, 0x0000, 0x0000, 0x0000,
  0x0000, 0x0000, 0x0000, 0x0000, 0x0000, 0x0000, 0x0000, 0x0000, 0x0000, 0x0000, 0x0000, 0x0000, 0x0000, 0x0000, 0x0000, 0x0000,
  0x0000, 0x0000, 0x0000, 0x0000, 0x0000, 0x0000, 0x0000, 0x0000, 0x0000, 0x0000, 0x0000, 0x0000, 0x0000, 0x0000, 0x0000, 0x0000,
  0x0000, 0x0000, 0x0020, 0xc5f6, 0xf77c, 0xbd94, 0xc5b4, 0xc5b4, 0xc5b5, 0xc5d5, 0xcdf6, 0xce16, 0xce17, 0xd637, 0xd5d6, 0xd5b6,
  0xe659, 0xde58, 0xde99, 0xde9a, 0xde9a, 0xde9a, 0xe6ba, 0xde99, 0xde9a, 0xde99, 0xde99, 0xd659, 0xd659, 0xde38, 0xde38, 0xde79,
  0xe6ba, 0xd699, 0xdeba, 0xde99, 0xd6b9, 0xd6b9, 0xde99, 0xd5d7, 0xdd96, 0xe618, 0xe69a, 0xe69a, 0xde79, 0xde9a, 0xdeba, 0xde99,
  0xdeba, 0xde9a, 0xdeba, 0xdeba, 0xdeba, 0xde9a, 0xdeba, 0xde9a, 0xdeba, 0xd679, 0xde59, 0xde38, 0xe69a, 0xdeba, 0xdeba, 0xdeda,
  0xdeda, 0xdeba, 0xdeba, 0xdeda, 0xdeba, 0xd659, 0xd5f8, 0xdeba, 0xe6bb, 0xe6ba, 0xe6ba, 0xe6ba, 0xdeba, 0xde9a, 0xe6db, 0xde9a,
  0xe6bb, 0xdeba, 0xdeba, 0xdeba, 0xdeba, 0xe6db, 0xe6bb, 0xe6bb, 0xe6bb, 0xe6db, 0xe6db, 0xe6db, 0xe6db, 0xe6ba, 0xe6db, 0xde9a,
  0xe6db, 0xe6fb, 0xd638, 0xde7a, 0xe6db, 0xe6db, 0xe6db, 0xe6db, 0xde9a, 0xe6fb, 0xe6db, 0xe6fb, 0xe6db, 0xe6fb, 0xe6fb, 0xe6db,
  0xe6db, 0xeefb, 0xde7a, 0xde59, 0xe659, 0xe639, 0xddb6, 0xd5b6, 0xe6db, 0xdefb, 0xe6db, 0xe6bb, 0xdeda, 0xdeda, 0xe69a, 0xde9a,
  0xde99, 0xde99, 0xde99, 0xde79, 0xd678, 0xd658, 0xd658, 0xce37, 0xce37, 0xce16, 0xcdf6, 0xcdf5, 0xc5d5, 0xc5b5, 0xbd94, 0xe6b9,
  0x31a6, 0x2944, 0x0000, 0x0000, 0x0000, 0x0000, 0x0000, 0x0000, 0x0000, 0x0000, 0x0000, 0x0000, 0x0000, 0x0000, 0x0000, 0x0000,
  0x0000, 0x0000, 0x0000, 0x0000, 0x0000, 0x0000, 0x0000, 0x0000, 0x0000, 0x0000, 0x0000, 0x0000, 0x0000, 0x0000, 0x0000, 0x0000,
  0x0000, 0x0000, 0x0000, 0x0000, 0x0000, 0x0000, 0x0000, 0x0000, 0x0000, 0x0000, 0x0000, 0x0000, 0x0000, 0x0000, 0x0000, 0x0000,
  0x0000, 0x0000, 0x0000, 0x0000, 0x0000, 0x0000, 0x0000, 0x0000, 0x0000, 0x0000, 0x0000, 0x0000, 0x0000, 0x0000, 0x0000, 0x0000,
  0x0000, 0x0000, 0x0000, 0x0000, 0x0000, 0x0000, 0x0000, 0x0000, 0x0000, 0x0000, 0x0000, 0x0000, 0x0020, 0x0000, 0x52aa, 0xfffe,
  0xc5d5, 0xbd94, 0xc5b4, 0xc5b4, 0xc5d5, 0xcdd6, 0xcdf6, 0xce17, 0xce17, 0xd658, 0xd5f7, 0xd596, 0xe679, 0xde79, 0xde99, 0xde9a,
  0xe69a, 0xde9a, 0xde9a, 0xde99, 0xde99, 0xde9a, 0xde99, 0xde99, 0xd659, 0xd659, 0xde38, 0xde38, 0xde79, 0xe6ba, 0xd699, 0xde99,
  0xde99, 0xd6b9, 0xd6b9, 0xde99, 0xcd75, 0xdd96, 0xddf8, 0xe69a, 0xde79, 0xdeba, 0xdeba, 0xde99, 0xdeba, 0xde9a, 0xde9a, 0xde9a,
  0xdeba, 0xde9a, 0xdeba, 0xde99, 0xdeba, 0xdeba, 0xde59, 0xde38, 0xd5d7, 0xdeba, 0xdeba, 0xdeda, 0xdeda, 0xdeba, 0xdeba, 0xdeda,
  0xdeba, 0xd659, 0xd5f8, 0xdeba, 0xe6bb, 0xe6ba, 0xe6ba, 0xe6ba, 0xdeba, 0xde9a, 0xe6db, 0xe6bb, 0xe6bb, 0xdeba, 0xe6bb, 0xdeba,
  0xe6db, 0xe6bb, 0xe6bb, 0xe6bb, 0xe6db, 0xe6db, 0xe6db, 0xe6db, 0xe6db, 0xe6ba, 0xdeba, 0xde9a, 0xe6fb, 0xe6bb, 0xde7a, 0xeefb,
  0xe6db, 0xe6db, 0xe6db, 0xde9a, 0xe6bb, 0xe6db, 0xe6fb, 0xe6db, 0xe6fb, 0xe6fb, 0xe6db, 0xe6db, 0xeefb, 0xde7a, 0xde59, 0xe659,
  0xe659, 0xd5b6, 0xbc72, 0xddd7, 0xeefb, 0xdefb, 0xe6db, 0xe6db, 0xe6da, 0xe6da, 0xe6ba, 0xe6ba, 0xde9a, 0xde99, 0xde99, 0xde79,
  0xd678, 0xd678, 0xd658, 0xd657, 0xd637, 0xd637, 0xce16, 0xcdf6, 0xc5d5, 0xc5b5, 0xc594, 0xc5d5, 0xbdb5, 0x1082, 0x0000, 0x0000,
  0x0000, 0x0000, 0x0000, 0x0000, 0x0000, 0x0000, 0x0000, 0x0000, 0x0000, 0x0000, 0x0000, 0x0000, 0x0000, 0x0000, 0x0000, 0x0000,
  0x0000, 0x0000, 0x0000, 0x0000, 0x0000, 0x0000, 0x0000, 0x0000, 0x0000, 0x0000, 0x0000, 0x0000, 0x0000, 0x0000, 0x0000, 0x0000,
  0x0000, 0x0000, 0x0000, 0x0000, 0x0000, 0x0000, 0x0000, 0x0000, 0x0000, 0x0000, 0x0000, 0x0000, 0x0000, 0x0000, 0x0000, 0x0000,
  0x0000, 0x0000, 0x0000, 0x0000, 0x0000, 0x0000, 0x0000, 0x0000, 0x0000, 0x0000, 0x0000, 0x0000, 0x0000, 0x0000, 0x0000, 0x0000,
  0x0000, 0x0000, 0x0000, 0x0000, 0x0000, 0x0000, 0x0000, 0x0000, 0x0000, 0x0000, 0xce58, 0xdeb9, 0xbd74, 0xc5d5, 0xc5b4, 0xcdd5,
  0xc5d5, 0xcdf6, 0xce16, 0xd617, 0xce37, 0xd658, 0xddf7, 0xcd76, 0xe679, 0xde99, 0xde99, 0xde9a, 0xe6ba, 0xde9a, 0xde9a, 0xde9a,
  0xde99, 0xde99, 0xde9a, 0xde99, 0xde99, 0xd659, 0xd659, 0xde38, 0xc596, 0xde79, 0xd699, 0xdeba, 0xde99, 0xde99, 0xd6b9, 0xde99,
  0xd5d7, 0xcd75, 0xdd96, 0xddf8, 0xe69a, 0xde79, 0xde9a, 0xdeba, 0xde99, 0xdeba, 0xde9a, 0xdeba, 0xdeba, 0xdeba, 0xdeba, 0xdeba,
  0xde9a, 0xdeba, 0xd679, 0xde38, 0xd5d7, 0xe69a, 0xdeba, 0xdeba, 0xdeda, 0xdeba, 0xdeba, 0xdeda, 0xdeba, 0xd659, 0xd5f8, 0xdeba,
  0xe6bb, 0xe6ba, 0xdeba, 0xe6ba, 0xce17, 0xde9a, 0xde9a, 0xe6bb, 0xe6bb, 0xdeba, 0xe6bb, 0xdeba, 0xe6db, 0xe6bb, 0xe6bb, 0xe6bb,
  0xe6db, 0xe6db, 0xe6db, 0xe6db, 0xe6ba, 0xe6db, 0xde9a, 0xe6db, 0xe6bb, 0xde7a, 0xeefb, 0xe6db, 0xe6db, 0xe6db, 0xde9a, 0xe6bb,
  0xe6fb, 0xe6db, 0xe6db, 0xe6fb, 0xe6fb, 0xe6db, 0xe6db, 0xeefb, 0xde7a, 0xde59, 0xe659, 0xe659, 0xd5b6, 0xd5b6, 0xeefb, 0xee59,
  0xeefb, 0xdf1b, 0xe6fb, 0xe6db, 0xe6db, 0xe6db, 0xe6db, 0xe6ba, 0xe6ba, 0xde99, 0xde99, 0xde79, 0xde79, 0xd679, 0xd678, 0xd658,
  0xd657, 0xd637, 0xce17, 0xcdf6, 0xcdd6, 0xc5d5, 0xc5d5, 0xbd94, 0xce56, 0x736d, 0x0000, 0x0000, 0x0000, 0x0000, 0x0000, 0x0000,
  0x0000, 0x0000, 0x0000, 0x0000, 0x0000, 0x0000, 0x0000, 0x0000, 0x0000, 0x0000, 0x0000, 0x0000, 0x0000, 0x0000, 0x0000, 0x0000,
  0x0000, 0x0000, 0x0000, 0x0000, 0x0000, 0x0000, 0x0000, 0x0000, 0x0000, 0x0000, 0x0000, 0x0000, 0x0000, 0x0000, 0x0000, 0x0000,
  0x0000, 0x0000, 0x0000, 0x0000, 0x0000, 0x0000, 0x0000, 0x0000, 0x0000, 0x0000, 0x0000, 0x0000, 0x0000, 0x0000, 0x0000, 0x0000,
  0x0000, 0x0000, 0x0000, 0x0000, 0x0000, 0x0000, 0x0000, 0x0000, 0x0000, 0x0000, 0x0000, 0x0000, 0x0000, 0x0000, 0x0000, 0x0000,
  0x0000, 0x0000, 0x0000, 0x0000, 0x39e7, 0xc638, 0xdeda, 0xbdb5, 0xbd94, 0xc5b4, 0xc5d5, 0xcdf5, 0xcdf6, 0xce16, 0xd617, 0xd637,
  0xd638, 0xd658, 0xde18, 0xcd55, 0xde58, 0xde99, 0xde99, 0xdeba, 0xde9a, 0xde9a, 0xde9a, 0xde9a, 0xde9a, 0xde99, 0xde99, 0xde9a,
  0xde99, 0xde99, 0xd659, 0xd659, 0xde38, 0xc596, 0xde79, 0xd699, 0xdeba, 0xde99, 0xde99, 0xd6b9, 0xde99, 0xd5d7, 0xdd96, 0xddf8,
  0xe69a, 0xde79, 0xdeba, 0xdeba, 0xde99, 0xdeba, 0xde9a, 0xde9a, 0xdeba, 0xdeba, 0xde9a, 0xdeba, 0xde9a, 0xdeba, 0xd679, 0xde59,
  0xd5d7, 0xe69a, 0xdeba, 0xdeba, 0xdeda, 0xdeba, 0xdeba, 0xdeda, 0xdeba, 0xd659, 0xd5f8, 0xdeba, 0xe6bb, 0xe6ba, 0xdeba, 0xe6ba,
  0xce17, 0xde9a, 0xde9a, 0xe6bb, 0xdeba, 0xdeba, 0xdeba, 0xdeba, 0xe6db, 0xe6bb, 0xe6bb, 0xe6bb, 0xe6db, 0xe6db, 0xe6db, 0xe6db,
  0xe6ba, 0xdeba, 0xde9a, 0xe6fb, 0xe6bb, 0xde7a, 0xe6db, 0xe6db, 0xe6db, 0xde9a, 0xe6bb, 0xe6fb, 0xe6db, 0xe6db, 0xe6fb, 0xe6fb,
  0xe6db, 0xe6db, 0xeefb, 0xde7a, 0xde59, 0xe659, 0xe659, 0xd5b6, 0xd5b6, 0xeefb, 0xeefb, 0xeefb, 0xeefb, 0xdf1b, 0xe6fb, 0xe6fb,
  0xe6db, 0xe6db, 0xe6ba, 0xe6ba, 0xe6ba, 0xe6ba, 0xde99, 0xde99, 0xde99, 0xd699, 0xd679, 0xd678, 0xd658, 0xd637, 0xd617, 0xce16,
  0xcdf6, 0xcdf6, 0xc5d4, 0xc5b4, 0xbd93, 0xd698, 0x2945, 0x0020, 0x0000, 0x0000, 0x0000, 0x0000, 0x0000, 0x0000, 0x0000, 0x0000,
  0x0000, 0x0000, 0x0000, 0x0000, 0x0000, 0x0000, 0x0000, 0x0000, 0x0000, 0x0000, 0x0000, 0x0000, 0x0000, 0x0000, 0x0000, 0x0000,
  0x0000, 0x0000, 0x0000, 0x0000, 0x0000, 0x0000, 0x0000, 0x0000, 0x0000, 0x0000, 0x0000, 0x0000, 0x0000, 0x0000, 0x0000, 0x0000,
  0x0000, 0x0000, 0x0000, 0x0000, 0x0000, 0x0000, 0x0000, 0x0000, 0x0000, 0x0000, 0x0000, 0x0000, 0x0000, 0x0000, 0x0000, 0x0000,
  0x0000, 0x0000, 0x0000, 0x0000, 0x0000, 0x0000, 0x0000, 0x0000, 0x0000, 0x0000, 0x0000, 0x0000, 0x0000, 0x0000, 0x0000, 0x0000,
  0x31a6, 0xad74, 0xd678, 0xbd94, 0xc5d5, 0xc5b4, 0xcdd5, 0xcdf5, 0xce16, 0xce17, 0xd617, 0xd637, 0xd658, 0xde58, 0xde18, 0xc535,
  0xde58, 0xe699, 0xdeba, 0xde99, 0xde99, 0xde99, 0xde9a, 0xde9a, 0xde9a, 0xde9a, 0xde99, 0xde99, 0xde9a, 0xde99, 0xde99, 0xd659,
  0xd659, 0xde38, 0xde79, 0xde79, 0xd699, 0xdeba, 0xde99, 0xde9a, 0xd6b9, 0xde99, 0xcd75, 0xdd96, 0xddf8, 0xe69a, 0xde79, 0xde9a,
  0xdeba, 0xde99, 0xdeba, 0xde9a, 0xde9a, 0xdeba, 0xde9a, 0xdeba, 0xde99, 0xdeba, 0xdeba, 0xde59, 0xde38, 0xe69a, 0xdeba, 0xdeba,
  0xdeda, 0xdeba, 0xdeba, 0xdeba, 0xdeba, 0xd659, 0xd5f8, 0xdeba, 0xe69a, 0xe6ba, 0xdeba, 0xe6ba, 0xce17, 0xe6db, 0xde9a, 0xe6bb,
  0xdeba, 0xe6bb, 0xdeba, 0xe6db, 0xe6bb, 0xe6bb, 0xe6bb, 0xe6db, 0xe6db, 0xe6db, 0xe6db, 0xe6ba, 0xe6db, 0xde9a, 0xe6fb, 0xe6bb,
  0xde7a, 0xeefb, 0xe6db, 0xe6db, 0xe69a, 0xde9a, 0xe6fb, 0xe6db, 0xe6db, 0xe6db, 0xe6fb, 0xe6db, 0xe6db, 0xeefb, 0xde7a, 0xde59,
  0xe659, 0xe659, 0xd5b6, 0xd5b6, 0xeefb, 0xeefb, 0xdf1b, 0xdf1b, 0xdf1b, 0xe71b, 0xe6fb, 0xe6fb, 0xe6fb, 0xe6db, 0xe6db, 0xe6ba,
  0xe6ba, 0xe6ba, 0xde99, 0xde99, 0xde99, 0xde99, 0xd679, 0xd679, 0xd658, 0xd637, 0xd637, 0xce17, 0xce17, 0xcdf6, 0xcdd5, 0xc5d4,
  0xc5b4, 0xc5d5, 0xbdb5, 0x3186, 0x0000, 0x0000, 0x0000, 0x0000, 0x0000, 0x0000, 0x0000, 0x0000, 0x0000, 0x0000, 0x0000, 0x0000,
  0x0000, 0x0000, 0x0000, 0x0000, 0x0000, 0x0000, 0x0000, 0x0000, 0x0000, 0x0000, 0x0000, 0x0000, 0x0000, 0x0000, 0x0000, 0x0000,
  0x0000, 0x0000, 0x0000, 0x0000, 0x0000, 0x0000, 0x0000, 0x0000, 0x0000, 0x0000, 0x0000, 0x0000, 0x0000, 0x0000, 0x0000, 0x0000,
  0x0000, 0x0000, 0x0000, 0x0000, 0x0000, 0x0000, 0x0000, 0x0000, 0x0000, 0x0000, 0x0000, 0x0000, 0x0000, 0x0000, 0x0000, 0x0000,
  0x0000, 0x0000, 0x0000, 0x0000, 0x0000, 0x0000, 0x0000, 0x0000, 0x0000, 0x0000, 0x0000, 0x18e3, 0xb5b6, 0xc5d6, 0xc5d5, 0xc5b4,
  0xc5b4, 0xcdd5, 0xcdf5, 0xce16, 0xce17, 0xd617, 0xd637, 0xd638, 0xd658, 0xde79, 0xddf8, 0xc514, 0xe679, 0xe6ba, 0xe699, 0xe699,
  0xde99, 0xde99, 0xde99, 0xde9a, 0xde9a, 0xde9a, 0xde9a, 0xde99, 0xde99, 0xde9a, 0xde99, 0xde99, 0xd659, 0xd659, 0xde38, 0xde79,
  0xde79, 0xd699, 0xdeba, 0xde99, 0xd6b9, 0xdeb9, 0xd5d7, 0xcd75, 0xdd96, 0xddf8, 0xe69a, 0xdeba, 0xdeba, 0xde99, 0xdeba, 0xde9a,
  0xdeba, 0xdeba, 0xdeba, 0xdeba, 0xdeba, 0xde9a, 0xdeba, 0xd679, 0xde38, 0xe69a, 0xdeba, 0xdeba, 0xdeda, 0xdeba, 0xdeba, 0xdeba,
  0xdeba, 0xd659, 0xd5f8, 0xdeba, 0xe69a, 0xe6ba, 0xdeba, 0xdeba, 0xce17, 0xe6db, 0xde9a, 0xe6bb, 0xdeba, 0xe6bb, 0xdeba, 0xe6db,
  0xe6bb, 0xe6bb, 0xe6bb, 0xe6db, 0xe6db, 0xe6db, 0xe6db, 0xe6ba, 0xdeba, 0xe6db, 0xe6bb, 0xde7a, 0xeefb, 0xe6db, 0xe71c, 0xe6db,
  0xde9a, 0xe6fb, 0xe6db, 0xe6db, 0xe6db, 0xe6fb, 0xe6db, 0xe6db, 0xeefb, 0xde7a, 0xde59, 0xe659, 0xe659, 0xd5b6, 0xd5b6, 0xeefb,
  0xeefb, 0xdf1b, 0xdf1b, 0xdf1b, 0xe6fb, 0xe6fb, 0xeefc, 0xe6fb, 0xe6fb, 0xe6db, 0xe6db, 0xe6db, 0xe6da, 0xe6da, 0xdeba, 0xde99,
  0xde99, 0xde99, 0xde79, 0xd679, 0xd658, 0xd658, 0xd638, 0xd637, 0xd636, 0xce16, 0xcdf5, 0xcdd5, 0xc5b4, 0xbd73, 0xd677, 0x52a9,
  0x0020, 0x0000, 0x0000, 0x0000, 0x0000, 0x0000, 0x0000, 0x0000, 0x0000, 0x0000, 0x0000, 0x0000, 0x0000, 0x0000, 0x0000, 0x0000,
  0x0000, 0x0000, 0x0000, 0x0000, 0x0000, 0x0000, 0x0000, 0x0000, 0x0000, 0x0000, 0x0000, 0x0000, 0x0000, 0x0000, 0x0000, 0x0000,
  0x0000, 0x0000, 0x0000, 0x0000, 0x0000, 0x0000, 0x0000, 0x0000, 0x0000, 0x0000, 0x0000, 0x0000, 0x0000, 0x0000, 0x0000, 0x0000,
  0x0000, 0x0000, 0x0000, 0x0000, 0x0000, 0x0000, 0x0000, 0x0000, 0x0000, 0x0000, 0x0000, 0x0000, 0x0000, 0x0000, 0x0000, 0x0000,
  0x0000, 0x0000, 0x0000, 0x0000, 0x0000, 0x0020, 0x0000, 0x8410, 0xffde, 0xbdb5, 0xc5b4, 0xc5d5, 0xc5b4, 0xcdd5, 0xcdf5, 0xce16,
  0xd617, 0xd638, 0xd638, 0xd658, 0xd658, 0xde99, 0xddf8, 0xc514, 0xe659, 0xe6da, 0xe679, 0xe699, 0xe699, 0xde99, 0xde99, 0xde99,
  0xde9a, 0xde9a, 0xde9a, 0xde9a, 0xde99, 0xde99, 0xde9a, 0xde99, 0xde99, 0xd659, 0xd659, 0xde38, 0xde79, 0xe6ba, 0xd699, 0xde99,
  0xde99, 0xd6b9, 0xde99, 0xd5d7, 0xdd96, 0xddf8, 0xe69a, 0xde79, 0xde9a, 0xdeba, 0xde99, 0xdeba, 0xde9a, 0xde9a, 0xdeba, 0xde9a,
  0xdeba, 0xde9a, 0xdeba, 0xd679, 0xde38, 0xd5d7, 0xdeba, 0xdeba, 0xdeda, 0xdeba, 0xdeba, 0xdeba, 0xdeba, 0xd659, 0xd5f8, 0xdeba,
  0xe69a, 0xe6ba, 0xdeba, 0xdeba, 0xde9a, 0xe6db, 0xe6bb, 0xe6bb, 0xdeba, 0xdeba, 0xdeba, 0xe6bb, 0xe6bb, 0xe6bb, 0xe6db, 0xe6db,
  0xe6db, 0xe6db, 0xe6ba, 0xe6db, 0xde9a, 0xe6fb, 0xe6bb, 0xde7a, 0xe6db, 0xe6db, 0xe6db, 0xde9a, 0xe6bb, 0xe6db, 0xe6fb, 0xe6db,
  0xe6fb, 0xe6db, 0xe6db, 0xeefb, 0xde7a, 0xde59, 0xe659, 0xe659, 0xd5b6, 0xd5b6, 0xeefb, 0xeefb, 0xdf1b, 0xdf1b, 0xe6fb, 0xe6fb,
  0xe6fb, 0xe6fb, 0xeefc, 0xef1c, 0xef1c, 0xeefb, 0xeefb, 0xeedb, 0xe6da, 0xe6da, 0xe6ba, 0xdeb9, 0xdeba, 0xde9a, 0xde99, 0xde79,
  0xde79, 0xde58, 0xd638, 0xd638, 0xd636, 0xce16, 0xcdf6, 0xcdf6, 0xc5b5, 0xc5d5, 0xbd93, 0xdeda, 0x39e7, 0x0000, 0x0000, 0x0000,
  0x0000, 0x0000, 0x0000, 0x0000, 0x0000, 0x0000, 0x0000, 0x0000, 0x0000, 0x0000, 0x0000, 0x0000, 0x0000, 0x0000, 0x0000, 0x0000,
  0x0000, 0x0000, 0x0000, 0x0000, 0x0000, 0x0000, 0x0000, 0x0000, 0x0000, 0x0000, 0x0000, 0x0000, 0x0000, 0x0000, 0x0000, 0x0000,
  0x0000, 0x0000, 0x0000, 0x0000, 0x0000, 0x0000, 0x0000, 0x0000, 0x0000, 0x0000, 0x0000, 0x0000, 0x0000, 0x0000, 0x0000, 0x0000,
  0x0000, 0x0000, 0x0000, 0x0000, 0x0000, 0x0000, 0x0000, 0x0000, 0x0000, 0x0000, 0x0000, 0x0000, 0x0000, 0x0000, 0x0000, 0x0000,
  0x0000, 0x0000, 0x3186, 0xef1b, 0xd637, 0xbd73, 0xc5b4, 0xc5d5, 0xcdd5, 0xcdf5, 0xce16, 0xce37, 0xd637, 0xd637, 0xd658, 0xd658,
  0xde78, 0xdeb9, 0xde18, 0xc4f4, 0xde38, 0xc514, 0xe679, 0xe679, 0xde58, 0xe699, 0xde99, 0xde99, 0xde99, 0xde9a, 0xde9a, 0xe69a,
  0xde9a, 0xde99, 0xde99, 0xde9a, 0xde99, 0xde99, 0xd659, 0xd659, 0xde38, 0xde79, 0xe6ba, 0xdeba, 0xde99, 0xde99, 0xd6b9, 0xde99,
  0xd5d7, 0xdd96, 0xddf8, 0xe69a, 0xde79, 0xdeba, 0xdeba, 0xdeba, 0xde9a, 0xdeba, 0xdeba, 0xde9a, 0xdeba, 0xde99, 0xdeba, 0xd679,
  0xde59, 0xd5d7, 0xe69a, 0xdeba, 0xdeda, 0xdeba, 0xdeba, 0xdeba, 0xdeba, 0xd659, 0xd5f8, 0xdeba, 0xe69a, 0xe6ba, 0xdeba, 0xdeba,
  0xde9a, 0xde9a, 0xe6bb, 0xdeba, 0xdeba, 0xdeba, 0xe6db, 0xe6bb, 0xe6bb, 0xe6bb, 0xe6db, 0xe6db, 0xe6db, 0xe6db, 0xe6ba, 0xde9a,
  0xe6db, 0xe6bb, 0xde7a, 0xe6db, 0xe6db, 0xe6db, 0xde9a, 0xe6bb, 0xe6fb, 0xe6fb, 0xe6db, 0xe6fb, 0xe6db, 0xe6db, 0xeefb, 0xde7a,
  0xde59, 0xe659, 0xe659, 0xd5b6, 0xddd7, 0xeefb, 0xeefb, 0xdf1b, 0xdf1b, 0xe6fb, 0xe6fb, 0xe6fb, 0xe6fb, 0xe6fb, 0xef1c, 0xd618,
  0xcdb7, 0xc575, 0xcdb7, 0xe67a, 0xeedb, 0xeeba, 0xe6ba, 0xde99, 0xe6ba, 0xde9a, 0xde79, 0xde79, 0xde59, 0xde38, 0xde59, 0xde38,
  0xd637, 0xce36, 0xcdf6, 0xcdf5, 0xcdf5, 0xc5d5, 0xc594, 0xd636, 0x83ee, 0x0000, 0x0000, 0x0000, 0x0000, 0x0000, 0x0000, 0x0000,
  0x0000, 0x0000, 0x0000, 0x0000, 0x0000, 0x0000, 0x0000, 0x0000, 0x0000, 0x0000, 0x0000, 0x0000, 0x0000, 0x0000, 0x0000, 0x0000,
  0x0000, 0x0000, 0x0000, 0x0000, 0x0000, 0x0000, 0x0000, 0x0000, 0x0000, 0x0000, 0x0000, 0x0000, 0x0000, 0x0000, 0x0000, 0x0000,
  0x0000, 0x0000, 0x0000, 0x0000, 0x0000, 0x0000, 0x0000, 0x0000, 0x0000, 0x0000, 0x0000, 0x0000, 0x0000, 0x0000, 0x0000, 0x0000,
  0x0000, 0x0000, 0x0000, 0x0000, 0x0000, 0x0000, 0x0000, 0x0000, 0x0000, 0x0000, 0x0000, 0x0000, 0x0000, 0x0000, 0xbdd6, 0xf75c,
  0xbd94, 0xc594, 0xc5b4, 0xcdd5, 0xcdf5, 0xcdf6, 0xce16, 0xd637, 0xd637, 0xd638, 0xd658, 0xde78, 0xde99, 0xde99, 0xde38, 0xc4b3,
  0xc4f4, 0xc4f4, 0xc514, 0xe659, 0xe679, 0xe679, 0xe699, 0xde99, 0xde99, 0xde99, 0xde9a, 0xde9a, 0xe69a, 0xde9a, 0xde99, 0xde99,
  0xde9a, 0xde99, 0xde99, 0xd659, 0xde59, 0xde38, 0xde79, 0xd699, 0xdeba, 0xde99, 0xde9a, 0xd6b9, 0xde99, 0xcd75, 0xe618, 0xe69a,
  0xde79, 0xdeba, 0xdeba, 0xde99, 0xdeba, 0xde9a, 0xdeba, 0xdeba, 0xde9a, 0xdeba, 0xdeba, 0xdeba, 0xde59, 0xde38, 0xe69a, 0xdeba,
  0xdeda, 0xdeba, 0xdeba, 0xdeba, 0xdeba, 0xd659, 0xd5f8, 0xdeba, 0xe69a, 0xe6ba, 0xd679, 0xdeba, 0xde9a, 0xde9a, 0xe6bb, 0xdeba,
  0xe6bb, 0xdeba, 0xe6db, 0xe6bb, 0xe6bb, 0xe6bb, 0xe6db, 0xe6db, 0xe6db, 0xe6ba, 0xdeba, 0xde9a, 0xe6fb, 0xd638, 0xeefb, 0xe6db,
  0xe6db, 0xe69a, 0xde9a, 0xe6fb, 0xe6db, 0xe6db, 0xe6fb, 0xe6fb, 0xe6db, 0xeefb, 0xde7a, 0xde59, 0xe659, 0xe659, 0xd5b6, 0xddd7,
  0xeefb, 0xeefb, 0xdf1b, 0xdf1b, 0xe6fb, 0xe6fb, 0xe6fb, 0xe6fb, 0xef1c, 0xef1c, 0xcdb7, 0xcdb7, 0xe639, 0xe639, 0xd5f7, 0xbd35,
  0xcdb7, 0xe6ba, 0xe69a, 0xe6ba, 0xe69a, 0xde9a, 0xdeba, 0xde9a, 0xde79, 0xde79, 0xd638, 0xd638, 0xd657, 0xd637, 0xce16, 0xcdf6,
  0xcdf5, 0xcdd5, 0xc5b4, 0xbd94, 0xce36, 0x39e7, 0x0000, 0x0020, 0x0000, 0x0000, 0x0000, 0x0000, 0x0000, 0x0000, 0x0000, 0x0000,
  0x0000, 0x0000, 0x0000, 0x0000, 0x0000, 0x0000, 0x0000, 0x0000, 0x0000, 0x0000, 0x0000, 0x0000, 0x0000, 0x0000, 0x0000, 0x0000,
  0x0000, 0x0000, 0x0000, 0x0000, 0x0000, 0x0000, 0x0000, 0x0000, 0x0000, 0x0000, 0x0000, 0x0000, 0x0000, 0x0000, 0x0000, 0x0000,
  0x0000, 0x0000, 0x0000, 0x0000, 0x0000, 0x0000, 0x0000, 0x0000, 0x0000, 0x0000, 0x0000, 0x0000, 0x0000, 0x0000, 0x0000, 0x0000,
  0x0000, 0x0000, 0x0000, 0x0000, 0x0000, 0x0000, 0x0000, 0x0000, 0x0000, 0x4208, 0xffbd, 0xcdf6, 0xc594, 0xc5b5, 0xcdd5, 0xcdf5,
  0xcdf6, 0xce16, 0xd637, 0xd657, 0xd638, 0xde58, 0xd658, 0xde78, 0xde99, 0xde99, 0xe679, 0xc4b3, 0xde38, 0xde18, 0xc4f4, 0xc514,
  0xc514, 0xe679, 0xe679, 0xe699, 0xe699, 0xde99, 0xde99, 0xde99, 0xde9a, 0xde9a, 0xde9a, 0xde99, 0xde99, 0xde9a, 0xde99, 0xde99,
  0xd659, 0xde38, 0xde38, 0xde79, 0xd699, 0xdeba, 0xde99, 0xd6b9, 0xde99, 0xd5d7, 0xdd96, 0xddf8, 0xe69a, 0xde79, 0xde9a, 0xdeba,
  0xdeba, 0xde9a, 0xdeba, 0xdeba, 0xde9a, 0xdeba, 0xde9a, 0xdeba, 0xd679, 0xde38, 0xe69a, 0xdeba, 0xdeba, 0xdeda, 0xdeba, 0xdeba,
  0xdeba, 0xd659, 0xd5f8, 0xdeba, 0xe69a, 0xe6ba, 0xe6ba, 0xce17, 0xde9a, 0xde9a, 0xe6bb, 0xdeba, 0xe6bb, 0xdeba, 0xe6bb, 0xe6bb,
  0xe6bb, 0xe6db, 0xe6db, 0xe6db, 0xe6db, 0xe6db, 0xde9a, 0xe6fb, 0xe6bb, 0xde7a, 0xe6db, 0xe6db, 0xe6db, 0xde9a, 0xe6fb, 0xe6db,
  0xe6db, 0xe6fb, 0xe6fb, 0xe6db, 0xeefb, 0xde7a, 0xde59, 0xe659, 0xe659, 0xd5b6, 0xeefb, 0xeefb, 0xdf1b, 0xdf1b, 0xdf1b, 0xe6fb,
  0xe6fb, 0xe6fb, 0xe6fb, 0xef1c, 0xef1c, 0xcdb7, 0xc575, 0xe639, 0xff1c, 0xf6fc, 0xf6fb, 0xeebb, 0xc576, 0xd5f8, 0xeedb, 0xeebb,
  0xeedb, 0xe6ba, 0xde79, 0xde59, 0xde99, 0xd679, 0xce18, 0xd658, 0xd658, 0xd637, 0xd617, 0xce16, 0xcdf6, 0xcdd5, 0xcdd5, 0xbd94,
  0xce15, 0xb595, 0x0020, 0x0000, 0x0000, 0x0000, 0x0000, 0x0000, 0x0000, 0x0000, 0x0000, 0x0000, 0x0000, 0x0000, 0x0000, 0x0000,
  0x0000, 0x0000, 0x0000, 0x0000, 0x0000, 0x0000, 0x0000, 0x0000, 0x0000, 0x0000, 0x0000, 0x0000, 0x0000, 0x0000, 0x0000, 0x0000,
  0x0000, 0x0000, 0x0000, 0x0000, 0x0000, 0x0000, 0x0000, 0x0000, 0x0000, 0x0000, 0x0000, 0x0000, 0x0000, 0x0000, 0x0000, 0x0000,
  0x0000, 0x0000, 0x0000, 0x0000, 0x0000, 0x0000, 0x0000, 0x0000, 0x0000, 0x0000, 0x0000, 0x0000, 0x0000, 0x0000, 0x0000, 0x0000,
  0x0000, 0x0000, 0x0000, 0x0000, 0x0841, 0xbdd6, 0xe6fa, 0xbd94, 0xc5b4, 0xc5b5, 0xcdd5, 0xcdf6, 0xce16, 0xce17, 0xd637, 0xd657,
  0xd658, 0xde58, 0xde79, 0xde79, 0xdeb9, 0xdeb9, 0xeeba, 0xde99, 0xde38, 0xde38, 0xde18, 0xc4f4, 0xc514, 0xc514, 0xe679, 0xe679,
  0xe699, 0xe699, 0xde99, 0xde99, 0xde99, 0xde9a, 0xde9a, 0xde9a, 0xde99, 0xde99, 0xde9a, 0xde99, 0xde99, 0xd659, 0xde38, 0xde38,
  0xde79, 0xd699, 0xde99, 0xde99, 0xd6b9, 0xde99, 0xd5d7, 0xdd96, 0xddf8, 0xde79, 0xdeba, 0xdeba, 0xde99, 0xdeba, 0xde9a, 0xdeba,
  0xdeba, 0xdeba, 0xde99, 0xdeba, 0xd679, 0xde38, 0xd5d7, 0xdeba, 0xdeba, 0xdeda, 0xdeba, 0xdeba, 0xdeba, 0xd659, 0xd5f8, 0xdeba,
  0xe69a, 0xe6ba, 0xe6ba, 0xce17, 0xe6db, 0xe6bb, 0xe6bb, 0xdeba, 0xdeba, 0xe6db, 0xe6bb, 0xe6bb, 0xe6bb, 0xe6db, 0xe6db, 0xe6db,
  0xe6ba, 0xdeba, 0xde9a, 0xe6bb, 0xde7a, 0xe6db, 0xe6db, 0xe6db, 0xde9a, 0xe6bb, 0xe6db, 0xe6db, 0xe6fb, 0xe6fb, 0xe6db, 0xeefb,
  0xde7a, 0xde59, 0xe659, 0xe659, 0xd5b6, 0xeefb, 0xeefb, 0xdf1b, 0xdf1b, 0xe6fb, 0xe6fb, 0xe6fb, 0xe6fb, 0xe6fb, 0xef1c, 0xef1c,
  0xcdb7, 0xc575, 0xe639, 0xe639, 0xf6fb, 0xeefc, 0xeedb, 0xeefc, 0xeedb, 0xde59, 0xde39, 0xde39, 0xde39, 0xde38, 0xde39, 0xe679,
  0xde59, 0xd638, 0xde79, 0xde79, 0xd658, 0xd657, 0xd637, 0xd617, 0xce16, 0xcdf5, 0xcdd5, 0xc5d5, 0xb573, 0xd657, 0x5aca, 0x2965,
  0x0000, 0x0000, 0x0000, 0x0000, 0x0000, 0x0000, 0x0000, 0x0000, 0x0000, 0x0000, 0x0000, 0x0000, 0x0000, 0x0000, 0x0000, 0x0000,
  0x0000, 0x0000, 0x0000, 0x0000, 0x0000, 0x0000, 0x0000, 0x0000, 0x0000, 0x0000, 0x0000, 0x0000, 0x0000, 0x0000, 0x0000, 0x0000,
  0x0000, 0x0000, 0x0000, 0x0000, 0x0000, 0x0000, 0x0000, 0x0000, 0x0000, 0x0000, 0x0000, 0x0000, 0x0000, 0x0000, 0x0000, 0x0000,
  0x0000, 0x0000, 0x0000, 0x0000, 0x0000, 0x0000, 0x0000, 0x0000, 0x0000, 0x0000, 0x0000, 0x0000, 0x0000, 0x0000, 0x0000, 0x0000,
  0x0020, 0xe71b, 0xce16, 0xbd73, 0xc5b4, 0xcdd5, 0xcdd5, 0xcdf6, 0xce16, 0xd617, 0xd637, 0xd658, 0xd678, 0xde79, 0xde79, 0xde99,
  0xdeda, 0xde99, 0xdeb9, 0xdeb9, 0xde99, 0xde99, 0xde38, 0xde38, 0xde18, 0xc4f4, 0xc514, 0xe659, 0xe679, 0xe679, 0xe699, 0xde99,
  0xde99, 0xde99, 0xde9a, 0xde9a, 0xde9a, 0xde9a, 0xde99, 0xde9a, 0xde99, 0xde99, 0xd659, 0xde38, 0xc596, 0xde79, 0xd699, 0xde99,
  0xde99, 0xd6b9, 0xde99, 0xcd75, 0xe618, 0xe69a, 0xde79, 0xde9a, 0xdeba, 0xdeba, 0xde9a, 0xde9a, 0xdeba, 0xde9a, 0xdeba, 0xdeba,
  0xdeba, 0xde59, 0xd5d7, 0xdeba, 0xdeba, 0xdeda, 0xdeba, 0xdeba, 0xdeba, 0xd659, 0xd5f8, 0xdeba, 0xe69a, 0xe6ba, 0xe6ba, 0xce17,
  0xe6db, 0xe6bb, 0xdeba, 0xe6bb, 0xdeba, 0xe6db, 0xe6bb, 0xe6bb, 0xe6db, 0xe6db, 0xe6db, 0xe6db, 0xe6db, 0xde9a, 0xe6fb, 0xd638,
  0xeefb, 0xe6db, 0xe6db, 0xde9a, 0xe6bb, 0xe6db, 0xe6db, 0xe6fb, 0xe6fb, 0xe6db, 0xeefb, 0xde7a, 0xde59, 0xe659, 0xddb6, 0xd5b6,
  0xeefb, 0xeefb, 0xdf1b, 0xdf1b, 0xe6fb, 0xe6fb, 0xe6fb, 0xe6fb, 0xef1c, 0xef1c, 0xcdb7, 0xc575, 0xe639, 0xe639, 0xf6fb, 0xf6fb,
  0xeedb, 0xeedb, 0xeefc, 0xeedb, 0xeedb, 0xeefc, 0xeedb, 0xde39, 0xc556, 0xbcf4, 0xcd76, 0xddf8, 0xde59, 0xe679, 0xe679, 0xde59,
  0xd658, 0xd658, 0xd637, 0xd637, 0xce16, 0xcdf6, 0xcdd5, 0xc5b5, 0xc5b4, 0xc5d5, 0xbdf6, 0x2945, 0x0000, 0x0000, 0x0000, 0x0000,
  0x0000, 0x0000, 0x0000, 0x0000, 0x0000, 0x0000, 0x0000, 0x0000, 0x0000, 0x0000, 0x0000, 0x0000, 0x0000, 0x0000, 0x0000, 0x0000,
  0x0000, 0x0000, 0x0000, 0x0000, 0x0000, 0x0000, 0x0000, 0x0000, 0x0000, 0x0000, 0x0000, 0x0000, 0x0000, 0x0000, 0x0000, 0x0000,
  0x0000, 0x0000, 0x0000, 0x0000, 0x0000, 0x0000, 0x0000, 0x0000, 0x0000, 0x0000, 0x0000, 0x0000, 0x0000, 0x0000, 0x0000, 0x0000,
  0x0000, 0x0000, 0x0000, 0x0000, 0x0000, 0x0000, 0x0000, 0x0000, 0x0000, 0x0000, 0x0000, 0x1082, 0x6b4c, 0xd699, 0xbd94, 0xc5b4,
  0xc5b4, 0xcdd5, 0xcdd6, 0xd5f6, 0xd617, 0xd637, 0xd658, 0xd658, 0xd679, 0xde79, 0xe679, 0xde99, 0xdeba, 0xe6ba, 0xdeda, 0xdeb9,
  0xdeb9, 0xde99, 0xde99, 0xe679, 0xde38, 0xde18, 0xc4f4, 0xc514, 0xc514, 0xe679, 0xe679, 0xe699, 0xde99, 0xde99, 0xde99, 0xde9a,
  0xde9a, 0xde9a, 0xde9a, 0xde99, 0xde9a, 0xde99, 0xde99, 0xd659, 0xde38, 0xc596, 0xe6ba, 0xd699, 0xde99, 0xde9a, 0xdeb9, 0xd5d7,
  0xdd96, 0xddf8, 0xe69a, 0xdeba, 0xdeba, 0xde99, 0xde9a, 0xde9a, 0xdeba, 0xde9a, 0xdeba, 0xde9a, 0xdeba, 0xde59, 0xd5d7, 0xe69a,
  0xdeba, 0xdeda, 0xdeba, 0xdeba, 0xdeda, 0xdedb, 0xe6bb, 0xe6bb, 0xe6ba, 0xdeba, 0xdeba, 0xde9a, 0xde9a, 0xe6bb, 0xdeba, 0xe6bb,
  0xdeba, 0xe6bb, 0xe6bb, 0xe6bb, 0xe6db, 0xe6db, 0xe6db, 0xe6ba, 0xdeba, 0xe6db, 0xe6bb, 0xde7a, 0xe6db, 0xe71c, 0xe69a, 0xe6bb,
  0xe6db, 0xe6fb, 0xe6fb, 0xe6fb, 0xe6db, 0xeefb, 0xde7a, 0xde59, 0xe659, 0xd5b6, 0xd5b6, 0xeefb, 0xeefb, 0xdf1b, 0xdf1b, 0xe6fb,
  0xe6fb, 0xe6fb, 0xe6fb, 0xef1c, 0xef1c, 0xcdb7, 0xc575, 0xe639, 0xf6fc, 0xf6fb, 0xf6fb, 0xeedb, 0xeefc, 0xeedb, 0xe6fc, 0xe6fc,
  0xe6db, 0xe6bb, 0xeedb, 0xeefc, 0xe6bb, 0xe679, 0xe659, 0xe67a, 0xe69a, 0xe69a, 0xde79, 0xd659, 0xd658, 0xd658, 0xd637, 0xd637,
  0xd617, 0xd5f6, 0xcdd6, 0xc5d5, 0xc5d5, 0xbdb4, 0xce57, 0x5aca, 0x0000, 0x0000, 0x0000, 0x0000, 0x0000, 0x0000, 0x0000, 0x0000,
  0x0000, 0x0000, 0x0000, 0x0000, 0x0000, 0x0000, 0x0000, 0x0000, 0x0000, 0x0000, 0x0000, 0x0000, 0x0000, 0x0000, 0x0000, 0x0000,
  0x0000, 0x0000, 0x0000, 0x0000, 0x0000, 0x0000, 0x0000, 0x0000, 0x0000, 0x0000, 0x0000, 0x0000, 0x0000, 0x0000, 0x0000, 0x0000,
  0x0000, 0x0000, 0x0000, 0x0000, 0x0000, 0x0000, 0x0000, 0x0000, 0x0000, 0x0000, 0x0000, 0x0000, 0x0000, 0x0000, 0x0000, 0x0000,
  0x0000, 0x0000, 0x0000, 0x0000, 0x0000, 0x0020, 0x0000, 0x62eb, 0xffff, 0xc5d6, 0xbdb4, 0xcdd4, 0xcdb4, 0xcdd5, 0xcdf6, 0xd617,
  0xd617, 0xd637, 0xd658, 0xde78, 0xd679, 0xde79, 0xe679, 0xde9a, 0xdeba, 0xde99, 0xdeba, 0xdeda, 0xdeda, 0xdeb9, 0xdeb9, 0xde99,
  0xde99, 0xde38, 0xde38, 0xde18, 0xc4f4, 0xc514, 0xe679, 0xe679, 0xe699, 0xe699, 0xde99, 0xde99, 0xde9a, 0xde9a, 0xde9a, 0xde9a,
  0xde99, 0xde9a, 0xde99, 0xde99, 0xd659, 0xde38, 0xde79, 0xe6ba, 0xdeba, 0xde99, 0xd6b9, 0xde99, 0xd5d7, 0xdd96, 0xddf8, 0xde79,
  0xde9a, 0xdeba, 0xdeba, 0xde9a, 0xde9a, 0xdeba, 0xdeba, 0xde99, 0xdeba, 0xd679, 0xde38, 0xe69a, 0xdeba, 0xdeda, 0xdeba, 0xdeba,
  0xdeda, 0xdedb, 0xe6bb, 0xe6bb, 0xe6ba, 0xdeba, 0xdeba, 0xde9a, 0xde9a, 0xe6bb, 0xdeba, 0xdeba, 0xe6db, 0xe6bb, 0xe6bb, 0xe6db,
  0xe6db, 0xe6db, 0xe6db, 0xe6db, 0xde9a, 0xe6bb, 0xde7a, 0xe6db, 0xe6db, 0xe6db, 0xde9a, 0xe6fb, 0xe6fb, 0xe6db, 0xe6fb, 0xe6db,
  0xeefb, 0xde7a, 0xde59, 0xe659, 0xd5b6, 0xd5b6, 0xeefb, 0xeefb, 0xdf1b, 0xdf1b, 0xe6fb, 0xe6fb, 0xe6fb, 0xe6fb, 0xef1c, 0xcdb7,
  0xc575, 0xe639, 0xe639, 0xf6fb, 0xf6fb, 0xeedb, 0xeefc, 0xeedb, 0xeedb, 0xe6fc, 0xe6db, 0xe6fc, 0xe6fc, 0xe6fc, 0xe6fc, 0xe6db,
  0xe6db, 0xe6db, 0xe6db, 0xdeba, 0xdeba, 0xdeba, 0xde99, 0xd699, 0xd678, 0xd658, 0xd658, 0xd637, 0xd637, 0xd617, 0xcdf6, 0xcdd5,
  0xc5d5, 0xbdb4, 0xbdd5, 0xce78, 0x0000, 0x0000, 0x0000, 0x0000, 0x0000, 0x0000, 0x0000, 0x0000, 0x0000, 0x0000, 0x0000, 0x0000,
  0x0000, 0x0000, 0x0000, 0x0000, 0x0000, 0x0000, 0x0000, 0x0000, 0x0000, 0x0000, 0x0000, 0x0000, 0x0000, 0x0000, 0x0000, 0x0000,
  0x0000, 0x0000, 0x0000, 0x0000, 0x0000, 0x0000, 0x0000, 0x0000, 0x0000, 0x0000, 0x0000, 0x0000, 0x0000, 0x0000, 0x0000, 0x0000,
  0x0000, 0x0000, 0x0000, 0x0000, 0x0000, 0x0000, 0x0000, 0x0000, 0x0000, 0x0000, 0x0000, 0x0000, 0x0000, 0x0000, 0x0000, 0x0000,
  0x0000, 0x0000, 0x0000, 0xb595, 0xe6fa, 0xbd94, 0xc5b4, 0xc5b4, 0xcdd5, 0xcdf6, 0xcdf7, 0xd617, 0xd638, 0xd658, 0xd658, 0xd679,
  0xd699, 0xd69a, 0xdeba, 0xdeba, 0xdeda, 0xde9a, 0xde99, 0xde99, 0xdeba, 0xdeda, 0xdeda, 0xdeb9, 0xdeb9, 0xde99, 0xe679, 0xde38,
  0xde18, 0xc4f4, 0xc514, 0xc514, 0xe679, 0xde58, 0xe699, 0xde99, 0xde99, 0xde99, 0xde9a, 0xde9a, 0xde9a, 0xde99, 0xde9a, 0xde99,
  0xde99, 0xd659, 0xde38, 0xde79, 0xd699, 0xdeba, 0xde99, 0xd6b9, 0xde99, 0xcd75, 0xddf8, 0xe69a, 0xde79, 0xdeba, 0xde99, 0xde9a,
  0xdeba, 0xdeba, 0xde9a, 0xdeba, 0xdeba, 0xd679, 0xde38, 0xe69a, 0xdeba, 0xdeda, 0xdeba, 0xdeba, 0xdeda, 0xdedb, 0xe6bb, 0xe6bb,
  0xe6ba, 0xdeba, 0xdeba, 0xde9a, 0xde9a, 0xe6bb, 0xdeba, 0xdeba, 0xe6db, 0xe6bb, 0xe6bb, 0xe6db, 0xe6db, 0xe6db, 0xe6ba, 0xde9a,
  0xe6fb, 0xe6bb, 0xeefb, 0xe6db, 0xe6db, 0xde9a, 0xe6fb, 0xe6db, 0xe6db, 0xe6fb, 0xe6db, 0xeefb, 0xde7a, 0xde59, 0xe659, 0xd5b6,
  0xd5b6, 0xeefb, 0xdf1b, 0xdf1b, 0xe6fb, 0xe6fb, 0xe6fb, 0xe6fb, 0xef1c, 0xef1c, 0xcdb7, 0xc575, 0xe639, 0xf6fc, 0xf6fb, 0xeedb,
  0xeedb, 0xeedb, 0xeedb, 0xe6fc, 0xe6db, 0xe6db, 0xe6fc, 0xe71c, 0xe6fc, 0xe6fc, 0xe6fb, 0xe6fb, 0xe6db, 0xe6db, 0xe6db, 0xe6ba,
  0xdeba, 0xdeba, 0xde9a, 0xde9a, 0xd679, 0xd679, 0xd658, 0xd658, 0xd637, 0xd617, 0xcdf6, 0xcdf6, 0xcdd5, 0xc5b5, 0xbd94, 0xcdf6,
  0x7bae, 0x3186, 0x0000, 0x0000, 0x0000, 0x0000, 0x0000, 0x0000, 0x0000, 0x0000, 0x0000, 0x0000, 0x0000, 0x0000, 0x0000, 0x0000,
  0x0000, 0x0000, 0x0000, 0x0000, 0x0000, 0x0000, 0x0000, 0x0000, 0x0000, 0x0000, 0x0000, 0x0000, 0x0000, 0x0000, 0x0000, 0x0000,
  0x0000, 0x0000, 0x0000, 0x0000, 0x0000, 0x0000, 0x0000, 0x0000, 0x0000, 0x0000, 0x0000, 0x0000, 0x0000, 0x0000, 0x0000, 0x0000,
  0x0000, 0x0000, 0x0000, 0x0000, 0x0000, 0x0000, 0x0000, 0x0000, 0x0000, 0x0000, 0x0000, 0x0000, 0x0000, 0x0000, 0x4208, 0xffbd,
  0xc5f6, 0xbd94, 0xc5b4, 0xcdd5, 0xcdf5, 0xcdf6, 0xce17, 0xd637, 0xd638, 0xd658, 0xd658, 0xd679, 0xde99, 0xde9a, 0xdeba, 0xdeba,
  0xdeba, 0xdeba, 0xde9a, 0xde9a, 0xde99, 0xdeba, 0xdeda, 0xdeda, 0xdeb9, 0xdeb9, 0xde99, 0xde99, 0xde38, 0xde38, 0xde18, 0xc4f4,
  0xc514, 0xe679, 0xe679, 0xe699, 0xde99, 0xde99, 0xde99, 0xde9a, 0xe69a, 0xde9a, 0xde99, 0xde9a, 0xde99, 0xde99, 0xd659, 0xde38,
  0xde79, 0xd699, 0xde99, 0xde99, 0xd6b9, 0xd5d7, 0xdd96, 0xddf8, 0xde79, 0xde9a, 0xdeba, 0xdeba, 0xde9a, 0xdeba, 0xdeba, 0xdeba,
  0xde9a, 0xdeba, 0xde59, 0xd5d7, 0xdeba, 0xdeba, 0xdeba, 0xdeba, 0xdeda, 0xdedb, 0xe6bb, 0xe6bb, 0xe6ba, 0xdeba, 0xce17, 0xe6db,
  0xe6bb, 0xdeba, 0xe6bb, 0xdeba, 0xe6bb, 0xe6bb, 0xe6bb, 0xe6db, 0xe6db, 0xe6db, 0xe6db, 0xde9a, 0xe6bb, 0xde7a, 0xe6db, 0xe6db,
  0xde9a, 0xe6bb, 0xe6db, 0xe6db, 0xe6fb, 0xe6db, 0xeefb, 0xde7a, 0xde59, 0xe659, 0xd5b6, 0xddd7, 0xeefb, 0xdf1b, 0xdf1b, 0xe6fb,
  0xe6fb, 0xe6fb, 0xe6fb, 0xef1c, 0xcdb7, 0xc575, 0xe639, 0xe639, 0xf6fb, 0xf6fb, 0xeedb, 0xeefc, 0xeedb, 0xeedb, 0xe6fc, 0xe6db,
  0xe6fc, 0xe6fc, 0xe6fc, 0xe6fc, 0xe71c, 0xe71c, 0xe6fc, 0xe6fb, 0xe6db, 0xe6db, 0xe6db, 0xe6bb, 0xe6ba, 0xdeba, 0xde9a, 0xde9a,
  0xde99, 0xd679, 0xd678, 0xd658, 0xd638, 0xd637, 0xce17, 0xcdf6, 0xcdd5, 0xcdd5, 0xc594, 0xc5d6, 0xc5d6, 0x0861, 0x0000, 0x0000,
  0x0000, 0x0000, 0x0000, 0x0000, 0x0000, 0x0000, 0x0000, 0x0000, 0x0000, 0x0000, 0x0000, 0x0000, 0x0000, 0x0000, 0x0000, 0x0000,
  0x0000, 0x0000, 0x0000, 0x0000, 0x0000, 0x0000, 0x0000, 0x0000, 0x0000, 0x0000, 0x0000, 0x0000, 0x0000, 0x0000, 0x0000, 0x0000,
  0x0000, 0x0000, 0x0000, 0x0000, 0x0000, 0x0000, 0x0000, 0x0000, 0x0000, 0x0000, 0x0000, 0x0000, 0x0000, 0x0000, 0x0000, 0x0000,
  0x0000, 0x0000, 0x0000, 0x0000, 0x0000, 0x0000, 0x0000, 0x0000, 0x0000, 0x0020, 0xbdd6, 0xef3b, 0xbd94, 0xc594, 0xc5b5, 0xcdd5,
  0xcdf6, 0xcdf6, 0xce17, 0xd637, 0xd658, 0xd658, 0xd679, 0xd679, 0xde79, 0xde9a, 0xe69a, 0xe6ba, 0xdeba, 0xdeba, 0xdeba, 0xdeba,
  0xde9a, 0xde9a, 0xde99, 0xdeba, 0xdeda, 0xdeda, 0xdeb9, 0xdeb9, 0xde99, 0xe679, 0xde38, 0xde18, 0xc4f4, 0xc514, 0xe659, 0xe679,
  0xe699, 0xe699, 0xde99, 0xde99, 0xde9a, 0xe69a, 0xde9a, 0xde99, 0xde9a, 0xde99, 0xde99, 0xd659, 0xde38, 0xde79, 0xd699, 0xde99,
  0xde9a, 0xdeb9, 0xd5d7, 0xdd96, 0xe69a, 0xde79, 0xdeba, 0xde99, 0xde9a, 0xdeba, 0xdeba, 0xdeba, 0xde99, 0xdeba, 0xde59, 0xd5d7,
  0xdeba, 0xdeba, 0xdeba, 0xdeba, 0xdeda, 0xdedb, 0xe6bb, 0xe6bb, 0xe6ba, 0xd679, 0xce17, 0xe6db, 0xe6bb, 0xdeba, 0xdeba, 0xe6db,
  0xe6bb, 0xe6bb, 0xe6db, 0xe6db, 0xe6db, 0xe6ba, 0xde9a, 0xe6fb, 0xde7a, 0xe6db, 0xe71c, 0xe69a, 0xe6bb, 0xe6db, 0xe6db, 0xe6fb,
  0xe6db, 0xeefb, 0xde7a, 0xde59, 0xe659, 0xd5b6, 0xddd7, 0xeefb, 0xdf1b, 0xdf1b, 0xe6fb, 0xe6fb, 0xe6fb, 0xef1c, 0xef1c, 0xcdb7,
  0xc575, 0xe639, 0xf6fc, 0xf6fb, 0xeedb, 0xeefc, 0xeedb, 0xeedb, 0xe6fc, 0xe6db, 0xe6fc, 0xe6fc, 0xe6fc, 0xe6fc, 0xe71c, 0xe71c,
  0xe71c, 0xe71c, 0xe6fc, 0xe6fc, 0xe6fb, 0xe6db, 0xe6db, 0xe6db, 0xe6bb, 0xe6ba, 0xdeba, 0xde9a, 0xde99, 0xde79, 0xd679, 0xd658,
  0xd658, 0xd637, 0xce17, 0xce16, 0xcdf6, 0xcdd5, 0xc5b5, 0xbd74, 0xdeb9, 0x5269, 0x0000, 0x0000, 0x0000, 0x0000, 0x0000, 0x0000,
  0x0000, 0x0000, 0x0000, 0x0000, 0x0000, 0x0000, 0x0000, 0x0000, 0x0000, 0x0000, 0x0000, 0x0000, 0x0000, 0x0000, 0x0000, 0x0000,
  0x0000, 0x0000, 0x0000, 0x0000, 0x0000, 0x0000, 0x0000, 0x0000, 0x0000, 0x0000, 0x0000, 0x0000, 0x0000, 0x0000, 0x0000, 0x0000,
  0x0000, 0x0000, 0x0000, 0x0000, 0x0000, 0x0000, 0x0000, 0x0000, 0x0000, 0x0000, 0x0000, 0x0000, 0x0000, 0x0000, 0x0000, 0x0000,
  0x0000, 0x0000, 0x0000, 0x0000, 0x0000, 0x3165, 0xff9d, 0xcdf6, 0xc594, 0xc5b5, 0xc5b5, 0xcdd5, 0xcdf6, 0xce17, 0xd617, 0xd638,
  0xd658, 0xd658, 0xd679, 0xd679, 0xde9a, 0xde9a, 0xe6ba, 0xde9a, 0xe69a, 0xdeba, 0xdeba, 0xdeba, 0xdeba, 0xdeba, 0xde9a, 0xde9a,
  0xde99, 0xdeba, 0xdeda, 0xdeda, 0xdeb9, 0xdeb9, 0xde99, 0xde38, 0xde38, 0xde18, 0xc4f4, 0xc514, 0xe679, 0xde58, 0xe699, 0xde99,
  0xde99, 0xde9a, 0xde9a, 0xde9a, 0xde99, 0xde9a, 0xde99, 0xde99, 0xd659, 0xde38, 0xde79, 0xd699, 0xde99, 0xd6b9, 0xde99, 0xcd75,
  0xddf8, 0xe69a, 0xdeba, 0xdeba, 0xdeba, 0xde9a, 0xdeba, 0xde9a, 0xdeba, 0xdeba, 0xd679, 0xde38, 0xe69a, 0xdeba, 0xdeda, 0xdeba,
  0xdeda, 0xdedb, 0xe6bb, 0xe6bb, 0xe6ba, 0xe6ba, 0xce17, 0xde9a, 0xe6bb, 0xdeba, 0xdeba, 0xe6db, 0xe6bb, 0xe6bb, 0xe6db, 0xe6db,
  0xe6ba, 0xdeba, 0xe6db, 0xe6bb, 0xeefb, 0xe6db, 0xe6db, 0xde9a, 0xe6db, 0xe6db, 0xe6fb, 0xe6db, 0xeefb, 0xde7a, 0xde59, 0xe659,
  0xd5b6, 0xeefb, 0xeefb, 0xdf1b, 0xe6fb, 0xe6fb, 0xe6fb, 0xe6fb, 0xef1c, 0xcdb7, 0xc575, 0xe639, 0xe639, 0xf6fb, 0xeedb, 0xeedb,
  0xeedb, 0xeedb, 0xe6fc, 0xe6db, 0xe6fc, 0xe6fc, 0xe6fc, 0xe6fc, 0xe71c, 0xe71c, 0xe71c, 0xe71c, 0xe6fc, 0xe71c, 0xe71c, 0xe6fc,
  0xe6fb, 0xe6fb, 0xe6db, 0xe6db, 0xe6db, 0xe6ba, 0xdeba, 0xde9a, 0xde99, 0xde99, 0xd679, 0xd678, 0xd658, 0xd637, 0xd617, 0xce16,
  0xcdf6, 0xcdd5, 0xcdd5, 0xc594, 0xce16, 0xad54, 0x4208, 0x0000, 0x0000, 0x0000, 0x0000, 0x0000, 0x0000, 0x0000, 0x0000, 0x0000,
  0x0000, 0x0000, 0x0000, 0x0000, 0x0000, 0x0000, 0x0000, 0x0000, 0x0000, 0x0000, 0x0000, 0x0000, 0x0000, 0x0000, 0x0000, 0x0000,
  0x0000, 0x0000, 0x0000, 0x0000, 0x0000, 0x0000, 0x0000, 0x0000, 0x0000, 0x0000, 0x0000, 0x0000, 0x0000, 0x0000, 0x0000, 0x0000,
  0x0000, 0x0000, 0x0000, 0x0000, 0x0000, 0x0000, 0x0000, 0x0000, 0x0000, 0x0000, 0x0000, 0x0000, 0x0000, 0x0000, 0x0000, 0x0000,
  0x0000, 0x83ef, 0xf75c, 0xc5b5, 0xc594, 0xcdb5, 0xcdb5, 0xcdd6, 0xcdf6, 0xce17, 0xd637, 0xd658, 0xd658, 0xd679, 0xde79, 0xde99,
  0xdeba, 0xdeba, 0xe6bb, 0xde9a, 0xde9a, 0xde9a, 0xde9a, 0xdeba, 0xdeba, 0xdeba, 0xdeba, 0xdeba, 0xde9a, 0xde9a, 0xde99, 0xdeba,
  0xdeda, 0xdeb9, 0xdeb9, 0xde99, 0xde99, 0xde38, 0xde18, 0xc4f4, 0xc514, 0xe679, 0xe679, 0xe699, 0xde99, 0xde99, 0xde9a, 0xde9a,
  0xde9a, 0xde99, 0xde9a, 0xde99, 0xde99, 0xd659, 0xde38, 0xde79, 0xdeba, 0xde99, 0xd6b9, 0xde99, 0xdd96, 0xddf8, 0xde79, 0xdeba,
  0xde99, 0xde9a, 0xde9a, 0xdeba, 0xdeba, 0xde9a, 0xdeba, 0xde38, 0xe69a, 0xdeba, 0xdeda, 0xdeba, 0xdeda, 0xdedb, 0xe6bb, 0xe6bb,
  0xe6ba, 0xe6ba, 0xde9a, 0xde9a, 0xe6bb, 0xe6bb, 0xdeba, 0xe6bb, 0xe6bb, 0xe6db, 0xe6db, 0xe6db, 0xe6ba, 0xde9a, 0xe6bb, 0xde7a,
  0xe6db, 0xe6db, 0xde9a, 0xe6fb, 0xe6db, 0xe6fb, 0xe6db, 0xeefb, 0xde7a, 0xde59, 0xe659, 0xd5b6, 0xeefb, 0xeefb, 0xdf1b, 0xe6fb,
  0xe6fb, 0xe6fb, 0xe6fb, 0xef1c, 0xcdb7, 0xc575, 0xe639, 0xf6fb, 0xf6fb, 0xeedb, 0xeefc, 0xeedb, 0xe6fc, 0xe6db, 0xe6fc, 0xe6fc,
  0xe6fc, 0xe6fc, 0xe71c, 0xe71c, 0xe71c, 0xe6fc, 0xe6fc, 0xe71c, 0xe71c, 0xe71c, 0xe71c, 0xe6fc, 0xe6fb, 0xe6fb, 0xe6db, 0xe6db,
  0xe6db, 0xe6ba, 0xdeba, 0xde9a, 0xde9a, 0xde99, 0xde79, 0xd679, 0xd658, 0xd658, 0xd637, 0xd617, 0xcdf6, 0xcdd5, 0xcdb5, 0xc5b5,
  0xc594, 0xd637, 0x4a48, 0x0000, 0x0000, 0x0000, 0x0000, 0x0000, 0x0000, 0x0000, 0x0000, 0x0000, 0x0000, 0x0000, 0x0000, 0x0000,
  0x0000, 0x0000, 0x0000, 0x0000, 0x0000, 0x0000, 0x0000, 0x0000, 0x0000, 0x0000, 0x0000, 0x0000, 0x0000, 0x0000, 0x0000, 0x0000,
  0x0000, 0x0000, 0x0000, 0x0000, 0x0000, 0x0000, 0x0000, 0x0000, 0x0000, 0x0000, 0x0000, 0x0000, 0x0000, 0x0000, 0x0000, 0x0000,
  0x0000, 0x0000, 0x0000, 0x0000, 0x0000, 0x0000, 0x0000, 0x0000, 0x0000, 0x0000, 0x0000, 0x0000, 0x0020, 0xc5f7, 0xe6b9, 0xc594,
  0xc594, 0xcdd5, 0xcdb5, 0xcdf6, 0xcdf6, 0xd617, 0xd637, 0xd658, 0xd678, 0xd679, 0xde99, 0xde9a, 0xdeba, 0xdeba, 0xdeba, 0xdeba,
  0xdeba, 0xde9a, 0xde9a, 0xde9a, 0xde9a, 0xdeba, 0xdeba, 0xdeba, 0xdeba, 0xdeba, 0xde9a, 0xde9a, 0xde99, 0xdeda, 0xdeda, 0xdeb9,
  0xdeb9, 0xde99, 0xde38, 0xde38, 0xc4f4, 0xc514, 0xc514, 0xe679, 0xe699, 0xde99, 0xde99, 0xde99, 0xde9a, 0xde9a, 0xde99, 0xde9a,
  0xde99, 0xde99, 0xd659, 0xc596, 0xe6ba, 0xdeba, 0xde99, 0xd6b9, 0xd5d7, 0xdd96, 0xe69a, 0xdeba, 0xdeba, 0xdeba, 0xde9a, 0xdeba,
  0xde9a, 0xde99, 0xdeba, 0xde59, 0xde59, 0xdeba, 0xdeda, 0xdeba, 0xdeda, 0xdedb, 0xe6bb, 0xe6bb, 0xe6ba, 0xdeba, 0xde9a, 0xe69a,
  0xdeba, 0xe6bb, 0xe6db, 0xe6bb, 0xe6bb, 0xe6db, 0xe6db, 0xe6ba, 0xdeba, 0xe6fb, 0xde7a, 0xe6db, 0xe6db, 0xde9a, 0xe6fb, 0xe6fb,
  0xe6fb, 0xe6db, 0xeefb, 0xde7a, 0xde59, 0xe659, 0xd5b6, 0xeefb, 0xdf1b, 0xdf1b, 0xe6fb, 0xe6fb, 0xe6fb, 0xef1c, 0xef1c, 0xcdb7,
  0xe639, 0xe639, 0xf6fb, 0xeedb, 0xeefc, 0xeedb, 0xeedb, 0xe6db, 0xe6fc, 0xe6fc, 0xe6fc, 0xe6fc, 0xe71c, 0xe71c, 0xe71c, 0xe6fc,
  0xe6fc, 0xe71c, 0xe71c, 0xe71c, 0xe71c, 0xe6fc, 0xe71c, 0xe6fc, 0xe6fb, 0xe6fb, 0xe6db, 0xe6db, 0xe6db, 0xe6bb, 0xe6ba, 0xdeba,
  0xdeba, 0xde99, 0xde99, 0xd679, 0xd658, 0xd658, 0xd637, 0xd617, 0xcdf6, 0xcdd5, 0xcdd5, 0xcdd5, 0xbd74, 0xde57, 0x5269, 0x0000,
  0x0000, 0x0000, 0x0000, 0x0000, 0x0000, 0x0000, 0x0000, 0x0000, 0x0000, 0x0000, 0x0000, 0x0000, 0x0000, 0x0000, 0x0000, 0x0000,
  0x0000, 0x0000, 0x0000, 0x0000, 0x0000, 0x0000, 0x0000, 0x0000, 0x0000, 0x0000, 0x0000, 0x0000, 0x0000, 0x0000, 0x0000, 0x0000,
  0x0000, 0x0000, 0x0000, 0x0000, 0x0000, 0x0000, 0x0000, 0x0000, 0x0000, 0x0000, 0x0000, 0x0000, 0x0000, 0x0000, 0x0000, 0x0000,
  0x0000, 0x0000, 0x0000, 0x0000, 0x0000, 0x0000, 0x0000, 0x0000, 0x4a6a, 0xf79d, 0xcdd6, 0xc594, 0xcdb5, 0xcdb5, 0xcdd5, 0xcdf6,
  0xce17, 0xd637, 0xd637, 0xd658, 0xd679, 0xd679, 0xde99, 0xde9a, 0xde9a, 0xe6ba, 0xdeba, 0xdeba, 0xdeba, 0xdeba, 0xdeba, 0xde9a,
  0xde9a, 0xde9a, 0xde9a, 0xdeba, 0xdeba, 0xdeba, 0xdeba, 0xdeba, 0xde9a, 0xde99, 0xdeba, 0xdeda, 0xdeda, 0xdeb9, 0xde99, 0xde99,
  0xde38, 0xde18, 0xc4f4, 0xc514, 0xe679, 0xde58, 0xe699, 0xde99, 0xde99, 0xde9a, 0xde9a, 0xde99, 0xde9a, 0xde99, 0xde99, 0xde59,
  0xc596, 0xd699, 0xde99, 0xde9a, 0xde99, 0xcd75, 0xddf8, 0xde79, 0xde9a, 0xde99, 0xde9a, 0xde9a, 0xde9a, 0xdeba, 0xdeba, 0xd679,
  0xd5d7, 0xdeba, 0xdeda, 0xdeba, 0xdeba, 0xdedb, 0xe6bb, 0xe69a, 0xe6ba, 0xdeba, 0xe6db, 0xe6bb, 0xdeba, 0xdeba, 0xe6db, 0xe6bb,
  0xe6db, 0xe6db, 0xe6db, 0xe6db, 0xde9a, 0xe6bb, 0xeefb, 0xe6db, 0xe69a, 0xe6bb, 0xe6db, 0xe6fb, 0xe6fb, 0xeefb, 0xde7a, 0xde59,
  0xe659, 0xd5b6, 0xeefb, 0xdf1b, 0xdf1b, 0xe6fb, 0xe6fb, 0xe6fb, 0xef1c, 0xcdb7, 0xc575, 0xe639, 0xf6fb, 0xf6fb, 0xeedb, 0xeedb,
  0xeedb, 0xe6fc, 0xe6db, 0xe6fc, 0xe6fc, 0xe6fc, 0xe71c, 0xe71c, 0xe71c, 0xe6fc, 0xe6fc, 0xe71c, 0xe71c, 0xe71c, 0xe6fc, 0xe6fc,
  0xe6fc, 0xe6fc, 0xe71c, 0xe6fc, 0xe6fb, 0xe6fb, 0xe6db, 0xe6db, 0xe6db, 0xe6db, 0xe6bb, 0xe6ba, 0xdeba, 0xdeba, 0xde99, 0xde79,
  0xd658, 0xd658, 0xd658, 0xd637, 0xd616, 0xcdf5, 0xcdd5, 0xcdb4, 0xc5b4, 0xc594, 0xe6b9, 0x2124, 0x0000, 0x0000, 0x0000, 0x0000,
  0x0000, 0x0000, 0x0000, 0x0000, 0x0000, 0x0000, 0x0000, 0x0000, 0x0000, 0x0000, 0x0000, 0x0000, 0x0000, 0x0000, 0x0000, 0x0000,
  0x0000, 0x0000, 0x0000, 0x0000, 0x0000, 0x0000, 0x0000, 0x0000, 0x0000, 0x0000, 0x0000, 0x0000, 0x0000, 0x0000, 0x0000, 0x0000,
  0x0000, 0x0000, 0x0000, 0x0000, 0x0000, 0x0000, 0x0000, 0x0000, 0x0000, 0x0000, 0x0000, 0x0000, 0x0000, 0x0000, 0x0000, 0x0000,
  0x0000, 0x0000, 0x0020, 0x0000, 0x9cd3, 0xef5c, 0xbd94, 0xc5b4, 0xcdd5, 0xcdd5, 0xcdf6, 0xcdf6, 0xce17, 0xd637, 0xd637, 0xde58,
  0xde78, 0xde79, 0xe699, 0xe6ba, 0xeeba, 0xde9a, 0xde9a, 0xde9a, 0xdeba, 0xdeba, 0xdeba, 0xdeba, 0xdeba, 0xde9a, 0xde9a, 0xde9a,
  0xde9a, 0xe69a, 0xdeba, 0xdeba, 0xdeba, 0xde9a, 0xde9a, 0xde99, 0xdeba, 0xdeda, 0xdeb9, 0xdeb9, 0xde99, 0xe679, 0xde38, 0xc4f4,
  0xc514, 0xe659, 0xe679, 0xe699, 0xde99, 0xde99, 0xde9a, 0xde9a, 0xde99, 0xde9a, 0xde99, 0xd659, 0xde38, 0xde79, 0xd699, 0xde99,
  0xd6b9, 0xde99, 0xdd96, 0xe69a, 0xde79, 0xdeba, 0xdeba, 0xde9a, 0xdeba, 0xdeba, 0xde9a, 0xd679, 0xde38, 0xdeba, 0xdeda, 0xdeba,
  0xdeba, 0xdedb, 0xe6bb, 0xe69a, 0xdeba, 0xdeba, 0xe6db, 0xe6bb, 0xdeba, 0xdeba, 0xe6bb, 0xe6bb, 0xe6db, 0xe6db, 0xe6ba, 0xde9a,
  0xe6fb, 0xde7a, 0xe6db, 0xe6db, 0xe6bb, 0xe6db, 0xe6db, 0xe6fb, 0xe6db, 0xde7a, 0xde59, 0xe659, 0xd5b6, 0xeefb, 0xdf1b, 0xe6fb,
  0xe6fb, 0xe6fb, 0xef1c, 0xef1c, 0xcdb7, 0xe639, 0xf6fc, 0xf6fb, 0xeedb, 0xeefc, 0xeedb, 0xe6fc, 0xe6db, 0xe6fc, 0xe6fc, 0xe6fc,
  0xe71c, 0xe71c, 0xe71c, 0xe6fc, 0xe6fc, 0xe71c, 0xe71c, 0xe71c, 0xe6fc, 0xe6fc, 0xe6fc, 0xe6fc, 0xe6fc, 0xe6fc, 0xe6fc, 0xe6fc,
  0xe6fb, 0xe6db, 0xe6fb, 0xe6db, 0xdedb, 0xe6db, 0xe6bb, 0xe6ba, 0xe6ba, 0xdeba, 0xde99, 0xde99, 0xd678, 0xd658, 0xd658, 0xd637,
  0xd617, 0xcdf6, 0xcdf5, 0xcdd5, 0xc5b5, 0xbd73, 0xe6b9, 0x8c71, 0x0000, 0x0020, 0x0000, 0x0000, 0x0000, 0x0000, 0x0000, 0x0000,
  0x0000, 0x0000, 0x0000, 0x0000, 0x0000, 0x0000, 0x0000, 0x0000, 0x0000, 0x0000, 0x0000, 0x0000, 0x0000, 0x0000, 0x0000, 0x0000,
  0x0000, 0x0000, 0x0000, 0x0000, 0x0000, 0x0000, 0x0000, 0x0000, 0x0000, 0x0000, 0x0000, 0x0000, 0x0000, 0x0000, 0x0000, 0x0000,
  0x0000, 0x0000, 0x0000, 0x0000, 0x0000, 0x0000, 0x0000, 0x0000, 0x0000, 0x0000, 0x0000, 0x0000, 0x0000, 0x0000, 0x0000, 0x2124,
  0xe71b, 0xce57, 0xbd94, 0xc5d5, 0xc5d5, 0xcdf6, 0xcdf6, 0xce16, 0xd637, 0xd637, 0xde58, 0xe678, 0xe678, 0xe658, 0xde17, 0xcdb6,
  0xc555, 0xe6ba, 0xe6ba, 0xe6ba, 0xde9a, 0xde9a, 0xde9a, 0xdeba, 0xdeba, 0xdeba, 0xdeba, 0xde9a, 0xde9a, 0xde9a, 0xde9a, 0xe69a,
  0xdeba, 0xdeba, 0xdeba, 0xde9a, 0xde9a, 0xde99, 0xdeba, 0xdeda, 0xdeb9, 0xdeb9, 0xde99, 0xde38, 0xde18, 0xc4f4, 0xc514, 0xe679,
  0xe699, 0xde99, 0xde99, 0xde9a, 0xe69a, 0xde9a, 0xde99, 0xde99, 0xd659, 0xde38, 0xde79, 0xd699, 0xde99, 0xd6b9, 0xd5d7, 0xdd96,
  0xe69a, 0xde9a, 0xde99, 0xde9a, 0xdeba, 0xde9a, 0xde99, 0xdeba, 0xde38, 0xe69a, 0xdeba, 0xdeba, 0xdeba, 0xdedb, 0xe6bb, 0xe69a,
  0xdeba, 0xce17, 0xde9a, 0xe6bb, 0xe6bb, 0xe6db, 0xe6bb, 0xe6bb, 0xe6db, 0xe6db, 0xe6db, 0xe6db, 0xde7a, 0xe6db, 0xe6db, 0xde9a,
  0xe6db, 0xe6db, 0xe6fb, 0xe6db, 0xde7a, 0xe659, 0xddb6, 0xddd7, 0xeefb, 0xdf1b, 0xe6fb, 0xe6fb, 0xe6fb, 0xef1c, 0xcdb7, 0xc575,
  0xe639, 0xf6fb, 0xeedb, 0xeefc, 0xeedb, 0xe6fc, 0xe6db, 0xe6fc, 0xe6fc, 0xe6fc, 0xe6fc, 0xe71c, 0xe71c, 0xe6fc, 0xe71c, 0xe71c,
  0xe71c, 0xe71c, 0xe6fc, 0xe6fc, 0xe6fc, 0xe6fc, 0xe6fc, 0xe6fc, 0xe6fb, 0xe6fb, 0xe6fb, 0xe6db, 0xe6fb, 0xe6fb, 0xe6fb, 0xdefb,
  0xdefb, 0xe6fb, 0xe6fb, 0xe6bb, 0xe69a, 0xde9a, 0xde9a, 0xde79, 0xde79, 0xd658, 0xd658, 0xd658, 0xd637, 0xce17, 0xcdf6, 0xcdf6,
  0xcdd5, 0xc594, 0xd657, 0x8410, 0x0000, 0x0020, 0x0000, 0x0000, 0x0000, 0x0000, 0x0000, 0x0000, 0x0000, 0x0000, 0x0000, 0x0000,
  0x0000, 0x0000, 0x0000, 0x0000, 0x0000, 0x0000, 0x0000, 0x0000, 0x0000, 0x0000, 0x0000, 0x0000, 0x0000, 0x0000, 0x0000, 0x0000,
  0x0000, 0x0000, 0x0000, 0x0000, 0x0000, 0x0000, 0x0000, 0x0000, 0x0000, 0x0000, 0x0000, 0x0000, 0x0000, 0x0000, 0x0000, 0x0000,
  0x0000, 0x0000, 0x0000, 0x0000, 0x0000, 0x0000, 0x0000, 0x0000, 0x0000, 0x0020, 0x0000, 0x73ae, 0xf7bd, 0xbdd5, 0xbd94, 0xc5d4,
  0xc5d5, 0xcdf5, 0xce16, 0xd637, 0xd637, 0xd657, 0xd637, 0xcdf6, 0xcdb6, 0xc575, 0xc575, 0xcdd7, 0xde38, 0xcdb6, 0xcdb6, 0xcdb6,
  0xe6ba, 0xe6ba, 0xde9a, 0xde9a, 0xde9a, 0xdeba, 0xdeba, 0xdeba, 0xdeba, 0xdeba, 0xde9a, 0xde9a, 0xde9a, 0xe69a, 0xdeba, 0xdeba,
  0xdeba, 0xde9a, 0xde9a, 0xde99, 0xdeda, 0xdeda, 0xdeb9, 0xde99, 0xe679, 0xde38, 0xc4f4, 0xc514, 0xe679, 0xde58, 0xe699, 0xde99,
  0xde9a, 0xe69a, 0xde9a, 0xde99, 0xde99, 0xd659, 0xde38, 0xde79, 0xdeba, 0xde99, 0xdeb9, 0xcd75, 0xddf8, 0xde79, 0xdeba, 0xdeba,
  0xdeba, 0xdeba, 0xdeba, 0xdeba, 0xde59, 0xe69a, 0xdeba, 0xdeba, 0xdeba, 0xdedb, 0xe6bb, 0xe69a, 0xdeba, 0xce17, 0xde9a, 0xdeba,
  0xdeba, 0xe6db, 0xe6bb, 0xe6db, 0xe6db, 0xe6ba, 0xde9a, 0xe6bb, 0xeefb, 0xe71c, 0xde9a, 0xe6fb, 0xe6db, 0xe6fb, 0xe6db, 0xde7a,
  0xe659, 0xd5b6, 0xddd7, 0xeefb, 0xdf1b, 0xe6fb, 0xe6fb, 0xe6fb, 0xef1c, 0xcdb7, 0xe639, 0xf6fc, 0xf6fb, 0xeedb, 0xeedb, 0xeedb,
  0xe6db, 0xe6fc, 0xe6fc, 0xe6fc, 0xe6fc, 0xe71c, 0xe71c, 0xe6fc, 0xe71c, 0xe71c, 0xe71c, 0xe71c, 0xe6fc, 0xe6fc, 0xe6fc, 0xe6fc,
  0xe6fc, 0xe6fb, 0xe6fb, 0xe6fb, 0xe6fb, 0xe6fb, 0xe6fb, 0xef1c, 0xe6fc, 0xe6fb, 0xe6fb, 0xe6db, 0xeefb, 0xeedb, 0xde9a, 0xde7a,
  0xe6ba, 0xde9a, 0xde9a, 0xde79, 0xde79, 0xd678, 0xd658, 0xd658, 0xd637, 0xce17, 0xcdf6, 0xcdf6, 0xcdd5, 0xc5b5, 0xc5d5, 0xb595,
  0x0841, 0x0000, 0x0000, 0x0000, 0x0000, 0x0000, 0x0000, 0x0000, 0x0000, 0x0000, 0x0000, 0x0000, 0x0000, 0x0000, 0x0000, 0x0000,
  0x0000, 0x0000, 0x0000, 0x0000, 0x0000, 0x0000, 0x0000, 0x0000, 0x0000, 0x0000, 0x0000, 0x0000, 0x0000, 0x0000, 0x0000, 0x0000,
  0x0000, 0x0000, 0x0000, 0x0000, 0x0000, 0x0000, 0x0000, 0x0000, 0x0000, 0x0000, 0x0000, 0x0000, 0x0000, 0x0000, 0x0000, 0x0000,
  0x0000, 0x0000, 0x0000, 0x0000, 0x0000, 0x0000, 0x0020, 0xc617, 0xe6fa, 0xbd94, 0xc5b4, 0xc5b4, 0xc5d5, 0xcdd5, 0xce16, 0xd617,
  0xcdf6, 0xcdf6, 0xcdf6, 0xd617, 0xd638, 0xde59, 0xeeba, 0xeedb, 0xc575, 0xcdd7, 0xcdd7, 0xcdd7, 0xcdb6, 0xcdb6, 0xe6ba, 0xe6ba,
  0xe6ba, 0xde9a, 0xde9a, 0xdeba, 0xdeba, 0xdeba, 0xdeba, 0xdeba, 0xde9a, 0xde9a, 0xde9a, 0xe69a, 0xdeba, 0xdeba, 0xdeba, 0xde9a,
  0xde9a, 0xdeba, 0xdeda, 0xdeda, 0xdeb9, 0xde99, 0xde38, 0xde18, 0xc4f4, 0xe659, 0xe679, 0xe699, 0xde99, 0xde99, 0xde9a, 0xde9a,
  0xde99, 0xde99, 0xd659, 0xde38, 0xde79, 0xdeba, 0xde9a, 0xde99, 0xdd96, 0xe69a, 0xdeba, 0xde99, 0xde9a, 0xdeba, 0xdeba, 0xde9a,
  0xd679, 0xd5d7, 0xdeba, 0xdeba, 0xdeba, 0xdedb, 0xe6bb, 0xe69a, 0xd679, 0xde9a, 0xe6bb, 0xdeba, 0xdeba, 0xe6bb, 0xe6bb, 0xe6db,
  0xe6db, 0xdeba, 0xe6fb, 0xde7a, 0xe6db, 0xe69a, 0xe6fb, 0xe6db, 0xe6fb, 0xe6db, 0xde7a, 0xe659, 0xd5b6, 0xeefb, 0xdf1b, 0xdf1b,
  0xe6fb, 0xe6fb, 0xef1c, 0xcdb7, 0xc575, 0xe639, 0xf6fb, 0xeedb, 0xeedb, 0xeedb, 0xe6fc, 0xe6fc, 0xe6fc, 0xe6fc, 0xe6fc, 0xe71c,
  0xe71c, 0xe6fc, 0xe71c, 0xe71c, 0xe71c, 0xe6fc, 0xe6fc, 0xe6fc, 0xe6fc, 0xe6fc, 0xe6fc, 0xe6fb, 0xe6fb, 0xe6fb, 0xe6fb, 0xe6fb,
  0xe6fc, 0xe6fc, 0xe6fc, 0xe6fb, 0xe6fb, 0xe6fb, 0xeefc, 0xeefc, 0xde59, 0xde59, 0xe6bb, 0xde9a, 0xde9a, 0xde9a, 0xde9a, 0xde79,
  0xde79, 0xd678, 0xd658, 0xd658, 0xd637, 0xd617, 0xce16, 0xcdf6, 0xcdd5, 0xcdd5, 0xbd94, 0xdeb9, 0x630c, 0x0020, 0x0000, 0x0000,
  0x0000, 0x0000, 0x0000, 0x0000, 0x0000, 0x0000, 0x0000, 0x0000, 0x0000, 0x0000, 0x0000, 0x0000, 0x0000, 0x0000, 0x0000, 0x0000,
  0x0000, 0x0000, 0x0000, 0x0000, 0x0000, 0x0000, 0x0000, 0x0000, 0x0000, 0x0000, 0x0000, 0x0000, 0x0000, 0x0000, 0x0000, 0x0000,
  0x0000, 0x0000, 0x0000, 0x0000, 0x0000, 0x0000, 0x0000, 0x0000, 0x0000, 0x0000, 0x0000, 0x0000, 0x0000, 0x0000, 0x0000, 0x0000,
  0x0000, 0x0000, 0x0861, 0xe6fb, 0xd678, 0xbd94, 0xc5b4, 0xc5d5, 0xcdd5, 0xcdf6, 0xce16, 0xd617, 0xd637, 0xd637, 0xde78, 0xde79,
  0xe699, 0xe679, 0xe69a, 0xde38, 0xeeba, 0xeeba, 0xeeba, 0xc575, 0xcdd7, 0xcdd7, 0xcdb6, 0xcdb6, 0xcdb6, 0xe6ba, 0xe6ba, 0xe6ba,
  0xde9a, 0xde9a, 0xdeba, 0xdeba, 0xdeba, 0xdeba, 0xde9a, 0xde9a, 0xde9a, 0xe69a, 0xdeba, 0xdeba, 0xdeba, 0xde9a, 0xde99, 0xdeba,
  0xdeda, 0xdeb9, 0xde99, 0xde99, 0xde38, 0xc4f4, 0xc514, 0xe679, 0xe699, 0xde99, 0xde99, 0xde9a, 0xde9a, 0xde99, 0xde99, 0xd659,
  0xde38, 0xe6ba, 0xde99, 0xd6b9, 0xd5d7, 0xe618, 0xde79, 0xdeba, 0xdeba, 0xdeba, 0xde9a, 0xde99, 0xdeb9, 0xd5d7, 0xdeba, 0xdeda,
  0xdeba, 0xdedb, 0xe6bb, 0xe6ba, 0xe6ba, 0xde9a, 0xe6bb, 0xe6db, 0xe6db, 0xe6bb, 0xe6db, 0xe6db, 0xe6ba, 0xde9a, 0xd638, 0xe6db,
  0xe6db, 0xe6bb, 0xe6fb, 0xe6fb, 0xe6db, 0xde7a, 0xe659, 0xd5b6, 0xeefb, 0xdf1b, 0xe6fb, 0xe6fb, 0xe6fb, 0xef1c, 0xcdb7, 0xe639,
  0xf6fb, 0xf6fb, 0xeefc, 0xeedb, 0xe6fc, 0xe6db, 0xe6fc, 0xe6fc, 0xe6fc, 0xe71c, 0xe71c, 0xe6fc, 0xe71c, 0xe71c, 0xe71c, 0xe6fc,
  0xe6fc, 0xe6fc, 0xe6fc, 0xe6fc, 0xe6fb, 0xe6fb, 0xe6fb, 0xe6fb, 0xe6fb, 0xe6fb, 0xe6fc, 0xe6fc, 0xe6fb, 0xe6fb, 0xe6fb, 0xe6fb,
  0xe6fb, 0xef1c, 0xeefc, 0xd639, 0xcdb7, 0xde19, 0xe6bb, 0xde9a, 0xde9a, 0xde9a, 0xde9a, 0xde9a, 0xde79, 0xde79, 0xd658, 0xd658,
  0xd637, 0xd637, 0xce16, 0xcdf6, 0xcdd5, 0xc5b5, 0xc594, 0xce37, 0x8c30, 0x18e3, 0x0000, 0x0000, 0x0000, 0x0000, 0x0000, 0x0000,
  0x0000, 0x0000, 0x0000, 0x0000, 0x0000, 0x0000, 0x0000, 0x0000, 0x0000, 0x0000, 0x0000, 0x0000, 0x0000, 0x0000, 0x0000, 0x0000,
  0x0000, 0x0000, 0x0000, 0x0000, 0x0000, 0x0000, 0x0000, 0x0000, 0x0000, 0x0000, 0x0000, 0x0000, 0x0000, 0x0000, 0x0000, 0x0000,
  0x0000, 0x0000, 0x0000, 0x0000, 0x0000, 0x0000, 0x0000, 0x0000, 0x0000, 0x0000, 0x0000, 0x0000, 0x0020, 0x0000, 0x528a, 0xffbd,
  0xc5d5, 0xbd94, 0xc5b4, 0xc5d5, 0xcdf5, 0xcdf6, 0xce16, 0xd637, 0xd657, 0xd658, 0xde58, 0xde79, 0xde79, 0xe69a, 0xd618, 0xde38,
  0xe69a, 0xe69a, 0xe69a, 0xeeba, 0xeeba, 0xeeba, 0xc575, 0xcdd7, 0xcdd7, 0xcdb6, 0xcdb6, 0xcdb6, 0xe6ba, 0xe6ba, 0xde9a, 0xde9a,
  0xdeba, 0xdeba, 0xdeba, 0xdeba, 0xde9a, 0xde9a, 0xde9a, 0xe69a, 0xdeba, 0xdeba, 0xdeba, 0xde9a, 0xde99, 0xdeba, 0xdeda, 0xdeb9,
  0xde99, 0xde38, 0xde18, 0xc514, 0xe679, 0xde58, 0xde99, 0xde99, 0xde9a, 0xde9a, 0xde99, 0xde99, 0xd659, 0xde38, 0xe6ba, 0xde99,
  0xd6b9, 0xcd75, 0xddf8, 0xdeba, 0xde99, 0xde9a, 0xdeba, 0xdeba, 0xdeba, 0xde38, 0xdeba, 0xdeda, 0xdeba, 0xdedb, 0xe6bb, 0xe6ba,
  0xe6ba, 0xe6db, 0xe6bb, 0xe6bb, 0xe6bb, 0xe6bb, 0xe6db, 0xe6db, 0xdeba, 0xe6bb, 0xeefb, 0xe6db, 0xe6bb, 0xe6fb, 0xe6fb, 0xe6db,
  0xde7a, 0xe659, 0xd5b6, 0xeefb, 0xdf1b, 0xe6fb, 0xe6fb, 0xe6fb, 0xef1c, 0xc575, 0xe639, 0xf6fb, 0xeedb, 0xeedb, 0xe6fc, 0xe6db,
  0xe6fc, 0xe6fc, 0xe6fc, 0xe71c, 0xe71c, 0xe6fc, 0xe71c, 0xe71c, 0xe71c, 0xe6fc, 0xe6fc, 0xe6fc, 0xe6fc, 0xe6fc, 0xe6fb, 0xe6fb,
  0xe6fb, 0xe6fb, 0xe6fb, 0xe6fc, 0xe6fc, 0xe6fb, 0xe6fb, 0xe6fb, 0xe6fb, 0xef1c, 0xef1c, 0xef1c, 0xeefc, 0xef1c, 0xd638, 0xde59,
  0xeefc, 0xeefb, 0xe6db, 0xe6bb, 0xe6ba, 0xe6ba, 0xde9a, 0xde99, 0xde79, 0xde79, 0xd658, 0xd658, 0xd657, 0xd637, 0xce16, 0xcdf6,
  0xcdd5, 0xcdd5, 0xc594, 0xc5d5, 0xbd95, 0x31a6, 0x0020, 0x0000, 0x0000, 0x0000, 0x0000, 0x0000, 0x0000, 0x0000, 0x0000, 0x0000,
  0x0000, 0x0000, 0x0000, 0x0000, 0x0000, 0x0000, 0x0000, 0x0000, 0x0000, 0x0000, 0x0000, 0x0000, 0x0000, 0x0000, 0x0000, 0x0000,
  0x0000, 0x0000, 0x0000, 0x0000, 0x0000, 0x0000, 0x0000, 0x0000, 0x0000, 0x0000, 0x0000, 0x0000, 0x0000, 0x0000, 0x0000, 0x0000,
  0x0000, 0x0000, 0x0000, 0x0000, 0x0000, 0x0000, 0x0000, 0x0000, 0x0000, 0x0000, 0x9cf3, 0xef5b, 0xbd94, 0xbd94, 0xc5d4, 0xcdd5,
  0xcdf5, 0xce16, 0xd616, 0xd637, 0xd658, 0xd658, 0xd679, 0xde79, 0xde99, 0xd638, 0xd638, 0xd638, 0xd618, 0xd618, 0xd618, 0xe69a,
  0xe69a, 0xe69a, 0xe69a, 0xeeba, 0xeeba, 0xc575, 0xcdd7, 0xcdd7, 0xcdb6, 0xcdb6, 0xcdb6, 0xe6ba, 0xe6ba, 0xde9a, 0xde9a, 0xdeba,
  0xdeba, 0xdeba, 0xdeba, 0xde9a, 0xde9a, 0xe69a, 0xdeba, 0xdeba, 0xdeba, 0xde9a, 0xde99, 0xdeda, 0xdeda, 0xdeb9, 0xde99, 0xde38,
  0xc4f4, 0xc514, 0xe679, 0xe699, 0xde99, 0xde9a, 0xde9a, 0xde99, 0xde99, 0xd659, 0xde38, 0xd699, 0xde99, 0xde99, 0xdd96, 0xe69a,
  0xdeba, 0xdeba, 0xde9a, 0xde9a, 0xdeba, 0xde59, 0xe69a, 0xdeda, 0xdeba, 0xdedb, 0xe6bb, 0xe6ba, 0xdeba, 0xde9a, 0xdeba, 0xdeba,
  0xe6bb, 0xe6db, 0xe6db, 0xe6ba, 0xe6db, 0xde7a, 0xe6db, 0xde9a, 0xe6db, 0xe6fb, 0xe6db, 0xde7a, 0xe659, 0xd5b6, 0xeefb, 0xdf1b,
  0xe6fb, 0xe6fb, 0xef1c, 0xcdb7, 0xe639, 0xf6fb, 0xeedb, 0xeedb, 0xeedb, 0xe6db, 0xe6fc, 0xe6fc, 0xe6fc, 0xe71c, 0xe71c, 0xe6fc,
  0xe71c, 0xe71c, 0xe6fc, 0xe6fc, 0xe6fc, 0xe6fc, 0xe6fc, 0xe6fb, 0xe6fb, 0xe6fb, 0xe6fb, 0xe6fb, 0xe6fc, 0xe6fc, 0xe6fb, 0xe6fb,
  0xe6fb, 0xef1c, 0xef1c, 0xef1c, 0xef1c, 0xef1c, 0xef1c, 0xef1c, 0xde59, 0xde19, 0xde59, 0xef1c, 0xe6db, 0xe6db, 0xe6db, 0xe6db,
  0xe6db, 0xe6ba, 0xde9a, 0xde9a, 0xde99, 0xde79, 0xde78, 0xd678, 0xd658, 0xd637, 0xd617, 0xce16, 0xcdf6, 0xcdd5, 0xc5b5, 0xc5d5,
  0xbd94, 0x9491, 0x18c3, 0x0000, 0x0000, 0x0000, 0x0000, 0x0000, 0x0000, 0x0000, 0x0000, 0x0000, 0x0000, 0x0000, 0x0000, 0x0000,
  0x0000, 0x0000, 0x0000, 0x0000, 0x0000, 0x0000, 0x0000, 0x0000, 0x0000, 0x0000, 0x0000, 0x0000, 0x0000, 0x0000, 0x0000, 0x0000,
  0x0000, 0x0000, 0x0000, 0x0000, 0x0000, 0x0000, 0x0000, 0x0000, 0x0000, 0x0000, 0x0000, 0x0000, 0x0000, 0x0000, 0x0000, 0x0000,
  0x0000, 0x0000, 0x0000, 0x0000, 0x0000, 0x1082, 0xdeda, 0xde99, 0xbd94, 0xc5b4, 0xc5d5, 0xcdf5, 0xcdf6, 0xce16, 0xd637, 0xd637,
  0xd658, 0xde79, 0xde99, 0xde99, 0xde79, 0xd638, 0xe69a, 0xd638, 0xd638, 0xd638, 0xd638, 0xe69a, 0xd618, 0xd618, 0xd618, 0xe69a,
  0xe69a, 0xe69a, 0xeeba, 0xeeba, 0xc575, 0xcdd7, 0xcdd7, 0xcdb6, 0xcdb6, 0xe6ba, 0xe6ba, 0xde9a, 0xde9a, 0xdeba, 0xdeba, 0xdeba,
  0xdeba, 0xde9a, 0xde9a, 0xe69a, 0xdeba, 0xdeba, 0xdeba, 0xde9a, 0xde99, 0xdeda, 0xdeb9, 0xde99, 0xde38, 0xde18, 0xc514, 0xe679,
  0xe699, 0xde99, 0xde9a, 0xde9a, 0xde99, 0xde99, 0xd659, 0xc596, 0xd699, 0xde9a, 0xde99, 0xddf8, 0xde79, 0xde99, 0xde9a, 0xdeba,
  0xde99, 0xd679, 0xe69a, 0xdeda, 0xdeba, 0xdeba, 0xdeba, 0xe6ba, 0xdeba, 0xde9a, 0xdeba, 0xe6db, 0xe6bb, 0xe6db, 0xe6db, 0xde9a,
  0xe6bb, 0xe6db, 0xe69a, 0xe6db, 0xe6fb, 0xe6db, 0xde7a, 0xe659, 0xd5b6, 0xeefb, 0xdf1b, 0xe6fb, 0xe6fb, 0xef1c, 0xc575, 0xe639,
  0xf6fb, 0xeefc, 0xeedb, 0xe6db, 0xe6fc, 0xe6fc, 0xe6fc, 0xe71c, 0xe71c, 0xe6fc, 0xe71c, 0xe71c, 0xe6fc, 0xe6fc, 0xe6fc, 0xe6fc,
  0xe6fc, 0xe6fb, 0xe6fb, 0xe6fb, 0xe6fb, 0xe6fc, 0xe6fc, 0xe6fb, 0xe6fb, 0xe6fb, 0xef1c, 0xef1c, 0xef1c, 0xef1c, 0xef1c, 0xef1c,
  0xd638, 0xde59, 0xde59, 0xde59, 0xf6fc, 0xcdb7, 0xf6fc, 0xeefb, 0xe71c, 0xe6fb, 0xe6db, 0xe6db, 0xe6db, 0xe6ba, 0xe6ba, 0xe6ba,
  0xde99, 0xde99, 0xde79, 0xd678, 0xd658, 0xd637, 0xd637, 0xce16, 0xcdf6, 0xcdd5, 0xcdd5, 0xc594, 0xc5d5, 0xf79d, 0x4208, 0x0000,
  0x0000, 0x0000, 0x0000, 0x0000, 0x0000, 0x0000, 0x0000, 0x0000, 0x0000, 0x0000, 0x0000, 0x0000, 0x0000, 0x0000, 0x0000, 0x0000,
  0x0000, 0x0000, 0x0000, 0x0000, 0x0000, 0x0000, 0x0000, 0x0000, 0x0000, 0x0000, 0x0000, 0x0000, 0x0000, 0x0000, 0x0000, 0x0000,
  0x0000, 0x0000, 0x0000, 0x0000, 0x0000, 0x0000, 0x0000, 0x0000, 0x0000, 0x0000, 0x0000, 0x0000, 0x0000, 0x0000, 0x0000, 0x0000,
  0x0000, 0x4a49, 0xffde, 0xcdf6, 0xbd94, 0xc5b5, 0xc5b5, 0xcdd5, 0xcdf6, 0xce16, 0xd637, 0xd637, 0xd658, 0xd637, 0xde58, 0xd658,
  0xd638, 0xde79, 0xe6da, 0xd638, 0xd638, 0xd638, 0xd638, 0xd638, 0xd638, 0xd638, 0xd638, 0xd618, 0xd618, 0xd618, 0xe69a, 0xe69a,
  0xe69a, 0xeeba, 0xeeba, 0xc575, 0xcdd7, 0xcdd7, 0xcdb6, 0xcdb6, 0xe6ba, 0xe6ba, 0xde9a, 0xde9a, 0xdeba, 0xdeba, 0xdeba, 0xde9a,
  0xde9a, 0xde9a, 0xdeba, 0xdeba, 0xdeba, 0xde9a, 0xdeba, 0xdeda, 0xdeb9, 0xde99, 0xde38, 0xc4f4, 0xe659, 0xde58, 0xde99, 0xde9a,
  0xde9a, 0xde99, 0xde99, 0xd659, 0xde79, 0xdeba, 0xd6b9, 0xcd75, 0xe69a, 0xdeba, 0xdeba, 0xdeba, 0xdeba, 0xdeba, 0xd5d7, 0xdeba,
  0xdeba, 0xdeba, 0xdeba, 0xe6ba, 0xce17, 0xe6bb, 0xe6bb, 0xe6bb, 0xe6bb, 0xe6db, 0xe6ba, 0xe6fb, 0xeefb, 0xe6db, 0xe6fb, 0xe6db,
  0xe6db, 0xde7a, 0xe659, 0xd5b6, 0xeefb, 0xe6fb, 0xe6fb, 0xef1c, 0xcdb7, 0xe639, 0xf6fb, 0xeedb, 0xeedb, 0xe6fc, 0xe6fc, 0xe6fc,
  0xe6fc, 0xe71c, 0xe6fc, 0xe71c, 0xe71c, 0xe71c, 0xe6fc, 0xe6fc, 0xe6fc, 0xe6fc, 0xe6fb, 0xe6fb, 0xe6fb, 0xe6fb, 0xe6fc, 0xe6fc,
  0xe6fb, 0xe6fb, 0xe6fb, 0xef1c, 0xef1c, 0xef1c, 0xef1c, 0xef1c, 0xef1c, 0xde59, 0xde59, 0xde59, 0xde59, 0xf6fc, 0xf6fc, 0xf6fc,
  0xf6fc, 0xde19, 0xf6fc, 0xeefc, 0xeefc, 0xe6fb, 0xe6db, 0xe6db, 0xe6db, 0xe6da, 0xe6ba, 0xdeba, 0xde99, 0xde99, 0xde78, 0xd678,
  0xd658, 0xd638, 0xd637, 0xcdf7, 0xcdf6, 0xcdd6, 0xcdb5, 0xc595, 0xc5d5, 0xce16, 0x0000, 0x0000, 0x0000, 0x0000, 0x0000, 0x0000,
  0x0000, 0x0000, 0x0000, 0x0000, 0x0000, 0x0000, 0x0000, 0x0000, 0x0000, 0x0000, 0x0000, 0x0000, 0x0000, 0x0000, 0x0000, 0x0000,
  0x0000, 0x0000, 0x0000, 0x0000, 0x0000, 0x0000, 0x0000, 0x0000, 0x0000, 0x0000, 0x0000, 0x0000, 0x0000, 0x0000, 0x0000, 0x0000,
  0x0000, 0x0000, 0x0000, 0x0000, 0x0000, 0x0000, 0x0000, 0x0000, 0x0000, 0x0000, 0x0000, 0x0000, 0x0000, 0x7bae, 0xff9c, 0xc5d5,
  0xbd94, 0xc5b5, 0xcdd5, 0xcdf5, 0xcdf6, 0xd616, 0xd637, 0xd657, 0xd658, 0xd658, 0xde58, 0xde79, 0xde79, 0xe6ba, 0xe6db, 0xde79,
  0xde79, 0xde79, 0xde79, 0xde79, 0xd638, 0xd638, 0xd638, 0xd638, 0xd638, 0xd638, 0xe69a, 0xd618, 0xd618, 0xe69a, 0xe69a, 0xe69a,
  0xeeba, 0xeeba, 0xc575, 0xcdd7, 0xcdd7, 0xcdb6, 0xcdb6, 0xe6ba, 0xe6ba, 0xde9a, 0xdeba, 0xdeba, 0xdeba, 0xde9a, 0xde9a, 0xde9a,
  0xdeba, 0xdeba, 0xde9a, 0xde9a, 0xdeba, 0xdeda, 0xdeb9, 0xde38, 0xde18, 0xc514, 0xe679, 0xde99, 0xde99, 0xe69a, 0xde99, 0xde99,
  0xd659, 0xde79, 0xde99, 0xd6b9, 0xdd96, 0xde79, 0xde99, 0xde9a, 0xde9a, 0xdeba, 0xde38, 0xdeba, 0xdeba, 0xdeba, 0xdeba, 0xe6ba,
  0xde9a, 0xe6bb, 0xdeba, 0xe6bb, 0xe6db, 0xe6db, 0xde9a, 0xde7a, 0xe6db, 0xe6bb, 0xe6db, 0xe6db, 0xde7a, 0xe659, 0xddd7, 0xdf1b,
  0xe6fb, 0xe6fb, 0xef1c, 0xc575, 0xe639, 0xeedb, 0xeedb, 0xe6fc, 0xe6fc, 0xe6fc, 0xe6fc, 0xe71c, 0xe6fc, 0xe71c, 0xe71c, 0xe6fc,
  0xe6fc, 0xe6fc, 0xe6fc, 0xe6fb, 0xe6fb, 0xe6fb, 0xe6fb, 0xe6fc, 0xe6fc, 0xe6fb, 0xe6fb, 0xe6fb, 0xef1c, 0xef1c, 0xef1c, 0xef1c,
  0xef1c, 0xd638, 0xde59, 0xde59, 0xde59, 0xf6fc, 0xf6fc, 0xf6fc, 0xf6fc, 0xf6fc, 0xf6fc, 0xf6fc, 0xf6fc, 0xee7a, 0xf6fc, 0xeedc,
  0xeefc, 0xeefc, 0xe6fb, 0xe6db, 0xe6db, 0xe6db, 0xe6ba, 0xdeba, 0xdeb9, 0xde99, 0xde99, 0xd678, 0xd658, 0xd658, 0xd638, 0xd617,
  0xcdf6, 0xcdd6, 0xc5b5, 0xc5b5, 0xc5d5, 0xbdb5, 0x0020, 0x0000, 0x0000, 0x0000, 0x0000, 0x0000, 0x0000, 0x0000, 0x0000, 0x0000,
  0x0000, 0x0000, 0x0000, 0x0000, 0x0000, 0x0000, 0x0000, 0x0000, 0x0000, 0x0000, 0x0000, 0x0000, 0x0000, 0x0000, 0x0000, 0x0000,
  0x0000, 0x0000, 0x0000, 0x0000, 0x0000, 0x0000, 0x0000, 0x0000, 0x0000, 0x0000, 0x0000, 0x0000, 0x0000, 0x0000, 0x0000, 0x0000,
  0x0000, 0x0000, 0x0000, 0x0000, 0x0000, 0x0000, 0x0000, 0x0000, 0x0000, 0xce18, 0xef3b, 0xc5b4, 0xc5b4, 0xc5b5, 0xcdd5, 0xcdf6,
  0xce16, 0xd637, 0xd637, 0xd658, 0xd678, 0xde78, 0xde99, 0xdeba, 0xdeba, 0xdeba, 0xdeba, 0xde79, 0xe6ba, 0xe6ba, 0xe6ba, 0xe6ba,
  0xde79, 0xde79, 0xde79, 0xde79, 0xd638, 0xd638, 0xd638, 0xd638, 0xd638, 0xd638, 0xd618, 0xd618, 0xd618, 0xe69a, 0xe69a, 0xeeba,
  0xeeba, 0xc575, 0xcdd7, 0xcdb6, 0xcdb6, 0xe6ba, 0xe6ba, 0xde9a, 0xde9a, 0xdeba, 0xdeba, 0xdeba, 0xde9a, 0xde9a, 0xdeba, 0xdeba,
  0xde9a, 0xde99, 0xdeda, 0xdeb9, 0xde99, 0xde38, 0xc4f4, 0xe679, 0xe699, 0xde99, 0xde9a, 0xde99, 0xde99, 0xd659, 0xde79, 0xde99,
  0xde99, 0xddf8, 0xde9a, 0xdeba, 0xdeba, 0xde99, 0xde59, 0xdeba, 0xdeba, 0xdeba, 0xdeba, 0xdeba, 0xe6db, 0xdeba, 0xe6db, 0xe6bb,
  0xe6db, 0xe6db, 0xe6bb, 0xe6db, 0xde9a, 0xe6db, 0xe6db, 0xde7a, 0xe659, 0xeefb, 0xdf1b, 0xe6fb, 0xe6fb, 0xcdb7, 0xe639, 0xf6fb,
  0xeefc, 0xeedb, 0xe6db, 0xe6fc, 0xe6fc, 0xe71c, 0xe6fc, 0xe71c, 0xe71c, 0xe6fc, 0xe6fc, 0xe6fc, 0xe6fc, 0xe6fb, 0xe6fb, 0xe6fb,
  0xe6fb, 0xe6fc, 0xe6fb, 0xe6fb, 0xe6fb, 0xef1c, 0xef1c, 0xef1c, 0xef1c, 0xef1c, 0xde59, 0xde59, 0xde59, 0xf6fc, 0xf6fc, 0xf6fc,
  0xf6fc, 0xf6fc, 0xf6fc, 0xf6fc, 0xf6fc, 0xf6fc, 0xf6fc, 0xf6fc, 0xeedc, 0xd618, 0xee7a, 0xd618, 0xde59, 0xde9a, 0xe6db, 0xe6db,
  0xe6db, 0xe6da, 0xe6ba, 0xdeba, 0xdeba, 0xde99, 0xde99, 0xd679, 0xd658, 0xd658, 0xd638, 0xd617, 0xd5f6, 0xcdd6, 0xcdd6, 0xc5b5,
  0xbd74, 0xdeb9, 0x41e7, 0x0000, 0x0000, 0x0000, 0x0000, 0x0000, 0x0000, 0x0000, 0x0000, 0x0000, 0x0000, 0x0000, 0x0000, 0x0000,
  0x0000, 0x0000, 0x0000, 0x0000, 0x0000, 0x0000, 0x0000, 0x0000, 0x0000, 0x0000, 0x0000, 0x0000, 0x0000, 0x0000, 0x0000, 0x0000,
  0x0000, 0x0000, 0x0000, 0x0000, 0x0000, 0x0000, 0x0000, 0x0000, 0x0000, 0x0000, 0x0000, 0x0000, 0x0000, 0x0000, 0x0000, 0x0000,
  0x0000, 0x0000, 0x0000, 0x0000, 0x0000, 0xbd96, 0xe6da, 0xbd94, 0xc5b4, 0xcdd5, 0xcdd5, 0xcdf6, 0xce16, 0xd617, 0xd637, 0xd658,
  0xd678, 0xde79, 0xde99, 0xdeba, 0xdeba, 0xdeba, 0xdeba, 0xdeba, 0xdeba, 0xdeba, 0xdeba, 0xdeba, 0xe6ba, 0xe6ba, 0xe6ba, 0xe6ba,
  0xde79, 0xde79, 0xde79, 0xde79, 0xd638, 0xd638, 0xd638, 0xd638, 0xd638, 0xd638, 0xd618, 0xd618, 0xe69a, 0xe69a, 0xeeba, 0xeeba,
  0xc575, 0xcdd7, 0xcdb6, 0xcdb6, 0xe6ba, 0xe6ba, 0xde9a, 0xdeba, 0xdeba, 0xdeba, 0xde9a, 0xde9a, 0xdeba, 0xdeba, 0xde9a, 0xde99,
  0xdeda, 0xdeb9, 0xe679, 0xde18, 0xc514, 0xde58, 0xde99, 0xde9a, 0xde99, 0xde99, 0xd659, 0xe6ba, 0xde99, 0xd5d7, 0xe69a, 0xdeba,
  0xdeba, 0xdeba, 0xd679, 0xe69a, 0xdeba, 0xdeba, 0xdeba, 0xdeba, 0xde9a, 0xdeba, 0xe6bb, 0xe6db, 0xe6db, 0xe6db, 0xe6db, 0xde9a,
  0xe6fb, 0xe6db, 0xde7a, 0xe659, 0xeefb, 0xdf1b, 0xe6fb, 0xef1c, 0xc575, 0xf6fc, 0xeedb, 0xeedb, 0xe6db, 0xe6fc, 0xe6fc, 0xe71c,
  0xe6fc, 0xe71c, 0xe71c, 0xe6fc, 0xe6fc, 0xe6fc, 0xe6fb, 0xe6fb, 0xe6fb, 0xe6fb, 0xe6fc, 0xe6fb, 0xe6fb, 0xe6fb, 0xef1c, 0xef1c,
  0xef1c, 0xef1c, 0xde59, 0xde59, 0xde59, 0xf6fc, 0xf6fc, 0xf6fc, 0xf6fc, 0xf6fc, 0xf6fc, 0xf6fc, 0xf6fc, 0xf6fc, 0xf6fc, 0xf6fc,
  0xd618, 0xd618, 0xd618, 0xd618, 0xd618, 0xeebb, 0xcdb7, 0xeebb, 0xe6bb, 0xe69a, 0xde7a, 0xe6db, 0xe6db, 0xe6da, 0xe6da, 0xe6ba,
  0xdeba, 0xdeb9, 0xde99, 0xde79, 0xde59, 0xd658, 0xd638, 0xd617, 0xd5f6, 0xcdd6, 0xcdd6, 0xc5b5, 0xbd73, 0xde98, 0x8c50, 0x0000,
  0x0000, 0x0000, 0x0000, 0x0000, 0x0000, 0x0000, 0x0000, 0x0000, 0x0000, 0x0000, 0x0000, 0x0000, 0x0000, 0x0000, 0x0000, 0x0000,
  0x0000, 0x0000, 0x0000, 0x0000, 0x0000, 0x0000, 0x0000, 0x0000, 0x0000, 0x0000, 0x0000, 0x0000, 0x0000, 0x0000, 0x0000, 0x0000,
  0x0000, 0x0000, 0x0000, 0x0000, 0x0000, 0x0000, 0x0000, 0x0000, 0x0000, 0x0000, 0x0000, 0x0000, 0x0000, 0x0000, 0x0000, 0x0000,
  0x2124, 0xe6fb, 0xd658, 0xbd94, 0xc5b4, 0xcdd5, 0xcdd5, 0xcdf6, 0xd616, 0xd617, 0xd637, 0xd657, 0xd678, 0xde99, 0xde99, 0xdeba,
  0xdeba, 0xdeda, 0xdeba, 0xdeba, 0xdeba, 0xdeba, 0xdeba, 0xdeba, 0xdeba, 0xdeba, 0xdeba, 0xdeba, 0xdeba, 0xe6ba, 0xe6ba, 0xe6ba,
  0xde79, 0xde79, 0xde79, 0xde79, 0xd638, 0xd638, 0xd638, 0xd638, 0xd638, 0xd618, 0xd618, 0xe69a, 0xe69a, 0xe69a, 0xeeba, 0xc575,
  0xcdd7, 0xcdb6, 0xcdb6, 0xe6ba, 0xde9a, 0xde9a, 0xdeba, 0xdeba, 0xde9a, 0xde9a, 0xdeba, 0xdeba, 0xde9a, 0xdeba, 0xdeda, 0xde99,
  0xde38, 0xc514, 0xe679, 0xde99, 0xde9a, 0xde99, 0xde99, 0xde38, 0xd699, 0xd6b9, 0xdd96, 0xdeba, 0xdeba, 0xdeba, 0xdeba, 0xd5d7,
  0xdeda, 0xdeba, 0xdeba, 0xe6ba, 0xe6bb, 0xdeba, 0xe6bb, 0xe6db, 0xdeba, 0xde7a, 0xe6db, 0xe6db, 0xe6fb, 0xde7a, 0xe659, 0xeefb,
  0xe6fb, 0xe6fb, 0xef1c, 0xe639, 0xf6fb, 0xeedb, 0xe6fc, 0xe6fc, 0xe6fc, 0xe71c, 0xe6fc, 0xe71c, 0xe6fc, 0xe6fc, 0xe6fc, 0xe6fc,
  0xe6fb, 0xe6fb, 0xe6fb, 0xe6fc, 0xe6fb, 0xe6fb, 0xef1c, 0xef1c, 0xef1c, 0xef1c, 0xef1c, 0xde59, 0xde59, 0xf6fc, 0xf6fc, 0xf6fc,
  0xf6fc, 0xf6fc, 0xf6fc, 0xf6fc, 0xf6fc, 0xf6fc, 0xf6fc, 0xd618, 0xd618, 0xd618, 0xd618, 0xd618, 0xeebb, 0xeebb, 0xeebb, 0xeebb,
  0xeebb, 0xeedb, 0xe65a, 0xeedb, 0xeedb, 0xef1c, 0xe6fb, 0xe6ba, 0xe6db, 0xe6db, 0xe6da, 0xe6ba, 0xdeba, 0xdeb9, 0xde99, 0xde79,
  0xde59, 0xd658, 0xd638, 0xd617, 0xd617, 0xcdf6, 0xcdd6, 0xcdd5, 0xbd74, 0xce16, 0xc5f7, 0x0000, 0x0000, 0x0000, 0x0000, 0x0000,
  0x0000, 0x0000, 0x0000, 0x0000, 0x0000, 0x0000, 0x0000, 0x0000, 0x0000, 0x0000, 0x0000, 0x0000, 0x0000, 0x0000, 0x0000, 0x0000,
  0x0000, 0x0000, 0x0000, 0x0000, 0x0000, 0x0000, 0x0000, 0x0000, 0x0000, 0x0000, 0x0000, 0x0000, 0x0000, 0x0000, 0x0000, 0x0000,
  0x0000, 0x0000, 0x0000, 0x0000, 0x0000, 0x0000, 0x0000, 0x0000, 0x0000, 0x0000, 0x0000, 0x0000, 0x4208, 0xffbe, 0xcdf6, 0xbdb4,
  0xc5b5, 0xcdd5, 0xcdf5, 0xcdf6, 0xd616, 0xd637, 0xd637, 0xd658, 0xde78, 0xde99, 0xde99, 0xdeba, 0xdeba, 0xdeda, 0xdeba, 0xdeba,
  0xdeba, 0xdeba, 0xdeba, 0xdeba, 0xdeba, 0xdeba, 0xdeba, 0xdeba, 0xdeba, 0xdeba, 0xdeba, 0xdeba, 0xdeba, 0xe6ba, 0xe6ba, 0xe6ba,
  0xe6ba, 0xde79, 0xde79, 0xde79, 0xd638, 0xd638, 0xd638, 0xd638, 0xd638, 0xd618, 0xd618, 0xe69a, 0xe69a, 0xeeba, 0xc575, 0xcdd7,
  0xcdb6, 0xcdb6, 0xe6ba, 0xde9a, 0xdeba, 0xdeba, 0xde9a, 0xde9a, 0xdeba, 0xdeba, 0xde9a, 0xdeba, 0xdeb9, 0xde99, 0xde18, 0xe679,
  0xe699, 0xde9a, 0xde9a, 0xde99, 0xde38, 0xdeba, 0xde99, 0xddf8, 0xdeba, 0xde9a, 0xde99, 0xde38, 0xdeda, 0xdeda, 0xe6bb, 0xdeba,
  0xe6bb, 0xe6db, 0xe6db, 0xe6db, 0xe6bb, 0xe6db, 0xe6fb, 0xe6fb, 0xde7a, 0xd5b6, 0xeefb, 0xe6fb, 0xe6fb, 0xc575, 0xf6fb, 0xeefc,
  0xe6fc, 0xe6fc, 0xe6fc, 0xe71c, 0xe6fc, 0xe71c, 0xe6fc, 0xe6fc, 0xe6fc, 0xe6fb, 0xe6fb, 0xe6fb, 0xe6fc, 0xe6fb, 0xe6fb, 0xef1c,
  0xef1c, 0xef1c, 0xef1c, 0xde59, 0xde59, 0xde59, 0xf6fc, 0xf6fc, 0xf6fc, 0xf6fc, 0xf6fc, 0xf6fc, 0xf6fc, 0xf6fc, 0xf6fc, 0xd618,
  0xd618, 0xd618, 0xd618, 0xeebb, 0xeebb, 0xeebb, 0xeebb, 0xeedb, 0xeedb, 0xeedb, 0xeedb, 0xeedb, 0xeedb, 0xde7a, 0xeedb, 0xde7a,
  0xe6bb, 0xe6fb, 0xe6fb, 0xe6db, 0xe6db, 0xe6db, 0xe6da, 0xe6ba, 0xdeba, 0xdeb9, 0xde99, 0xde99, 0xde79, 0xde58, 0xd658, 0xd637,
  0xd617, 0xcdf6, 0xcdf6, 0xcdd5, 0xbd94, 0xce16, 0xad34, 0x10a2, 0x0000, 0x0000, 0x0000, 0x0000, 0x0000, 0x0000, 0x0000, 0x0000,
  0x0000, 0x0000, 0x0000, 0x0000, 0x0000, 0x0000, 0x0000, 0x0000, 0x0000, 0x0000, 0x0000, 0x0000, 0x0000, 0x0000, 0x0000, 0x0000,
  0x0000, 0x0000, 0x0000, 0x0000, 0x0000, 0x0000, 0x0000, 0x0000, 0x0000, 0x0000, 0x0000, 0x0000, 0x0000, 0x0000, 0x0000, 0x0000,
  0x0000, 0x0000, 0x0000, 0x0000, 0x0000, 0x0000, 0x0000, 0x0000, 0x39c7, 0xf75d, 0xc5d5, 0xc5b4, 0xc5d5, 0xcdf5, 0xcdf6, 0xd616,
  0xd637, 0xd637, 0xd637, 0xd658, 0xde78, 0xde99, 0xdeb9, 0xdeba, 0xdeda, 0xdeda, 0xdeda, 0xdeda, 0xdeba, 0xdeba, 0xdeba, 0xdeba,
  0xdeba, 0xdeba, 0xdeba, 0xdeba, 0xdeba, 0xdeba, 0xdeba, 0xdeba, 0xdeba, 0xdeba, 0xdeba, 0xdeba, 0xdeba, 0xdeba, 0xe6ba, 0xe6ba,
  0xe6ba, 0xde79, 0xde79, 0xde79, 0xd638, 0xd638, 0xd638, 0xd638, 0xd618, 0xd618, 0xe69a, 0xe69a, 0xeeba, 0xc575, 0xcdd7, 0xcdb6,
  0xe6ba, 0xde9a, 0xde9a, 0xdeba, 0xdeba, 0xde9a, 0xdeba, 0xdeba, 0xde9a, 0xdeda, 0xdeb9, 0xde38, 0xc514, 0xe699, 0xde99, 0xde9a,
  0xde99, 0xde38, 0xde99, 0xd5d7, 0xde79, 0xde9a, 0xdeba, 0xde59, 0xdeba, 0xdeda, 0xe6bb, 0xce17, 0xdeba, 0xe6bb, 0xe6db, 0xde9a,
  0xe6db, 0xe6bb, 0xe6fb, 0xde7a, 0xd5b6, 0xdf1b, 0xe6fb, 0xef1c, 0xe639, 0xeedb, 0xeedb, 0xe6fc, 0xe6fc, 0xe71c, 0xe71c, 0xe71c,
  0xe6fc, 0xe6fc, 0xe6fb, 0xe6fb, 0xe6fb, 0xe6fc, 0xe6fb, 0xe6fb, 0xef1c, 0xef1c, 0xef1c, 0xef1c, 0xde59, 0xde59, 0xf6fc, 0xf6fc,
  0xf6fc, 0xf6fc, 0xf6fc, 0xf6fc, 0xf6fc, 0xf6fc, 0xd618, 0xd618, 0xd618, 0xd618, 0xeebb, 0xeebb, 0xeebb, 0xeebb, 0xeedb, 0xeedb,
  0xeedb, 0xeedb, 0xeedb, 0xde7a, 0xde7a, 0xde7a, 0xde7a, 0xde7a, 0xeedb, 0xeedb, 0xf71c, 0xeedb, 0xde7a, 0xe6fb, 0xe6fb, 0xe6fb,
  0xe6db, 0xe6db, 0xe6da, 0xe6ba, 0xdeba, 0xdeb9, 0xde99, 0xde99, 0xde79, 0xde58, 0xd658, 0xd637, 0xd617, 0xd5f6, 0xcdf6, 0xc5b5,
  0xc5d5, 0xbd94, 0xdeb9, 0xad34, 0x0000, 0x0000, 0x0000, 0x0000, 0x0000, 0x0000, 0x0000, 0x0000, 0x0000, 0x0000, 0x0000, 0x0000,
  0x0000, 0x0000, 0x0000, 0x0000, 0x0000, 0x0000, 0x0000, 0x0000, 0x0000, 0x0000, 0x0000, 0x0000, 0x0000, 0x0000, 0x0000, 0x0000,
  0x0000, 0x0000, 0x0000, 0x0000, 0x0000, 0x0000, 0x0000, 0x0000, 0x0000, 0x0000, 0x0000, 0x0000, 0x0000, 0x0000, 0x0000, 0x0000,
  0x0000, 0x0000, 0x0000, 0x0000, 0x9cd2, 0xf75c, 0xc5b5, 0xc5b5, 0xc5b5, 0xcdd5, 0xcdf6, 0xce16, 0xd617, 0xd637, 0xd658, 0xd678,
  0xde99, 0xde99, 0xde9a, 0xdeba, 0xe6ba, 0xe6db, 0xe6ba, 0xe6ba, 0xdeda, 0xdeda, 0xdeda, 0xdeda, 0xdeda, 0xdeda, 0xdeba, 0xdeba,
  0xdeba, 0xdeba, 0xdeba, 0xdeba, 0xdeba, 0xdeba, 0xdeba, 0xdeba, 0xdeba, 0xdeba, 0xdeba, 0xdeba, 0xdeba, 0xdeba, 0xdeba, 0xe6ba,
  0xe6ba, 0xde79, 0xde79, 0xde79, 0xd638, 0xd638, 0xd638, 0xd638, 0xd618, 0xe69a, 0xe69a, 0xeeba, 0xc575, 0xcdd7, 0xcdb6, 0xe6ba,
  0xde9a, 0xdeba, 0xdeba, 0xde9a, 0xdeba, 0xdeba, 0xde9a, 0xdeda, 0xde99, 0xc4f4, 0xe679, 0xde99, 0xde9a, 0xde99, 0xc596, 0xde99,
  0xdd96, 0xdeba, 0xdeba, 0xdeba, 0xdeba, 0xdeda, 0xe6bb, 0xde9a, 0xe6bb, 0xe6bb, 0xe6ba, 0xde7a, 0xde9a, 0xe6fb, 0xde7a, 0xd5b6,
  0xdf1b, 0xe6fb, 0xcdb7, 0xf6fb, 0xeedb, 0xe6fc, 0xe6fc, 0xe71c, 0xe71c, 0xe71c, 0xe6fc, 0xe6fc, 0xe6fb, 0xe6fb, 0xe6fc, 0xe6fb,
  0xe6fb, 0xef1c, 0xef1c, 0xef1c, 0xde59, 0xde59, 0xf6fc, 0xf6fc, 0xf6fc, 0xf6fc, 0xf6fc, 0xf6fc, 0xf6fc, 0xd618, 0xd618, 0xd618,
  0xd618, 0xeebb, 0xeebb, 0xeebb, 0xeedb, 0xeedb, 0xeedb, 0xeedb, 0xeedb, 0xde7a, 0xde7a, 0xde7a, 0xde7a, 0xde7a, 0xeedb, 0xeedb,
  0xeedb, 0xeedb, 0xeedb, 0xeedb, 0xef1c, 0xef1c, 0xef1c, 0xef1c, 0xe6db, 0xe6bb, 0xe6fc, 0xe6fc, 0xe6db, 0xe6bb, 0xe6bb, 0xe6ba,
  0xe6ba, 0xe6ba, 0xde9a, 0xde99, 0xde99, 0xd678, 0xd658, 0xd637, 0xd617, 0xcdf6, 0xcdf6, 0xcdd5, 0xcdd5, 0xbd74, 0xe6da, 0x5269,
  0x0000, 0x0000, 0x0000, 0x0000, 0x0000, 0x0000, 0x0000, 0x0000, 0x0000, 0x0000, 0x0000, 0x0000, 0x0000, 0x0000, 0x0000, 0x0000,
  0x0000, 0x0000, 0x0000, 0x0000, 0x0000, 0x0000, 0x0000, 0x0000, 0x0000, 0x0000, 0x0000, 0x0000, 0x0000, 0x0000, 0x0000, 0x0000,
  0x0000, 0x0000, 0x0000, 0x0000, 0x0000, 0x0000, 0x0000, 0x0000, 0x0000, 0x0000, 0x0000, 0x0000, 0x0000, 0x0000, 0x0000, 0x0000,
  0xad34, 0xef1b, 0xbd94, 0xc5b5, 0xc5b5, 0xcdd5, 0xcdf6, 0xce17, 0xd637, 0xd638, 0xd658, 0xd679, 0xde99, 0xde99, 0xde9a, 0xde79,
  0xd679, 0xde79, 0xde79, 0xde79, 0xdeba, 0xe6ba, 0xe6ba, 0xe6ba, 0xe6ba, 0xe6ba, 0xe6ba, 0xdeda, 0xdeda, 0xdeda, 0xdeda, 0xdeda,
  0xdeda, 0xdeba, 0xdeba, 0xdeba, 0xdeba, 0xdeba, 0xdeba, 0xdeba, 0xdeba, 0xdeba, 0xdeba, 0xdeba, 0xdeba, 0xdeba, 0xdeba, 0xe6ba,
  0xe6ba, 0xe6ba, 0xde79, 0xde79, 0xd638, 0xd638, 0xd638, 0xd618, 0xd618, 0xe69a, 0xeeba, 0xc575, 0xcdd7, 0xcdb6, 0xe6ba, 0xde9a,
  0xdeba, 0xde9a, 0xe69a, 0xdeba, 0xde99, 0xdeb9, 0xde38, 0xc514, 0xde99, 0xe69a, 0xde99, 0xde79, 0xd6b9, 0xe69a, 0xde9a, 0xde99,
  0xe69a, 0xdeba, 0xe69a, 0xde9a, 0xe6db, 0xe6db, 0xe6db, 0xe6db, 0xe6db, 0xde7a, 0xddd7, 0xe6fb, 0xef1c, 0xe639, 0xeefc, 0xe6db,
  0xe6fc, 0xe71c, 0xe71c, 0xe6fc, 0xe6fc, 0xe6fb, 0xe6fb, 0xe6fc, 0xe6fb, 0xe6fb, 0xef1c, 0xef1c, 0xef1c, 0xde59, 0xf6fc, 0xf6fc,
  0xf6fc, 0xf6fc, 0xf6fc, 0xf6fc, 0xf6fc, 0xd618, 0xd618, 0xd618, 0xeebb, 0xeebb, 0xeebb, 0xeedb, 0xeedb, 0xeedb, 0xeedb, 0xde7a,
  0xde7a, 0xde7a, 0xde7a, 0xeedb, 0xeedb, 0xeedb, 0xeedb, 0xeedb, 0xeedb, 0xef1c, 0xef1c, 0xef1c, 0xef1c, 0xef1c, 0xef1c, 0xe6db,
  0xef1d, 0xef1d, 0xef1d, 0xe71c, 0xef1d, 0xef1c, 0xe6fc, 0xe6fc, 0xe6db, 0xe6bb, 0xe6bb, 0xe6bb, 0xe6bb, 0xe6ba, 0xde9a, 0xde99,
  0xde99, 0xd678, 0xd658, 0xd657, 0xd637, 0xce16, 0xcdf6, 0xcdd5, 0xcdd5, 0xc594, 0xde78, 0x4228, 0x0020, 0x0000, 0x0000, 0x0000,
  0x0000, 0x0000, 0x0000, 0x0000, 0x0000, 0x0000, 0x0000, 0x0000, 0x0000, 0x0000, 0x0000, 0x0000, 0x0000, 0x0000, 0x0000, 0x0000,
  0x0000, 0x0000, 0x0000, 0x0000, 0x0000, 0x0000, 0x0000, 0x0000, 0x0000, 0x0000, 0x0000, 0x0000, 0x0000, 0x0000, 0x0000, 0x0000,
  0x0000, 0x0000, 0x0000, 0x0000, 0x0000, 0x0000, 0x0000, 0x0000, 0x0000, 0x0000, 0x0000, 0x18c3, 0xd699, 0xde98, 0xbd94, 0xc5b5,
  0xcdb5, 0xcdd6, 0xcdf6, 0xd617, 0xd637, 0xd658, 0xd658, 0xd679, 0xde99, 0xde99, 0xde99, 0xde9a, 0xe6db, 0xde9a, 0xde9a, 0xde9a,
  0xde9a, 0xde79, 0xde79, 0xde79, 0xde79, 0xde79, 0xde79, 0xde79, 0xdeba, 0xe6ba, 0xe6ba, 0xe6ba, 0xe6ba, 0xe6ba, 0xdeda, 0xdeda,
  0xdeda, 0xdeda, 0xdeda, 0xdeba, 0xdeba, 0xdeba, 0xdeba, 0xdeba, 0xdeba, 0xdeba, 0xdeba, 0xdeba, 0xdeba, 0xdeba, 0xdeba, 0xdeba,
  0xe6ba, 0xe6ba, 0xde79, 0xde79, 0xd638, 0xd638, 0xd638, 0xd618, 0xe69a, 0xeeba, 0xc575, 0xcdb6, 0xe6ba, 0xde9a, 0xdeba, 0xde9a,
  0xe69a, 0xdeba, 0xdeba, 0xde99, 0xc4f4, 0xe699, 0xde9a, 0xde99, 0xe6ba, 0xd5d7, 0xdeba, 0xde9a, 0xd5d7, 0xdeba, 0xe6ba, 0xe6bb,
  0xe6bb, 0xe6ba, 0xe6db, 0xe6fb, 0xde7a, 0xeefb, 0xe6fb, 0xcdb7, 0xf6fb, 0xe6fc, 0xe6fc, 0xe71c, 0xe71c, 0xe6fc, 0xe6fc, 0xe6fb,
  0xe6fb, 0xe6fb, 0xe6fb, 0xef1c, 0xef1c, 0xde59, 0xde59, 0xf6fc, 0xf6fc, 0xf6fc, 0xf6fc, 0xf6fc, 0xd618, 0xd618, 0xd618, 0xeebb,
  0xeebb, 0xeedb, 0xeedb, 0xeedb, 0xeedb, 0xde7a, 0xde7a, 0xde7a, 0xde7a, 0xeedb, 0xeedb, 0xeedb, 0xeedb, 0xeedb, 0xef1c, 0xef1c,
  0xef1c, 0xef1c, 0xef1c, 0xe6db, 0xef1d, 0xef1d, 0xef1d, 0xef1d, 0xef1d, 0xef1d, 0xef1d, 0xe6fc, 0xe6fc, 0xe6fc, 0xe6fc, 0xe71c,
  0xe6fc, 0xe6fc, 0xe6fc, 0xe6fc, 0xe6db, 0xe6db, 0xe6db, 0xe6db, 0xe6bb, 0xe6ba, 0xde9a, 0xde99, 0xde99, 0xd678, 0xd658, 0xd658,
  0xd637, 0xce17, 0xcdf6, 0xcdd5, 0xcdd5, 0xc594, 0xc5d6, 0xf77c, 0x2124, 0x0000, 0x0000, 0x0000, 0x0000, 0x0000, 0x0000, 0x0000,
  0x0000, 0x0000, 0x0000, 0x0000, 0x0000, 0x0000, 0x0000, 0x0000, 0x0000, 0x0000, 0x0000, 0x0000, 0x0000, 0x0000, 0x0000, 0x0000,
  0x0000, 0x0000, 0x0000, 0x0000, 0x0000, 0x0000, 0x0000, 0x0000, 0x0000, 0x0000, 0x0000, 0x0000, 0x0000, 0x0000, 0x0000, 0x0000,
  0x0000, 0x0000, 0x0000, 0x0000, 0x0000, 0x0000, 0x0000, 0x3185, 0xffde, 0xce17, 0xbd94, 0xc5b5, 0xcdb5, 0xcdf6, 0xce16, 0xd617,
  0xd637, 0xd658, 0xd658, 0xd679, 0xde99, 0xde79, 0xde9a, 0xdeba, 0xdeba, 0xdeba, 0xdeba, 0xdeba, 0xdeba, 0xde9a, 0xde9a, 0xde9a,
  0xde9a, 0xde9a, 0xde9a, 0xde9a, 0xde9a, 0xde9a, 0xde79, 0xde79, 0xde79, 0xde79, 0xde79, 0xde79, 0xde79, 0xe6ba, 0xe6ba, 0xe6ba,
  0xe6ba, 0xe6ba, 0xdeda, 0xdeda, 0xdeda, 0xdeda, 0xdeba, 0xdeba, 0xdeba, 0xdeba, 0xdeba, 0xdeba, 0xdeba, 0xdeba, 0xdeba, 0xdeba,
  0xde79, 0xe6ba, 0xde79, 0xde79, 0xd638, 0xd638, 0xe69a, 0xd618, 0xe69a, 0xc575, 0xcdb6, 0xe6ba, 0xdeba, 0xdeba, 0xe69a, 0xdeba,
  0xdeda, 0xde38, 0xe679, 0xde9a, 0xde99, 0xd699, 0xddf8, 0xde9a, 0xd679, 0xdeba, 0xe6ba, 0xdeba, 0xe6db, 0xe6bb, 0xe6db, 0xde7a,
  0xeefb, 0xe6fb, 0xe639, 0xeedb, 0xe6fc, 0xe71c, 0xe71c, 0xe6fc, 0xe6fb, 0xe6fb, 0xe6fb, 0xef1c, 0xef1c, 0xd638, 0xde59, 0xf6fc,
  0xf6fc, 0xf6fc, 0xf6fc, 0xeedc, 0xd618, 0xd618, 0xeebb, 0xeebb, 0xeedb, 0xeedb, 0xeedb, 0xde7a, 0xde7a, 0xde7a, 0xeedb, 0xeedb,
  0xeedb, 0xeedb, 0xef1c, 0xef1c, 0xef1c, 0xef1c, 0xef1c, 0xef1d, 0xef1d, 0xef1d, 0xef1d, 0xef1d, 0xef1d, 0xef1d, 0xe6fc, 0xe6fc,
  0xe6fc, 0xe6fc, 0xe6fc, 0xe6fc, 0xe6fc, 0xe6fc, 0xe6fc, 0xe71c, 0xe71c, 0xe71c, 0xe71c, 0xe71c, 0xe71c, 0xe71c, 0xe71c, 0xe71c,
  0xe6fc, 0xe6db, 0xe6db, 0xe6db, 0xe6ba, 0xe6ba, 0xde9a, 0xde99, 0xde99, 0xd678, 0xd658, 0xd658, 0xd637, 0xce17, 0xcdf6, 0xcdd5,
  0xcdd5, 0xc5b4, 0xc5b5, 0xffbe, 0x4208, 0x0000, 0x0000, 0x0000, 0x0000, 0x0000, 0x0000, 0x0000, 0x0000, 0x0000, 0x0000, 0x0000,
  0x0000, 0x0000, 0x0000, 0x0000, 0x0000, 0x0000, 0x0000, 0x0000, 0x0000, 0x0000, 0x0000, 0x0000, 0x0000, 0x0000, 0x0000, 0x0000,
  0x0000, 0x0000, 0x0000, 0x0000, 0x0000, 0x0000, 0x0000, 0x0000, 0x0000, 0x0000, 0x0000, 0x0000, 0x0000, 0x0000, 0x0000, 0x0000,
  0x0000, 0x0000, 0x0000, 0x2104, 0xef7d, 0xce17, 0xbd94, 0xc5b5, 0xcdd5, 0xcdd6, 0xce16, 0xd617, 0xd637, 0xd658, 0xd658, 0xd699,
  0xde99, 0xde99, 0xde9a, 0xdeba, 0xe6db, 0xdeba, 0xdeba, 0xdeba, 0xdeba, 0xdeba, 0xdeba, 0xdeba, 0xdeba, 0xdeba, 0xdeba, 0xdeba,
  0xdeba, 0xdeba, 0xdeba, 0xdeba, 0xde9a, 0xde9a, 0xde9a, 0xde9a, 0xde9a, 0xde9a, 0xde9a, 0xde79, 0xde79, 0xde79, 0xde79, 0xde79,
  0xde79, 0xdeba, 0xe6ba, 0xe6ba, 0xe6ba, 0xdeda, 0xdeda, 0xdeda, 0xdeba, 0xdeba, 0xdeba, 0xdeba, 0xdeba, 0xdeba, 0xdeba, 0xdeba,
  0xdeba, 0xe6ba, 0xe6ba, 0xde79, 0xd638, 0xd638, 0xd618, 0xe69a, 0xc575, 0xcdb6, 0xde9a, 0xdeba, 0xde9a, 0xde9a, 0xdeb9, 0xc4f4,
  0xde99, 0xde99, 0xde99, 0xde9a, 0xde99, 0xdeba, 0xdeba, 0xe6db, 0xe6db, 0xde9a, 0xde7a, 0xdf1b, 0xcdb7, 0xeefc, 0xe6fc, 0xe6fc,
  0xe6fc, 0xe6fc, 0xe6fb, 0xe6fb, 0xef1c, 0xef1c, 0xde59, 0xf6fc, 0xf6fc, 0xf6fc, 0xf6fc, 0xd618, 0xd618, 0xeebb, 0xeebb, 0xeedb,
  0xeedb, 0xde7a, 0xde7a, 0xde7a, 0xeedb, 0xeedb, 0xeedb, 0xef1c, 0xef1c, 0xef1c, 0xe6db, 0xef1d, 0xef1d, 0xef1d, 0xef1d, 0xef1d,
  0xef1d, 0xe6fc, 0xe6fc, 0xe6fc, 0xe6fc, 0xe6fc, 0xe6fc, 0xe6fc, 0xe71c, 0xe71c, 0xe71c, 0xe71c, 0xe71c, 0xe71c, 0xe71c, 0xe71c,
  0xe71c, 0xe71c, 0xe71c, 0xe71c, 0xe71c, 0xe71c, 0xe71c, 0xef1c, 0xe71c, 0xe71c, 0xe6fc, 0xe6fb, 0xe6fc, 0xe6db, 0xe6db, 0xe6db,
  0xe6ba, 0xe6ba, 0xde9a, 0xdeba, 0xde99, 0xd678, 0xd678, 0xd658, 0xd637, 0xce17, 0xce16, 0xcdd5, 0xcdb5, 0xc5b5, 0xbd74, 0xffbe,
  0xa534, 0x0000, 0x0000, 0x0000, 0x0000, 0x0000, 0x0000, 0x0000, 0x0000, 0x0000, 0x0000, 0x0000, 0x0000, 0x0000, 0x0000, 0x0000,
  0x0000, 0x0000, 0x0000, 0x0000, 0x0000, 0x0000, 0x0000, 0x0000, 0x0000, 0x0000, 0x0000, 0x0000, 0x0000, 0x0000, 0x0000, 0x0000,
  0x0000, 0x0000, 0x0000, 0x0000, 0x0000, 0x0000, 0x0000, 0x0000, 0x0000, 0x0000, 0x0000, 0x0000, 0x0000, 0x0000, 0x0000, 0x528a,
  0xf79d, 0xc5f6, 0xbd94, 0xc5b5, 0xcdd5, 0xcdd6, 0xce16, 0xd617, 0xd637, 0xd658, 0xd658, 0xd699, 0xde99, 0xde99, 0xde9a, 0xdeba,
  0xe6db, 0xdeba, 0xdeba, 0xdeba, 0xdeba, 0xdeba, 0xdeba, 0xdeba, 0xdeba, 0xdeba, 0xdeba, 0xdeba, 0xdeba, 0xdeba, 0xdeba, 0xdeba,
  0xdeba, 0xdeba, 0xdeba, 0xdeba, 0xdeba, 0xdeba, 0xdeba, 0xdeba, 0xdeba, 0xdeba, 0xdeba, 0xde9a, 0xde9a, 0xde9a, 0xde9a, 0xde9a,
  0xde9a, 0xde79, 0xde79, 0xde79, 0xde79, 0xdeba, 0xe6ba, 0xe6ba, 0xdeda, 0xdeda, 0xdeda, 0xdeba, 0xdeba, 0xdeba, 0xdeba, 0xdeba,
  0xdeba, 0xdeba, 0xe6ba, 0xde79, 0xd638, 0xd638, 0xe69a, 0xc575, 0xcdb6, 0xdeba, 0xde9a, 0xde9a, 0xde99, 0xe699, 0xde99, 0xde99,
  0xde9a, 0xdeda, 0xdeba, 0xe6db, 0xe6db, 0xde7a, 0xe6fb, 0xf6fb, 0xe6fc, 0xe6fc, 0xe6fc, 0xe6fb, 0xe6fb, 0xef1c, 0xde59, 0xf6fc,
  0xf6fc, 0xf6fc, 0xd618, 0xd618, 0xeebb, 0xeedb, 0xeedb, 0xde7a, 0xde7a, 0xeedb, 0xeedb, 0xeedb, 0xef1c, 0xef1c, 0xe6db, 0xef1d,
  0xef1d, 0xef1d, 0xef1d, 0xe6fc, 0xe6fc, 0xe6fc, 0xe6fc, 0xe6fc, 0xe6fc, 0xe71c, 0xe71c, 0xe71c, 0xe71c, 0xe71c, 0xe71c, 0xe71c,
  0xe71c, 0xe71c, 0xe71c, 0xe71c, 0xe71c, 0xe71c, 0xe71c, 0xe71c, 0xe71c, 0xe71c, 0xe71c, 0xe71c, 0xeefc, 0xeefc, 0xeefc, 0xeefc,
  0xeefc, 0xeefc, 0xeefc, 0xeefc, 0xeefc, 0xef1c, 0xef1c, 0xe6fb, 0xe6db, 0xe6db, 0xe6db, 0xe6db, 0xe6ba, 0xe6ba, 0xde9a, 0xdeba,
  0xde99, 0xd678, 0xd678, 0xd658, 0xd637, 0xce17, 0xce16, 0xcdd5, 0xcdd5, 0xc5b5, 0xbd94, 0xef1b, 0x6b6d, 0x0000, 0x0000, 0x0000,
  0x0000, 0x0000, 0x0000, 0x0000, 0x0000, 0x0000, 0x0000, 0x0000, 0x0000, 0x0000, 0x0000, 0x0000, 0x0000, 0x0000, 0x0000, 0x0000,
  0x0000, 0x0000, 0x0000, 0x0000, 0x0000, 0x0000, 0x0000, 0x0000, 0x0000, 0x0000, 0x0000, 0x0000, 0x0000, 0x0000, 0x0000, 0x0000,
  0x0000, 0x0000, 0x0000, 0x0000, 0x0000, 0x0000, 0x0000, 0x0000, 0x0000, 0x0000, 0x0000, 0x9cf3, 0xf7be, 0xc5d6, 0xbd94, 0xc5b5,
  0xcdd5, 0xcdd6, 0xce16, 0xd617, 0xd637, 0xd658, 0xd658, 0xd699, 0xde99, 0xde99, 0xde9a, 0xe6ba, 0xe6bb, 0xe6ba, 0xe6ba, 0xe6ba,
  0xe6ba, 0xe6ba, 0xe6ba, 0xe6ba, 0xe6ba, 0xe6ba, 0xe6ba, 0xdeba, 0xdeba, 0xdeba, 0xdeba, 0xdeba, 0xdeba, 0xdeba, 0xdeba, 0xdeba,
  0xdeba, 0xdeba, 0xdeba, 0xdeba, 0xdeba, 0xdeba, 0xdeba, 0xdeba, 0xdeba, 0xdeba, 0xdeba, 0xdeba, 0xdeba, 0xdeba, 0xdeba, 0xdeba,
  0xdeba, 0xdeba, 0xde9a, 0xde9a, 0xde9a, 0xde9a, 0xde79, 0xde79, 0xde79, 0xdeba, 0xe6ba, 0xe6ba, 0xdeda, 0xdeda, 0xdeba, 0xdeba,
  0xdeba, 0xdeba, 0xe6ba, 0xde79, 0xd638, 0xd618, 0xc575, 0xe6ba, 0xde9a, 0xde99, 0xc514, 0xde99, 0xe69a, 0xe69a, 0xde9a, 0xe6db,
  0xde7a, 0xef1c, 0xe6db, 0xe71c, 0xe6fb, 0xe6fb, 0xef1c, 0xf6fc, 0xf6fc, 0xf6fc, 0xd618, 0xeebb, 0xeedb, 0xde7a, 0xeedb, 0xeedb,
  0xef1c, 0xef1c, 0xe6db, 0xef1d, 0xef1d, 0xef1d, 0xe6fc, 0xe6fc, 0xe6fc, 0xe6fc, 0xe71c, 0xe71c, 0xe71c, 0xe71c, 0xe71c, 0xe71c,
  0xe71c, 0xe71c, 0xe71c, 0xe71c, 0xe71c, 0xe71c, 0xe71c, 0xeefc, 0xeefc, 0xeefc, 0xeefc, 0xeefc, 0xeefc, 0xeefc, 0xeefc, 0xeefc,
  0xeefc, 0xeefc, 0xeefc, 0xeefc, 0xeefc, 0xcdd7, 0xcdd7, 0xcdd7, 0xcdd7, 0xcdd7, 0xcdd7, 0xcdd7, 0xcdd7, 0xcdd7, 0xcdd7, 0xd5d7,
  0xcdd7, 0xd618, 0xe67a, 0xeefc, 0xeefc, 0xe6db, 0xe6db, 0xe6db, 0xe6ba, 0xe6ba, 0xde9a, 0xdeba, 0xde99, 0xd678, 0xd678, 0xd658,
  0xd637, 0xce17, 0xce16, 0xcdf5, 0xcdd5, 0xc5b5, 0xc5d6, 0xce17, 0x0841, 0x0000, 0x0000, 0x0000, 0x0000, 0x0000, 0x0000, 0x0000,
  0x0000, 0x0000, 0x0000, 0x0000, 0x0000, 0x0000, 0x0000, 0x0000, 0x0000, 0x0000, 0x0000, 0x0000, 0x0000, 0x0000, 0x0000, 0x0000,
  0x0000, 0x0000, 0x0000, 0x0000, 0x0000, 0x0000, 0x0000, 0x0000, 0x0000, 0x0000, 0x0000, 0x0000, 0x0000, 0x0000, 0x0000, 0x0000,
  0x0000, 0x0000, 0x0000, 0x0000, 0x0000, 0x0000, 0x0000, 0x9491, 0xf79d, 0xbd95, 0xc594, 0xc5b5, 0xcdd5, 0xcdf6, 0xce16, 0xd617,
  0xd637, 0xd658, 0xd658, 0xd699, 0xde99, 0xde9a, 0xde9a, 0xe6ba, 0xe6bb, 0xe6ba, 0xe6ba, 0xe6ba, 0xe6ba, 0xe6ba, 0xe6ba, 0xe6ba,
  0xe6ba, 0xe6ba, 0xe6ba, 0xe6ba, 0xe6ba, 0xe6ba, 0xe6ba, 0xe6ba, 0xe6ba, 0xe6ba, 0xe6ba, 0xe6ba, 0xe6ba, 0xe6ba, 0xe6ba, 0xe6ba,
  0xe6ba, 0xe6ba, 0xe6ba, 0xe6ba, 0xe6ba, 0xe6ba, 0xe6ba, 0xe6ba, 0xe6ba, 0xdeba, 0xdeba, 0xdeba, 0xdeba, 0xdeba, 0xdeba, 0xdeba,
  0xdeba, 0xdeba, 0xdeba, 0xdeba, 0xdeba, 0xdeba, 0xdeba, 0xdeba, 0xdeba, 0xde9a, 0xde9a, 0xde9a, 0xde79, 0xde79, 0xe6ba, 0xdeda,
  0xdeba, 0xdeba, 0xdeba, 0xe6ba, 0xd638, 0xc575, 0xdeba, 0xdeb9, 0xde99, 0xde99, 0xe6db, 0xde7a, 0xeefc, 0xe6fc, 0xe6fb, 0xde59,
  0xf6fc, 0xd618, 0xeedb, 0xde7a, 0xeedb, 0xef1c, 0xef1d, 0xef1d, 0xe6fc, 0xe6fc, 0xe6fc, 0xe71c, 0xe71c, 0xe71c, 0xe71c, 0xe71c,
  0xe71c, 0xe71c, 0xe71c, 0xeefc, 0xeefc, 0xeefc, 0xeefc, 0xeefc, 0xeefc, 0xeefc, 0xeefc, 0xcdd7, 0xcdd7, 0xcdd7, 0xcdd7, 0xcdd7,
  0xcdd7, 0xcdd7, 0xcdd7, 0xcdd7, 0xcdd7, 0xcdd7, 0xcdd7, 0xcdd7, 0xcdd7, 0xcdd7, 0xcdd7, 0xcdd7, 0xe6db, 0xe6db, 0xe6db, 0xe6db,
  0xe6db, 0xe6db, 0xe6db, 0xe6db, 0xe6db, 0xe6db, 0xe6db, 0xe6db, 0xe6db, 0xe6db, 0xe6db, 0xeefc, 0xe6db, 0xde7a, 0xd639, 0xd639,
  0xe6bb, 0xeefc, 0xe6db, 0xe6db, 0xdeda, 0xdeda, 0xdeba, 0xdeb9, 0xde99, 0xde79, 0xd678, 0xd658, 0xd637, 0xd617, 0xce16, 0xcdf6,
  0xcdd5, 0xc5d5, 0xbd94, 0xd678, 0x630c, 0x10a2, 0x0000, 0x0000, 0x0000, 0x0000, 0x0000, 0x0000, 0x0000, 0x0000, 0x0000, 0x0000,
  0x0000, 0x0000, 0x0000, 0x0000, 0x0000, 0x0000, 0x0000, 0x0000, 0x0000, 0x0000, 0x0000, 0x0000, 0x0000, 0x0000, 0x0000, 0x0000,
  0x0000, 0x0000, 0x0000, 0x0000, 0x0000, 0x0000, 0x0000, 0x0000, 0x0000, 0x0000, 0x0000, 0x0000, 0x0000, 0x0000, 0x0000, 0x0000,
  0x0000, 0x0000, 0x0000, 0x9491, 0xf77c, 0xb573, 0xc5b4, 0xc5d5, 0xcdd5, 0xcdf6, 0xce16, 0xd617, 0xd637, 0xd658, 0xd658, 0xd699,
  0xde99, 0xde9a, 0xdeba, 0xe6ba, 0xe6bb, 0xe6ba, 0xe6ba, 0xe6ba, 0xe6ba, 0xe6ba, 0xe6ba, 0xe6ba, 0xe6ba, 0xe6ba, 0xe6ba, 0xe6ba,
  0xe6ba, 0xe6ba, 0xe6ba, 0xe6ba, 0xe6ba, 0xe6ba, 0xe6ba, 0xe6ba, 0xe6ba, 0xe6ba, 0xe6ba, 0xe6ba, 0xe6ba, 0xe6ba, 0xe6ba, 0xe6ba,
  0xe6ba, 0xe6ba, 0xe6ba, 0xe6ba, 0xe6ba, 0xe6ba, 0xe6ba, 0xe6ba, 0xe6ba, 0xe6ba, 0xe6ba, 0xe6ba, 0xe6ba, 0xe6ba, 0xe6ba, 0xe6ba,
  0xe6ba, 0xe6ba, 0xe6ba, 0xe6ba, 0xe6ba, 0xe6ba, 0xe6ba, 0xe6ba, 0xe6ba, 0xe6ba, 0xe6ba, 0xdeba, 0xdeba, 0xdeba, 0xdeba, 0xdeba,
  0xde9a, 0xde79, 0xdeda, 0xdeba, 0xc575, 0xde99, 0xde7a, 0xe6fb, 0xd618, 0xeedb, 0xef1d, 0xe6fc, 0xe71c, 0xe71c, 0xeefc, 0xeefc,
  0xeefc, 0xcdd7, 0xcdd7, 0xcdd7, 0xcdd7, 0xcdd7, 0xcdd7, 0xe6db, 0xe6db, 0xe6db, 0xe6db, 0xe6db, 0xe6db, 0xe6db, 0xe6db, 0xe6db,
  0xe6db, 0xe6db, 0xe6db, 0xe6db, 0xe6db, 0xe6db, 0xe6db, 0xeefc, 0xeefc, 0xeefc, 0xeefc, 0xeefc, 0xeefc, 0xeefc, 0xeefc, 0xeefc,
  0xeefc, 0xeefc, 0xeefc, 0xeefc, 0xeefc, 0xeefc, 0xeefc, 0xeefc, 0xeefc, 0xeefc, 0xeefc, 0xeefc, 0xeefc, 0xeefc, 0xeefc, 0xeefc,
  0xeefc, 0xeefc, 0xeefc, 0xeefc, 0xeefc, 0xeefc, 0xeefc, 0xef1c, 0xeefc, 0xeefc, 0xeefc, 0xe69b, 0xd618, 0xe69a, 0xe6db, 0xe6da,
  0xdeda, 0xdeda, 0xdeba, 0xde99, 0xde99, 0xde79, 0xd679, 0xd658, 0xd658, 0xd637, 0xce17, 0xcdf6, 0xcdd5, 0xc5d4, 0xbdb4, 0xc5f5,
  0x8c50, 0x2924, 0x0000, 0x0000, 0x0000, 0x0000, 0x0000, 0x0000, 0x0000, 0x0000, 0x0000, 0x0000, 0x0000, 0x0000, 0x0000, 0x0000,
  0x0000, 0x0000, 0x0000, 0x0000, 0x0000, 0x0000, 0x0000, 0x0000, 0x0000, 0x0000, 0x0000, 0x0000, 0x0000, 0x0000, 0x0000, 0x0000,
  0x0000, 0x0000, 0x0000, 0x0000, 0x0000, 0x0000, 0x0000, 0x0000, 0x0000, 0x0000, 0x0000, 0x0000, 0x0000, 0x0000, 0x0000, 0x9491,
  0xef3b, 0xb573, 0xc5b4, 0xc5d4, 0xcdd5, 0xcdf6, 0xce16, 0xd617, 0xd637, 0xd658, 0xd658, 0xd699, 0xde99, 0xde9a, 0xdeba, 0xe6ba,
  0xe6db, 0xe6ba, 0xe6ba, 0xe6ba, 0xe6ba, 0xe6ba, 0xe6ba, 0xe6ba, 0xe6ba, 0xe6ba, 0xe6ba, 0xe6ba, 0xe6ba, 0xe6ba, 0xe6ba, 0xe6ba,
  0xe6ba, 0xe6ba, 0xe6ba, 0xe6ba, 0xe6ba, 0xe6ba, 0xe6ba, 0xe6ba, 0xe6ba, 0xe6ba, 0xe6ba, 0xe6ba, 0xe6ba, 0xe6ba, 0xe6ba, 0xe6ba,
  0xe6ba, 0xe6ba, 0xe6ba, 0xe6ba, 0xe6ba, 0xe6ba, 0xe6ba, 0xe6ba, 0xe6ba, 0xe6ba, 0xe6ba, 0xe6ba, 0xe6ba, 0xe6ba, 0xe6ba, 0xe6ba,
  0xe6ba, 0xe6da, 0xe6da, 0xe6da, 0xe6da, 0xe6da, 0xe6da, 0xe6da, 0xe6da, 0xe6da, 0xe6da, 0xe6da, 0xe6ba, 0xe6ba, 0xe6ba, 0xe6ba,
  0xe6da, 0xe6fb, 0xef1c, 0xe71c, 0xf71c, 0xf73d, 0xe71c, 0xe6fc, 0xef3c, 0xe618, 0xb411, 0xb411, 0xb411, 0xee9b, 0xee9b, 0xee9b,
  0xee9b, 0xee9b, 0xee9b, 0xef1c, 0xef1c, 0xef1c, 0xef1c, 0xef1c, 0xef1c, 0xef1c, 0xef1c, 0xef1c, 0xef1c, 0xef1c, 0xef1c, 0xef1c,
  0xef1c, 0xef1c, 0xef1c, 0xeefc, 0xeefc, 0xeefc, 0xeefc, 0xeefc, 0xeefc, 0xeefc, 0xeefc, 0xeefc, 0xeefc, 0xeefc, 0xeefc, 0xeefc,
  0xeefc, 0xeefc, 0xeefc, 0xeefc, 0xeefc, 0xeefc, 0xeefc, 0xeefc, 0xeefc, 0xeefc, 0xeefc, 0xeefc, 0xeefc, 0xeefc, 0xeefc, 0xeefc,
  0xeefc, 0xeefc, 0xeefc, 0xeefc, 0xeefc, 0xeedc, 0xeedb, 0xf6fc, 0xeefb, 0xd638, 0xde79, 0xeedb, 0xeedb, 0xe6da, 0xde9a, 0xde99,
  0xde99, 0xde79, 0xd679, 0xd658, 0xd658, 0xd637, 0xce17, 0xcdf6, 0xcdd5, 0xc5d4, 0xbd94, 0xc5d5, 0x7bef, 0x2124, 0x0000, 0x0000,
  0x0000, 0x0000, 0x0000, 0x0000, 0x0000, 0x0000, 0x0000, 0x0000, 0x0000, 0x0000, 0x0000, 0x0000, 0x0000, 0x0000, 0x0000, 0x0000,
  0x0000, 0x0000, 0x0000, 0x0000, 0x0000, 0x0000, 0x0000, 0x0000, 0x0000, 0x0000, 0x0000, 0x0000, 0x0000, 0x0000, 0x0000, 0x0000,
  0x0000, 0x0000, 0x0000, 0x0000, 0x0000, 0x0000, 0x0000, 0x0000, 0x0000, 0x0000, 0x0000, 0x9491, 0xef3b, 0xb573, 0xc5b4, 0xc5d4,
  0xcdd5, 0xcdf6, 0xce16, 0xd617, 0xd637, 0xd658, 0xd658, 0xd699, 0xde99, 0xde9a, 0xdeba, 0xe6ba, 0xe6db, 0xe6ba, 0xe6ba, 0xe6ba,
  0xe6ba, 0xe6ba, 0xe6ba, 0xe6ba, 0xe6ba, 0xe6ba, 0xe6ba, 0xe6ba, 0xe6ba, 0xe6ba, 0xe6ba, 0xe6ba, 0xe6da, 0xe6da, 0xe6da, 0xe6da,
  0xe6da, 0xe6da, 0xe6da, 0xe6da, 0xe6da, 0xe6da, 0xe6da, 0xe6da, 0xe6da, 0xe6da, 0xe6da, 0xe6da, 0xe6da, 0xe6da, 0xe6da, 0xe6da,
  0xe6da, 0xe6da, 0xe6da, 0xe6da, 0xe6da, 0xe6da, 0xe6da, 0xe6da, 0xe6da, 0xe6da, 0xe6da, 0xe6da, 0xe6da, 0xe6ba, 0xe6ba, 0xe6ba,
  0xe6ba, 0xe6ba, 0xe6db, 0xe6ba, 0xe6db, 0xe6db, 0xe6ba, 0xde9a, 0xe6bb, 0xe6da, 0xe6db, 0xcd15, 0xe6fb, 0xabd0, 0xe71c, 0xef1c,
  0xe71c, 0xe71c, 0xe71c, 0xe71c, 0xeefc, 0xf71c, 0xabf0, 0xf6bb, 0xf73d, 0xe71c, 0xe71c, 0xe71c, 0xe6fc, 0xe6fc, 0xe6fc, 0xef3c,
  0xef3c, 0xef3c, 0xe618, 0xe618, 0xe618, 0xe618, 0xe618, 0xb411, 0xb411, 0xb411, 0xb411, 0xb411, 0xb411, 0xb411, 0xb411, 0xee9b,
  0xee9b, 0xee9b, 0xee9b, 0xee9b, 0xee9b, 0xee9b, 0xee9b, 0xee9b, 0xee9b, 0xee9b, 0xee9b, 0xee9b, 0xee9b, 0xee9b, 0xee9b, 0xee9b,
  0xef1c, 0xef1c, 0xef1c, 0xef1c, 0xef1c, 0xef1c, 0xef1c, 0xef1c, 0xef1c, 0xef1c, 0xef1c, 0xef1c, 0xef1c, 0xef1c, 0xef1c, 0xef1c,
  0xef1c, 0xef1c, 0xeefc, 0xe6db, 0xeefb, 0xeefb, 0xde59, 0xde38, 0xe69a, 0xe69a, 0xde79, 0xde99, 0xde99, 0xde79, 0xd679, 0xd658,
  0xd658, 0xd637, 0xce17, 0xcdf6, 0xcdd5, 0xc5d4, 0xbd94, 0xce16, 0xdeb9, 0x18e3, 0x0000, 0x0000, 0x0000, 0x0000, 0x0000, 0x0000,
  0x0000, 0x0000, 0x0000, 0x0000, 0x0000, 0x0000, 0x0000, 0x0000, 0x0000, 0x0000, 0x0000, 0x0000, 0x0000, 0x0000, 0x0000, 0x0000,
  0x0000, 0x0000, 0x0000, 0x0000, 0x0000, 0x0000, 0x0000, 0x0000, 0x0000, 0x0000, 0x0000, 0x0000, 0x0000, 0x0000, 0x0000, 0x0000,
  0x0000, 0x0000, 0x0000, 0x0000, 0x0000, 0x0000, 0x18c3, 0xdeda, 0xded9, 0xb573, 0xc5b4, 0xc5d5, 0xcdf5, 0xcdf6, 0xce17, 0xd637,
  0xd657, 0xd658, 0xd678, 0xde99, 0xdeb9, 0xde99, 0xde9a, 0xe6da, 0xe6db, 0xe6da, 0xe6da, 0xe6da, 0xe6da, 0xe6da, 0xe6da, 0xe6da,
  0xe6da, 0xe6da, 0xe6da, 0xe6da, 0xe6da, 0xe6da, 0xe6da, 0xe6da, 0xe6da, 0xe6da, 0xe6da, 0xe6da, 0xe6da, 0xe6da, 0xe6da, 0xe6da,
  0xe6da, 0xe6da, 0xe6da, 0xe6da, 0xe6da, 0xe6da, 0xe6da, 0xe6da, 0xe6da, 0xe6da, 0xe6da, 0xe6da, 0xe6da, 0xe6da, 0xe6ba, 0xe6ba,
  0xe6ba, 0xe6ba, 0xe6ba, 0xe6ba, 0xe6ba, 0xe6ba, 0xe6db, 0xe6db, 0xe6ba, 0xe6ba, 0xe6db, 0xe6db, 0xe6bb, 0xe6ba, 0xde9a, 0xe6bb,
  0xe6db, 0xe6db, 0xe6da, 0xe6db, 0xe6db, 0xd659, 0xeedb, 0xe6fb, 0xe6fb, 0xe6fc, 0xf71c, 0xcd97, 0xef1c, 0xf67a, 0xe71c, 0xe71c,
  0xe71c, 0xe71c, 0xe71c, 0xef1c, 0xeefc, 0xeefc, 0xf71c, 0xf5f8, 0xabf0, 0xf6bb, 0xf73d, 0xf73d, 0xe71c, 0xe71c, 0xe71c, 0xe71c,
  0xe71c, 0xe71c, 0xe6fc, 0xe6fc, 0xe6fc, 0xe6fc, 0xef3c, 0xef3c, 0xef3c, 0xef3c, 0xef3c, 0xe618, 0xe618, 0xe618, 0xe618, 0xe618,
  0xe618, 0xe618, 0xe618, 0xb411, 0xb411, 0xb411, 0xb411, 0xb411, 0xb411, 0xb411, 0xb411, 0xb411, 0xb411, 0xb411, 0xb411, 0xb411,
  0xb411, 0xee9b, 0xee9b, 0xee9b, 0xee9b, 0xee9b, 0xee9b, 0xee9b, 0xee9b, 0xee9b, 0xee9b, 0xf69b, 0xee9b, 0xeebb, 0xf71c, 0xeefc,
  0xe6db, 0xe6fb, 0xeefb, 0xde79, 0xce17, 0xde79, 0xde9a, 0xdeba, 0xde99, 0xde99, 0xd679, 0xd658, 0xd658, 0xd637, 0xce17, 0xcdf6,
  0xcdd5, 0xc5d5, 0xbd94, 0xce16, 0xf77c, 0x18c3, 0x0000, 0x0000, 0x0000, 0x0000, 0x0000, 0x0000, 0x0000, 0x0000, 0x0000, 0x0000,
  0x0000, 0x0000, 0x0000, 0x0000, 0x0000, 0x0000, 0x0000, 0x0000, 0x0000, 0x0000, 0x0000, 0x0000, 0x0000, 0x0000, 0x0000, 0x0000,
  0x0000, 0x0000, 0x0000, 0x0000, 0x0000, 0x0000, 0x0000, 0x0000, 0x0000, 0x0000, 0x0000, 0x0000, 0x0000, 0x0000, 0x0000, 0x0000,
  0x0000, 0x0000, 0x18e3, 0xef5c, 0xdeb9, 0xb573, 0xc5b4, 0xc5d5, 0xcdf5, 0xcdf6, 0xce17, 0xd637, 0xd657, 0xd658, 0xd678, 0xde99,
  0xdeb9, 0xde99, 0xde9a, 0xe6da, 0xe6db, 0xe6da, 0xe6da, 0xe6da, 0xe6da, 0xe6da, 0xe6da, 0xe6da, 0xe6da, 0xe6da, 0xe6da, 0xe6da,
  0xe6da, 0xe6da, 0xe6da, 0xe6da, 0xe6da, 0xe6da, 0xe6da, 0xe6da, 0xe6da, 0xe6da, 0xe6da, 0xe6da, 0xe6da, 0xe6da, 0xe6da, 0xe6ba,
  0xe6ba, 0xe6ba, 0xe6ba, 0xe6ba, 0xe6ba, 0xe6ba, 0xe6ba, 0xe6ba, 0xe6ba, 0xe6ba, 0xe6db, 0xe6db, 0xe6ba, 0xe6ba, 0xe6ba, 0xe6db,
  0xe6db, 0xe6db, 0xe6db, 0xe6bb, 0xe6ba, 0xe6ba, 0xde9a, 0xe6bb, 0xe6db, 0xe6bb, 0xe6db, 0xe6da, 0xe6db, 0xe6db, 0xdedb, 0xdedb,
  0xc4d4, 0xe6fc, 0xe6fb, 0xe6fb, 0xe6db, 0xe71c, 0xeedb, 0xef1c, 0xe71c, 0xef1c, 0xeedc, 0xef1c, 0xe71c, 0xe71c, 0xe71c, 0xe71c,
  0xe71c, 0xe71c, 0xe71c, 0xef1c, 0xeefc, 0xeefc, 0xf71c, 0xf71c, 0xf5f8, 0xabf0, 0xabf0, 0xf6bb, 0xf6bb, 0xf73d, 0xf73d, 0xf73d,
  0xe71c, 0xe71c, 0xe71c, 0xe71c, 0xe71c, 0xe71c, 0xe71c, 0xe6fc, 0xe6fc, 0xe6fc, 0xe6fc, 0xe6fc, 0xe6fc, 0xef3c, 0xef3c, 0xef3c,
  0xef3c, 0xef3c, 0xef3c, 0xef3c, 0xe618, 0xe618, 0xe618, 0xe618, 0xe618, 0xe618, 0xe618, 0xe618, 0xe618, 0xe618, 0xe618, 0xe618,
  0xb411, 0xb411, 0xb411, 0xb411, 0xb411, 0xb411, 0xb411, 0xb3f1, 0xb411, 0xbc52, 0xccf5, 0xe5d8, 0xf6db, 0xeefb, 0xe6db, 0xe6db,
  0xdeba, 0xde99, 0xde9a, 0xde9a, 0xde99, 0xde79, 0xd679, 0xd658, 0xd658, 0xd637, 0xce17, 0xcdf6, 0xcdd5, 0xc5d5, 0xbd94, 0xce16,
  0xef5c, 0x18e3, 0x0000, 0x0000, 0x0000, 0x0000, 0x0000, 0x0000, 0x0000, 0x0000, 0x0000, 0x0000, 0x0000, 0x0000, 0x0000, 0x0000,
  0x0000, 0x0000, 0x0000, 0x0000, 0x0000, 0x0000, 0x0000, 0x0000, 0x0000, 0x0000, 0x0000, 0x0000, 0x0000, 0x0000, 0x0000, 0x0000,
  0x0000, 0x0000, 0x0000, 0x0000, 0x0000, 0x0000, 0x0000, 0x0000, 0x0000, 0x0000, 0x0000, 0x0000, 0x0000, 0x0000, 0x18e3, 0xef3c,
  0xdeb9, 0xb573, 0xc5b4, 0xc5d5, 0xcdf5, 0xcdf6, 0xce17, 0xd637, 0xd657, 0xd658, 0xd678, 0xde99, 0xdeb9, 0xde99, 0xde9a, 0xe6da,
  0xe6db, 0xe6da, 0xe6da, 0xe6da, 0xe6da, 0xe6da, 0xe6da, 0xe6da, 0xe6da, 0xe6da, 0xe6da, 0xe6da, 0xe6da, 0xe6da, 0xe6da, 0xe6da,
  0xe6ba, 0xe6ba, 0xe6ba, 0xe6ba, 0xe6ba, 0xe6ba, 0xe6ba, 0xe6ba, 0xe6ba, 0xe6ba, 0xe6ba, 0xe6ba, 0xe6ba, 0xe6ba, 0xe6db, 0xe6db,
  0xe6db, 0xe6ba, 0xe6ba, 0xe6ba, 0xe6db, 0xe6db, 0xe6db, 0xe6db, 0xe6db, 0xe6bb, 0xe6bb, 0xe6ba, 0xe6ba, 0xde9a, 0xde9a, 0xe6bb,
  0xe6db, 0xe6bb, 0xe6db, 0xe6db, 0xe6da, 0xe6db, 0xe6db, 0xe6db, 0xdedb, 0xdedb, 0xcd15, 0xeeba, 0xe6fc, 0xe6fb, 0xce38, 0xf71c,
  0xabd0, 0xe71c, 0xef1c, 0xe71c, 0xd639, 0xe71c, 0xef1c, 0xe71c, 0xd514, 0xe71c, 0xe71c, 0xe71c, 0xe71c, 0xe71c, 0xe71c, 0xe71c,
  0xe71c, 0xe71c, 0xe71c, 0xef1c, 0xeefc, 0xeefc, 0xeefc, 0xf71c, 0xf71c, 0xf5f8, 0xf5f8, 0xabf0, 0xabf0, 0xf6bb, 0xf6bb, 0xf6bb,
  0xf73d, 0xf73d, 0xf73d, 0xe71c, 0xe71c, 0xe71c, 0xe71c, 0xe71c, 0xe71c, 0xe71c, 0xe71c, 0xe71c, 0xe71c, 0xe6fc, 0xe6fc, 0xe6fc,
  0xe6fc, 0xe6fc, 0xe6fc, 0xe6fc, 0xef3c, 0xef3c, 0xef3c, 0xef3c, 0xef3c, 0xef3c, 0xef3c, 0xef3c, 0xef3c, 0xef3c, 0xe618, 0xe618,
  0xe618, 0xe618, 0xe618, 0xe5f8, 0xe618, 0xee19, 0xccd4, 0xbc11, 0xc493, 0xddb7, 0xf6db, 0xeedb, 0xe6da, 0xde9a, 0xe679, 0xde9a,
  0xd699, 0xd679, 0xd678, 0xd658, 0xd658, 0xd637, 0xce17, 0xcdf6, 0xcdd5, 0xc5d5, 0xbd94, 0xce16, 0xef5c, 0x18e3, 0x0000, 0x0000,
  0x0000, 0x0000, 0x0000, 0x0000, 0x0000, 0x0000, 0x0000, 0x0000, 0x0000, 0x0000, 0x0000, 0x0000, 0x0000, 0x0000, 0x0000, 0x0000,
  0x0000, 0x0000, 0x0000, 0x0000, 0x0000, 0x0000, 0x0000, 0x0000, 0x0000, 0x0000, 0x0000, 0x0000, 0x0000, 0x0000, 0x0000, 0x0000,
  0x0000, 0x0000, 0x0000, 0x0000, 0x0000, 0x0000, 0x0000, 0x0000, 0x0000, 0x0000, 0x18e3, 0xef3c, 0xdeb9, 0xb573, 0xc5b4, 0xc5d5,
  0xcdf5, 0xcdf6, 0xce17, 0xd637, 0xd657, 0xd658, 0xd678, 0xde99, 0xdeb9, 0xde99, 0xde9a, 0xe6da, 0xe6db, 0xe6da, 0xe6da, 0xe6da,
  0xe6da, 0xe6ba, 0xe6ba, 0xe6ba, 0xe6ba, 0xe6ba, 0xe6ba, 0xe6ba, 0xe6ba, 0xe6ba, 0xe6ba, 0xe6ba, 0xe6ba, 0xe6ba, 0xe6ba, 0xe6ba,
  0xe6ba, 0xe6db, 0xe6db, 0xe6db, 0xe6db, 0xe6db, 0xe6ba, 0xe6ba, 0xe6ba, 0xe6ba, 0xe6db, 0xe6db, 0xe6db, 0xe6db, 0xe6db, 0xe6db,
  0xe6bb, 0xe6bb, 0xe6ba, 0xe6ba, 0xdeba, 0xde9a, 0xe6bb, 0xe6bb, 0xe6db, 0xe6bb, 0xe6bb, 0xe6db, 0xe6db, 0xe6da, 0xe6db, 0xe6db,
  0xe6db, 0xe6db, 0xdedb, 0xe6db, 0xde39, 0xd5d7, 0xe6db, 0xe71c, 0xe6fb, 0xdeba, 0xe71b, 0xddd8, 0xe71c, 0xe6fc, 0xef1c, 0xef3d,
  0xe71c, 0xc555, 0xef1c, 0xef1c, 0xe71c, 0xe71c, 0xcc73, 0xe71c, 0xe71c, 0xe71c, 0xe71c, 0xe71c, 0xe71c, 0xe71c, 0xe71c, 0xe71c,
  0xe71c, 0xe71c, 0xe71c, 0xef1c, 0xeefc, 0xeefc, 0xeefc, 0xeefc, 0xf71c, 0xf71c, 0xf5f8, 0xf5f8, 0xabf0, 0xabf0, 0xabf0, 0xf6bb,
  0xf6bb, 0xf6bb, 0xf73d, 0xf73d, 0xf73d, 0xf73d, 0xe71c, 0xe71c, 0xe71c, 0xe71c, 0xe71c, 0xe71c, 0xe71c, 0xe71c, 0xe71c, 0xe71c,
  0xe71c, 0xe71c, 0xe6fc, 0xe6fc, 0xe6fc, 0xe6fc, 0xe6fc, 0xe6fc, 0xe6fc, 0xe6fc, 0xe6fc, 0xef3c, 0xef3c, 0xef3c, 0xef3c, 0xef3c,
  0xef3c, 0xf71c, 0xfedc, 0xcd15, 0xd4f5, 0xccf5, 0xc514, 0xee9a, 0xeedb, 0xe69a, 0xe67a, 0xde79, 0xde79, 0xd679, 0xd658, 0xd658,
  0xd658, 0xd637, 0xce17, 0xcdf6, 0xcdd5, 0xcdd5, 0xbd94, 0xce16, 0xef5c, 0x18e3, 0x0000, 0x0000, 0x0000, 0x0000, 0x0000, 0x0000,
  0x0000, 0x0000, 0x0000, 0x0000, 0x0000, 0x0000, 0x0000, 0x0000, 0x0000, 0x0000, 0x0000, 0x0000, 0x0000, 0x0000, 0x0000, 0x0000,
  0x0000, 0x0000, 0x0000, 0x0000, 0x0000, 0x0000, 0x0000, 0x0000, 0x0000, 0x0000, 0x0000, 0x0000, 0x0000, 0x0000, 0x0000, 0x0000,
  0x0000, 0x0000, 0x0000, 0x0000, 0x0000, 0x0000, 0x18e3, 0xef3c, 0xdeb9, 0xbd93, 0xc5b4, 0xc5d4, 0xcdd5, 0xcdf6, 0xce17, 0xd637,
  0xd657, 0xd658, 0xd678, 0xde99, 0xdeb9, 0xde9a, 0xdeba, 0xe6ba, 0xe6db, 0xe6ba, 0xe6ba, 0xe6ba, 0xe6ba, 0xe6ba, 0xe6ba, 0xe6ba,
  0xe6ba, 0xe6ba, 0xe6ba, 0xe6ba, 0xe6ba, 0xe6db, 0xe6db, 0xe6db, 0xe6db, 0xe6db, 0xe6ba, 0xe6ba, 0xe6ba, 0xe6ba, 0xe6ba, 0xe6db,
  0xe6db, 0xe6db, 0xe6db, 0xe6db, 0xe6db, 0xe6db, 0xe6db, 0xe6bb, 0xe6bb, 0xe6ba, 0xe6ba, 0xe6ba, 0xde9a, 0xde9a, 0xe6bb, 0xe6bb,
  0xe6db, 0xe6bb, 0xe6bb, 0xe6db, 0xe6db, 0xe6db, 0xe6da, 0xe6db, 0xe6db, 0xe6db, 0xe6db, 0xe6db, 0xdedb, 0xe6db, 0xe6ba, 0xc4d4,
  0xeeba, 0xe6fc, 0xe6fb, 0xe6fb, 0xd679, 0xd638, 0xf6fd, 0xeefc, 0xe71c, 0xe6fc, 0xef1c, 0xd5b7, 0xe71c, 0xe6db, 0xf73d, 0xef1c,
  0xef1c, 0xef1d, 0xeedc, 0xd514, 0xef1c, 0xe71c, 0xe71c, 0xe71c, 0xe71c, 0xe71c, 0xe71c, 0xe71c, 0xe71c, 0xe71c, 0xe71c, 0xe71c,
  0xe71c, 0xe71c, 0xe71c, 0xef1c, 0xeefc, 0xeefc, 0xeefc, 0xeefc, 0xf71c, 0xf71c, 0xf71c, 0xf5f8, 0xf5f8, 0xabf0, 0xabf0, 0xabf0,
  0xabf0, 0xf6bb, 0xf6bb, 0xf6bb, 0xf6bb, 0xf73d, 0xf73d, 0xf73d, 0xf73d, 0xf73d, 0xe71c, 0xe71c, 0xe71c, 0xe71c, 0xe71c, 0xe71c,
  0xe71c, 0xe71c, 0xe71c, 0xe71c, 0xe71c, 0xe71c, 0xe71c, 0xe6fc, 0xe6fc, 0xe6fc, 0xe6fc, 0xe71c, 0xe6fc, 0xe6fc, 0xeefc, 0xe67a,
  0xcd56, 0xfedb, 0xd5b7, 0xbcf4, 0xde18, 0xeebb, 0xe6ba, 0xde79, 0xde99, 0xde79, 0xd678, 0xd658, 0xd657, 0xd637, 0xce17, 0xcdf6,
  0xcdd5, 0xcdd4, 0xc593, 0xce16, 0xef5c, 0x18c3, 0x0000, 0x0000, 0x0000, 0x0000, 0x0000, 0x0000, 0x0000, 0x0000, 0x0000, 0x0000,
  0x0000, 0x0000, 0x0000, 0x0000, 0x0000, 0x0000, 0x0000, 0x0000, 0x0000, 0x0000, 0x0000, 0x0000, 0x0000, 0x0000, 0x0000, 0x0000,
  0x0000, 0x0000, 0x0000, 0x0000, 0x0000, 0x0000, 0x0000, 0x0000, 0x0000, 0x0000, 0x0000, 0x0000, 0x0000, 0x0000, 0x0000, 0x0000,
  0x0000, 0x0000, 0x18e3, 0xe73c, 0xdeb9, 0xbd93, 0xc5b4, 0xc5d4, 0xcdd5, 0xcdf6, 0xce17, 0xd637, 0xd657, 0xd658, 0xd678, 0xde99,
  0xdeb9, 0xde9a, 0xdeba, 0xe6ba, 0xe6db, 0xe6ba, 0xe6ba, 0xe6ba, 0xe6ba, 0xe6db, 0xe6db, 0xe6db, 0xe6db, 0xe6db, 0xe6db, 0xe6ba,
  0xe6ba, 0xe6ba, 0xe6ba, 0xe6ba, 0xe6ba, 0xe6db, 0xe6db, 0xe6db, 0xe6db, 0xe6db, 0xe6db, 0xe6db, 0xe6db, 0xe6bb, 0xe6bb, 0xe6bb,
  0xe6ba, 0xe6ba, 0xe6ba, 0xde9a, 0xde9a, 0xde9a, 0xe6bb, 0xe6bb, 0xe6db, 0xe6db, 0xe6bb, 0xe6db, 0xe6db, 0xe6db, 0xe6db, 0xe6da,
  0xe6db, 0xe6db, 0xe6db, 0xe6db, 0xe6db, 0xe6db, 0xdedb, 0xe6db, 0xd659, 0xcd15, 0xd5d7, 0xeedb, 0xe6fc, 0xe6fb, 0xe6fb, 0xdeba,
  0xeefb, 0xe6fb, 0xb411, 0xabd0, 0xe6fc, 0xe71c, 0xef1c, 0xf71c, 0xe71c, 0xe71c, 0xcd97, 0xe73d, 0xe71c, 0xef1c, 0xeefc, 0xf6dc,
  0xf67a, 0xcc73, 0xe71c, 0xe71c, 0xe71c, 0xe71c, 0xe71c, 0xe71c, 0xe71c, 0xe71c, 0xe71c, 0xe71c, 0xe71c, 0xe71c, 0xe71c, 0xe71c,
  0xe71c, 0xe71c, 0xef1c, 0xef1c, 0xeefc, 0xeefc, 0xeefc, 0xeefc, 0xeefc, 0xf71c, 0xf71c, 0xf71c, 0xf5f8, 0xf5f8, 0xf5f8, 0xabf0,
  0xabf0, 0xabf0, 0xabf0, 0xf6bb, 0xf6bb, 0xf6bb, 0xf6bb, 0xf73d, 0xf73d, 0xf73d, 0xf73d, 0xf73d, 0xf73d, 0xe71c, 0xe71c, 0xe71c,
  0xe71c, 0xe71c, 0xe71c, 0xe71c, 0xe71c, 0xe71c, 0xe71c, 0xe71c, 0xe71c, 0xe71c, 0xe6fc, 0xef1d, 0xcd96, 0xde18, 0xfefc, 0xddf8,
  0xc555, 0xde38, 0xeeba, 0xde99, 0xde99, 0xde79, 0xde78, 0xd658, 0xd657, 0xd637, 0xce17, 0xcdf6, 0xcdd5, 0xcdd4, 0xc593, 0xce16,
  0xef5c, 0x18c3, 0x0000, 0x0000, 0x0000, 0x0000, 0x0000, 0x0000, 0x0000, 0x0000, 0x0000, 0x0000, 0x0000, 0x0000, 0x0000, 0x0000,
  0x0000, 0x0000, 0x0000, 0x0000, 0x0000, 0x0000, 0x0000, 0x0000, 0x0000, 0x0000, 0x0000, 0x0000, 0x0000, 0x0000, 0x0000, 0x0000,
  0x0000, 0x0000, 0x0000, 0x0000, 0x0000, 0x0000, 0x0000, 0x0000, 0x0000, 0x0000, 0x0000, 0x0000, 0x0000, 0x0000, 0x2104, 0xf77d,
  0xdeb9, 0xbd93, 0xc5b4, 0xc5d4, 0xcdd5, 0xcdf6, 0xce17, 0xd637, 0xd657, 0xd658, 0xd678, 0xde99, 0xdeb9, 0xde9a, 0xdeba, 0xe6ba,
  0xe6db, 0xe6db, 0xe6db, 0xe6db, 0xe6ba, 0xe6ba, 0xe6ba, 0xe6ba, 0xe6ba, 0xe6ba, 0xe6db, 0xe6db, 0xe6db, 0xe6db, 0xe6db, 0xe6db,
  0xe6db, 0xe6db, 0xe6db, 0xe6db, 0xe6bb, 0xe6bb, 0xe6bb, 0xe6ba, 0xe6ba, 0xe6ba, 0xe6ba, 0xde9a, 0xde9a, 0xe6bb, 0xe6bb, 0xe6bb,
  0xe6db, 0xe6db, 0xe6bb, 0xe6bb, 0xe6db, 0xe6db, 0xe6db, 0xe6db, 0xe6da, 0xe6db, 0xe6db, 0xe6db, 0xe6db, 0xe6db, 0xe6db, 0xe6db,
  0xe6db, 0xe6db, 0xdedb, 0xde39, 0xc4d4, 0xeeba, 0xe6db, 0xe6fc, 0xe6fb, 0xe6fb, 0xde9a, 0xce38, 0xef1c, 0xf6fd, 0xe73c, 0xdefc,
  0xd639, 0xe6fc, 0xe71c, 0xe6bb, 0xe71c, 0xe71c, 0xe6db, 0xddf8, 0xe71c, 0xe71d, 0xef1c, 0xeefd, 0xe6fb, 0xe71c, 0xd514, 0xef1c,
  0xe71c, 0xe71c, 0xe71c, 0xe71c, 0xe71c, 0xe71c, 0xe71c, 0xe71c, 0xe71c, 0xe71c, 0xe71c, 0xe71c, 0xe71c, 0xe71c, 0xe71c, 0xe71c,
  0xe71c, 0xe71c, 0xef1c, 0xef1c, 0xeefc, 0xeefc, 0xeefc, 0xeefc, 0xeefc, 0xf71c, 0xf71c, 0xf71c, 0xf71c, 0xf5f8, 0xf5f8, 0xf5f8,
  0xabf0, 0xabf0, 0xabf0, 0xabf0, 0xabf0, 0xf6bb, 0xf6bb, 0xf6bb, 0xf6bb, 0xf6bb, 0xf73d, 0xf73d, 0xf73d, 0xf73d, 0xf73d, 0xf73d,
  0xe71c, 0xe71c, 0xe71c, 0xe71c, 0xe71c, 0xe71c, 0xe71c, 0xe6fc, 0xe69a, 0xbd55, 0xe69a, 0xf6fb, 0xe659, 0xc576, 0xd5f8, 0xe69a,
  0xde79, 0xde79, 0xde78, 0xd658, 0xd657, 0xd637, 0xce17, 0xcdf6, 0xcdd5, 0xcdd4, 0xc593, 0xce16, 0xef5c, 0x18c3, 0x0000, 0x0000,
  0x0000, 0x0000, 0x0000, 0x0000, 0x0000, 0x0000, 0x0000, 0x0000, 0x0000, 0x0000, 0x0000, 0x0000, 0x0000, 0x0000, 0x0000, 0x0000,
  0x0000, 0x0000, 0x0000, 0x0000, 0x0000, 0x0000, 0x0000, 0x0000, 0x0000, 0x0000, 0x0000, 0x0000, 0x0000, 0x0000, 0x0000, 0x0000,
  0x0000, 0x0000, 0x0000, 0x0000, 0x0000, 0x0000, 0x0000, 0x0000, 0x0000, 0x0000, 0x0861, 0xb5b6, 0xe6fa, 0xbd93, 0xc5b4, 0xc5d4,
  0xcdd5, 0xcdf6, 0xce16, 0xd617, 0xd637, 0xd658, 0xd678, 0xd699, 0xde99, 0xde9a, 0xdeba, 0xe6ba, 0xe6ba, 0xe6db, 0xe6ba, 0xe6ba,
  0xe6db, 0xe6db, 0xe6db, 0xe6db, 0xe6db, 0xe6db, 0xe6db, 0xe6db, 0xe6db, 0xe6db, 0xe6bb, 0xe6bb, 0xe6bb, 0xe6bb, 0xe6ba, 0xe6ba,
  0xe6ba, 0xe6ba, 0xde9a, 0xde9a, 0xde9a, 0xe6bb, 0xe6bb, 0xe6bb, 0xe6db, 0xe6db, 0xe6bb, 0xe6bb, 0xe6db, 0xe6db, 0xe6db, 0xe6db,
  0xe6db, 0xe6da, 0xe6db, 0xe6db, 0xe6db, 0xe6db, 0xe6db, 0xe6db, 0xe6db, 0xe6db, 0xe6db, 0xe6db, 0xdedb, 0xde39, 0xc535, 0xd5d7,
  0xeedb, 0xe6fc, 0xe6fc, 0xe6fb, 0xe6fb, 0xe6db, 0xe6db, 0xd638, 0xe6fb, 0xb411, 0xf71c, 0xe71c, 0xeefc, 0xe6fc, 0xe71c, 0xc596,
  0xde59, 0xe71c, 0xe71c, 0xddf8, 0xf73d, 0xe71c, 0xe71d, 0xef1c, 0xeefd, 0xe71c, 0xeedc, 0xf67a, 0xcc73, 0xe71c, 0xe71c, 0xe71c,
  0xe71c, 0xe71c, 0xe71c, 0xe71c, 0xe71c, 0xe71c, 0xe71c, 0xe71c, 0xe71c, 0xe71c, 0xe71c, 0xe71c, 0xe71c, 0xe71c, 0xe71c, 0xe71c,
  0xe71c, 0xe71c, 0xef1c, 0xef1c, 0xeefc, 0xeefc, 0xeefc, 0xeefc, 0xeefc, 0xeefc, 0xf71c, 0xf71c, 0xf71c, 0xf71c, 0xf5f8, 0xf5f8,
  0xf5f8, 0xf5f8, 0xabf0, 0xabf0, 0xabf0, 0xabf0, 0xabf0, 0xf6bb, 0xf6bb, 0xf6bb, 0xf6bb, 0xf6bb, 0xf73d, 0xf73d, 0xef1c, 0xf73d,
  0xef1c, 0xeefc, 0xe71c, 0xe71c, 0xeefb, 0xde59, 0xc596, 0xe69a, 0xf6db, 0xee9a, 0xc576, 0xde38, 0xe699, 0xde58, 0xde58, 0xd658,
  0xd637, 0xce17, 0xce16, 0xcdf6, 0xcdd5, 0xcdd4, 0xc593, 0xce16, 0xe73c, 0x18e3, 0x0000, 0x0000, 0x0000, 0x0000, 0x0000, 0x0000,
  0x0000, 0x0000, 0x0000, 0x0000, 0x0000, 0x0000, 0x0000, 0x0000, 0x0000, 0x0000, 0x0000, 0x0000, 0x0000, 0x0000, 0x0000, 0x0000,
  0x0000, 0x0000, 0x0000, 0x0000, 0x0000, 0x0000, 0x0000, 0x0000, 0x0000, 0x0000, 0x0000, 0x0000, 0x0000, 0x0000, 0x0000, 0x0000,
  0x0000, 0x0000, 0x0000, 0x0000, 0x0000, 0x0000, 0x0000, 0x8c50, 0xef3b, 0xb573, 0xc5b4, 0xc5d4, 0xcdd5, 0xcdf6, 0xce16, 0xd617,
  0xd637, 0xd658, 0xd658, 0xd699, 0xde99, 0xde9a, 0xdeba, 0xe6ba, 0xe6db, 0xe6db, 0xe6db, 0xe6db, 0xe6db, 0xe6db, 0xe6db, 0xe6db,
  0xe6db, 0xe6bb, 0xe6bb, 0xe6bb, 0xe6bb, 0xe6ba, 0xe6ba, 0xe6ba, 0xe6ba, 0xde9a, 0xde9a, 0xde9a, 0xde9a, 0xe6bb, 0xe6bb, 0xe6bb,
  0xe6db, 0xe6db, 0xe6bb, 0xe6bb, 0xe6bb, 0xe6db, 0xe6db, 0xe6db, 0xe6db, 0xe6db, 0xe6da, 0xe6db, 0xe6db, 0xe6db, 0xe6db, 0xe6db,
  0xe6db, 0xe6db, 0xe6db, 0xdedb, 0xe6db, 0xe6db, 0xdedb, 0xe6ba, 0xcd15, 0xc4d4, 0xeefb, 0xe6db, 0xe6fc, 0xe71c, 0xe6fb, 0xe6fb,
  0xe6db, 0xce38, 0xe6fb, 0xe71b, 0xeefc, 0xe6db, 0xabd0, 0xe71c, 0xe71c, 0xe6fc, 0xe71c, 0xeedb, 0xddd8, 0xe71c, 0xef1c, 0xef1c,
  0xc555, 0xe71c, 0xe71c, 0xe71d, 0xef1c, 0xeefd, 0xe71c, 0xeedc, 0xe71c, 0xab4e, 0xef1c, 0xe71c, 0xe71c, 0xe71c, 0xe71c, 0xe71c,
  0xe71c, 0xe71c, 0xe71c, 0xe71c, 0xe71c, 0xe71c, 0xe71c, 0xe71c, 0xe71c, 0xe71c, 0xe71c, 0xe71c, 0xe71c, 0xe71c, 0xe71c, 0xe71c,
  0xe71c, 0xe71c, 0xef1c, 0xef1c, 0xeefc, 0xeefc, 0xeefc, 0xeefc, 0xeefc, 0xeefc, 0xeefc, 0xf71c, 0xf71c, 0xf71c, 0xf71c, 0xf5f8,
  0xf5f8, 0xf5f8, 0xf5f8, 0xabf0, 0xabf0, 0xabf0, 0xabf0, 0xabf0, 0xabf0, 0xf6bb, 0xee9b, 0xf6bb, 0xee9b, 0xf6dc, 0xf71c, 0xeefc,
  0xeedb, 0xeefb, 0xde59, 0xc596, 0xd5f7, 0xe67a, 0xe679, 0xcdb6, 0xde38, 0xe699, 0xde58, 0xd638, 0xd637, 0xce17, 0xce16, 0xcdf6,
  0xcdd5, 0xcdd4, 0xbd73, 0xce36, 0xef7c, 0x18c3, 0x0000, 0x0000, 0x0000, 0x0000, 0x0000, 0x0000, 0x0000, 0x0000, 0x0000, 0x0000,
  0x0000, 0x0000, 0x0000, 0x0000, 0x0000, 0x0000, 0x0000, 0x0000, 0x0000, 0x0000, 0x0000, 0x0000, 0x0000, 0x0000, 0x0000, 0x0000,
  0x0000, 0x0000, 0x0000, 0x0000, 0x0000, 0x0000, 0x0000, 0x0000, 0x0000, 0x0000, 0x0000, 0x0000, 0x0000, 0x0000, 0x0000, 0x0000,
  0x0000, 0x0000, 0x0000, 0x9492, 0xef5b, 0xbd93, 0xc5b4, 0xc5d4, 0xcdd5, 0xcdf6, 0xce16, 0xd617, 0xd637, 0xd658, 0xd658, 0xd699,
  0xde99, 0xde9a, 0xdeba, 0xe6ba, 0xe6db, 0xe6bb, 0xe6db, 0xe6bb, 0xe6bb, 0xe6bb, 0xe6bb, 0xe6bb, 0xe6ba, 0xe6ba, 0xe6ba, 0xe6ba,
  0xe6ba, 0xde9a, 0xde9a, 0xde9a, 0xe6bb, 0xe6bb, 0xe6bb, 0xe6bb, 0xe6db, 0xe6db, 0xe6db, 0xe6bb, 0xe6bb, 0xe6db, 0xe6db, 0xe6db,
  0xe6db, 0xe6db, 0xe6db, 0xe6da, 0xe6db, 0xe6db, 0xe6db, 0xe6db, 0xe6db, 0xe6db, 0xe6db, 0xe6db, 0xe6db, 0xdedb, 0xe6db, 0xe6db,
  0xdedb, 0xe6ba, 0xde39, 0xc4d4, 0xd5d7, 0xeedb, 0xe6db, 0xe6fc, 0xe6fb, 0xe6fb, 0xe6fb, 0xe6db, 0xdeba, 0xeefb, 0xef1c, 0xe6fc,
  0xe619, 0xe73c, 0xfefd, 0xe71c, 0xe71c, 0xf71c, 0xe71c, 0xeefc, 0xd5b7, 0xe71c, 0xe71c, 0xe71c, 0xeefc, 0xddf8, 0xe73d, 0xef1c,
  0xe71d, 0xef1c, 0xeefc, 0xef1d, 0xf6dc, 0xe71c, 0xf67a, 0xcc73, 0xef1c, 0xe71c, 0xe71c, 0xe71c, 0xe71c, 0xe71c, 0xe71c, 0xe71c,
  0xe71c, 0xe71c, 0xe71c, 0xe71c, 0xe71c, 0xe71c, 0xe71c, 0xe71c, 0xe71c, 0xe71c, 0xe71c, 0xe71c, 0xe71c, 0xe71c, 0xe71c, 0xe71c,
  0xe71c, 0xef1c, 0xef1c, 0xef1c, 0xeefc, 0xeefc, 0xeefc, 0xeefc, 0xeefc, 0xeefc, 0xeefc, 0xf71c, 0xf71c, 0xf71c, 0xf71c, 0xf71c,
  0xf5f8, 0xf5f8, 0xf5f8, 0xf5f8, 0xf5f8, 0xabf0, 0xac11, 0xabf0, 0xabf0, 0xc4b3, 0xd576, 0xee59, 0xf71c, 0xeedb, 0xe6fb, 0xe6da,
  0xde59, 0xd618, 0xd618, 0xd5d7, 0xcd75, 0xde38, 0xde38, 0xde58, 0xd637, 0xce17, 0xce16, 0xcdf6, 0xcdd5, 0xcdd4, 0xbd73, 0xce36,
  0xd6b9, 0x2104, 0x0000, 0x0000, 0x0000, 0x0000, 0x0000, 0x0000, 0x0000, 0x0000, 0x0000, 0x0000, 0x0000, 0x0000, 0x0000, 0x0000,
  0x0000, 0x0000, 0x0000, 0x0000, 0x0000, 0x0000, 0x0000, 0x0000, 0x0000, 0x0000, 0x0000, 0x0000, 0x0000, 0x0000, 0x0000, 0x0000,
  0x0000, 0x0000, 0x0000, 0x0000, 0x0000, 0x0000, 0x0000, 0x0000, 0x0000, 0x0000, 0x0000, 0x0000, 0x0000, 0x0000, 0x0000, 0x9492,
  0xf79c, 0xc5d4, 0xc5b4, 0xc5d4, 0xcdd5, 0xcdf6, 0xce16, 0xd617, 0xd637, 0xd658, 0xd658, 0xd699, 0xde99, 0xde9a, 0xdeba, 0xe6ba,
  0xe6bb, 0xe6db, 0xe6bb, 0xe6ba, 0xe6ba, 0xe6ba, 0xe6ba, 0xe6ba, 0xde9a, 0xde9a, 0xde9a, 0xde9a, 0xe6bb, 0xe6bb, 0xe6bb, 0xe6bb,
  0xe6db, 0xe6db, 0xe6db, 0xe6bb, 0xe6bb, 0xe6bb, 0xe6db, 0xe6db, 0xe6db, 0xe6db, 0xe6db, 0xe6db, 0xe6da, 0xe6db, 0xe6db, 0xe6db,
  0xe6db, 0xe6db, 0xe6db, 0xe6db, 0xe6db, 0xe6db, 0xe6db, 0xdedb, 0xe6db, 0xe6db, 0xdedb, 0xd659, 0xde39, 0xc535, 0xccf4, 0xeefb,
  0xeedb, 0xdedb, 0xe6fc, 0xe6fb, 0xe6fb, 0xe6fb, 0xe6fc, 0xd679, 0xce38, 0xd638, 0xe6fb, 0xeefc, 0xf73d, 0xf71c, 0xe71c, 0xe6fc,
  0xe71c, 0xf71c, 0xe71c, 0xef1c, 0xf71c, 0xef3d, 0xe71c, 0xef1c, 0xef1c, 0xcd97, 0xf73d, 0xe71c, 0xef1c, 0xe71c, 0xef1c, 0xeefc,
  0xef1d, 0xe6fb, 0xe71d, 0xf67a, 0xab4e, 0xf63a, 0xe71c, 0xe71c, 0xe71c, 0xe71c, 0xe71c, 0xe71c, 0xe71c, 0xe71c, 0xe71c, 0xe71c,
  0xe71c, 0xe71c, 0xe71c, 0xe71c, 0xe71c, 0xe71c, 0xe71c, 0xe71c, 0xe71c, 0xe71c, 0xe71c, 0xe71c, 0xe71c, 0xe71c, 0xe71c, 0xe71c,
  0xe71c, 0xef1c, 0xef1c, 0xef1c, 0xeefc, 0xeefc, 0xeefc, 0xeefc, 0xeefc, 0xeefc, 0xeefc, 0xeefc, 0xf71c, 0xf71c, 0xf71c, 0xf71c,
  0xf71c, 0xf5f8, 0xf618, 0xf5f8, 0xdd35, 0xbc31, 0xc472, 0xc4b3, 0xcdb7, 0xef1c, 0xe6db, 0xe6da, 0xe6fb, 0xe6ba, 0xe69a, 0xe679,
  0xe659, 0xcd96, 0xd617, 0xde58, 0xd637, 0xce17, 0xce16, 0xcdf6, 0xcdd5, 0xcdd4, 0xc593, 0xd678, 0x630b, 0x18c3, 0x0000, 0x0000,
  0x0000, 0x0000, 0x0000, 0x0000, 0x0000, 0x0000, 0x0000, 0x0000, 0x0000, 0x0000, 0x0000, 0x0000, 0x0000, 0x0000, 0x0000, 0x0000,
  0x0000, 0x0000, 0x0000, 0x0000, 0x0000, 0x0000, 0x0000, 0x0000, 0x0000, 0x0000, 0x0000, 0x0000, 0x0000, 0x0000, 0x0000, 0x0000,
  0x0000, 0x0000, 0x0000, 0x0000, 0x0000, 0x0000, 0x0000, 0x0000, 0x0000, 0x0000, 0x0000, 0x9492, 0xf79e, 0xc5d6, 0xbd94, 0xc5b4,
  0xcdd5, 0xcdd5, 0xcdf6, 0xce17, 0xd637, 0xd658, 0xd658, 0xd679, 0xde99, 0xde99, 0xde9a, 0xdeba, 0xe6ba, 0xe6bb, 0xe6ba, 0xdeba,
  0xde9a, 0xde9a, 0xde9a, 0xde9a, 0xe6bb, 0xe6bb, 0xe6bb, 0xe6bb, 0xe6db, 0xe6db, 0xe6db, 0xe6bb, 0xe6bb, 0xe6bb, 0xe6db, 0xe6db,
  0xe6db, 0xe6db, 0xe6db, 0xe6db, 0xe6db, 0xe6da, 0xe6db, 0xe6db, 0xe6db, 0xe6db, 0xe6db, 0xe6db, 0xe6db, 0xe6db, 0xe6db, 0xe6db,
  0xe6db, 0xdedb, 0xe6db, 0xe6db, 0xdedb, 0xd659, 0xde39, 0xcd15, 0xc4d4, 0xd5d7, 0xeeba, 0xe6db, 0xe6fc, 0xe6fc, 0xe6fb, 0xe6fb,
  0xe6fb, 0xe6fc, 0xdeba, 0xce38, 0xe6fb, 0xe71b, 0xf71c, 0xe619, 0xe73c, 0xabd0, 0xe71c, 0xeefc, 0xe71c, 0xf71c, 0xe71c, 0xef1c,
  0xef3c, 0xde59, 0xe71c, 0xe71c, 0xe71c, 0xd639, 0xc555, 0xe71c, 0xe71c, 0xe71c, 0xe71c, 0xef1c, 0xeefc, 0xef1d, 0xe71c, 0xeedc,
  0xe71c, 0xd514, 0xcc73, 0xef1c, 0xe71c, 0xe71c, 0xe71c, 0xe71c, 0xe71c, 0xe71c, 0xe71c, 0xe71c, 0xe71c, 0xe71c, 0xe71c, 0xe71c,
  0xe71c, 0xe71c, 0xe71c, 0xe71c, 0xe71c, 0xe71c, 0xe71c, 0xe71c, 0xe71c, 0xe71c, 0xe71c, 0xe71c, 0xe71c, 0xe71c, 0xe71c, 0xe71c,
  0xe71c, 0xef1c, 0xef1c, 0xef1c, 0xeefc, 0xeefc, 0xeefc, 0xeefc, 0xeefc, 0xeefc, 0xeefc, 0xeefc, 0xeefc, 0xf71c, 0xf71d, 0xf71c,
  0xf71c, 0xe639, 0xcd15, 0xf65a, 0xd596, 0xcd96, 0xeedb, 0xe6db, 0xdeba, 0xdeba, 0xde9a, 0xde9a, 0xde79, 0xde78, 0xd658, 0xd658,
  0xd637, 0xce17, 0xce16, 0xcdf5, 0xcdd4, 0xc5b4, 0xc5b5, 0xde99, 0x6b4d, 0x18e3, 0x0000, 0x0000, 0x0000, 0x0000, 0x0000, 0x0000,
  0x0000, 0x0000, 0x0000, 0x0000, 0x0000, 0x0000, 0x0000, 0x0000, 0x0000, 0x0000, 0x0000, 0x0000, 0x0000, 0x0000, 0x0000, 0x0000,
  0x0000, 0x0000, 0x0000, 0x0000, 0x0000, 0x0000, 0x0000, 0x0000, 0x0000, 0x0000, 0x0000, 0x0000, 0x0000, 0x0000, 0x0000, 0x0000,
  0x0000, 0x0000, 0x0000, 0x0000, 0x0000, 0x0000, 0x0000, 0x9cf3, 0xffbe, 0xc5f6, 0xbd94, 0xc5b4, 0xcdd4, 0xcdd5, 0xcdf6, 0xce17,
  0xd637, 0xd658, 0xd658, 0xd679, 0xde99, 0xde99, 0xde9a, 0xdeba, 0xdeba, 0xde9a, 0xe6bb, 0xe6bb, 0xe6bb, 0xe6bb, 0xe6bb, 0xe6bb,
  0xe6db, 0xe6db, 0xe6db, 0xe6bb, 0xe6bb, 0xe6bb, 0xe6bb, 0xe6db, 0xe6db, 0xe6db, 0xe6db, 0xe6db, 0xe6db, 0xe6db, 0xe6da, 0xe6db,
  0xe6db, 0xe6db, 0xe6db, 0xe6db, 0xe6db, 0xe6db, 0xe6db, 0xe6db, 0xe6db, 0xe6db, 0xe6db, 0xdedb, 0xe6db, 0xe6db, 0xdedb, 0xdedb,
  0xe6ba, 0xde39, 0xc535, 0xd5d7, 0xeefb, 0xeedb, 0xe6db, 0xe6fc, 0xe6fc, 0xe6fb, 0xe6fb, 0xe6fb, 0xe6fc, 0xdeba, 0xe6db, 0xeefb,
  0xef1c, 0xe6fb, 0xf63a, 0xddd8, 0xeefc, 0xfefd, 0xe71c, 0xd639, 0xe6fc, 0xf71c, 0xe71c, 0xef1c, 0xe6bb, 0xddd8, 0xe71c, 0xe71c,
  0xe71c, 0xeefc, 0xddf8, 0xddf8, 0xe73d, 0xe71c, 0xe71c, 0xe71c, 0xef1c, 0xeefc, 0xeefc, 0xe71c, 0xf6dc, 0xe71c, 0xf67a, 0xab4e,
  0xcc73, 0xe71c, 0xe71c, 0xe71c, 0xe71c, 0xe71c, 0xe71c, 0xe71c, 0xe71c, 0xe71c, 0xe71c, 0xe71c, 0xe71c, 0xe71c, 0xe71c, 0xe71c,
  0xe71c, 0xe71c, 0xe71c, 0xe71c, 0xe71c, 0xe71c, 0xe71c, 0xe71c, 0xe71c, 0xe71c, 0xe71c, 0xe71c, 0xe71c, 0xe71c, 0xe71c, 0xe71c,
  0xe71c, 0xef1c, 0xef1c, 0xef1c, 0xeefc, 0xeefc, 0xeefc, 0xeefc, 0xeefc, 0xe71c, 0xeefc, 0xeefc, 0xe6fc, 0xf73d, 0xd5b7, 0xddd8,
  0xff1c, 0xd5d7, 0xc596, 0xeefb, 0xe6db, 0xe6ba, 0xdeba, 0xde99, 0xde99, 0xd678, 0xd658, 0xd658, 0xd637, 0xce17, 0xce16, 0xcdd5,
  0xcdd4, 0xc5b4, 0xbd94, 0xef1b, 0x41e7, 0x0020, 0x0000, 0x0000, 0x0000, 0x0000, 0x0000, 0x0000, 0x0000, 0x0000, 0x0000, 0x0000,
  0x0000, 0x0000, 0x0000, 0x0000, 0x0000, 0x0000, 0x0000, 0x0000, 0x0000, 0x0000, 0x0000, 0x0000, 0x0000, 0x0000, 0x0000, 0x0000,
  0x0000, 0x0000, 0x0000, 0x0000, 0x0000, 0x0000, 0x0000, 0x0000, 0x0000, 0x0000, 0x0000, 0x0000, 0x0000, 0x0000, 0x0000, 0x0000,
  0x0000, 0x0000, 0x0000, 0x528a, 0xf79d, 0xce17, 0xbd94, 0xc5b4, 0xcdd4, 0xcdd5, 0xcdf6, 0xce17, 0xd637, 0xd658, 0xd658, 0xd679,
  0xde99, 0xde99, 0xde9a, 0xdeba, 0xe6ba, 0xe6bb, 0xe6db, 0xe6db, 0xe6db, 0xe6db, 0xe6db, 0xe6bb, 0xe6bb, 0xe6bb, 0xe6bb, 0xe6db,
  0xe6db, 0xe6db, 0xe6db, 0xe6db, 0xe6db, 0xe6db, 0xe6db, 0xe6da, 0xe6db, 0xe6db, 0xe6db, 0xe6db, 0xe6db, 0xe6db, 0xe6db, 0xe6db,
  0xe6db, 0xe6db, 0xe6db, 0xe6db, 0xe6db, 0xdedb, 0xe6db, 0xe6db, 0xe6db, 0xdedb, 0xe6ba, 0xde39, 0xc535, 0xc4d4, 0xd5d7, 0xeeba,
  0xfedb, 0xdedb, 0xe6fc, 0xe71c, 0xe6fb, 0xe6fb, 0xe6fb, 0xe6fc, 0xdeba, 0xce38, 0xeefb, 0xdeba, 0xe6fb, 0xf6fd, 0xe619, 0xe73c,
  0xf71c, 0xdefc, 0xe71c, 0xeefc, 0xe6fc, 0xf71c, 0xe71c, 0xef1c, 0xc596, 0xd5b7, 0xe71c, 0xe71c, 0xe71c, 0xe71c, 0xe6db, 0xe6bb,
  0xf71d, 0xe73d, 0xe71c, 0xe71c, 0xe71c, 0xef1c, 0xeefc, 0xeefd, 0xe71c, 0xf6dc, 0xe71d, 0xef3c, 0xd514, 0xcc73, 0xef1c, 0xe71c,
  0xe71c, 0xe71c, 0xe71c, 0xe71c, 0xe71c, 0xe71c, 0xe71c, 0xe71c, 0xe71c, 0xe71c, 0xe71c, 0xe71c, 0xe71c, 0xe71c, 0xe71c, 0xe71c,
  0xe71c, 0xe71c, 0xe71c, 0xe71c, 0xe71c, 0xe71c, 0xe71c, 0xe71c, 0xe71c, 0xe71c, 0xe71c, 0xe71c, 0xe71c, 0xe71c, 0xe71c, 0xe71c,
  0xe71c, 0xef1c, 0xef1c, 0xef1c, 0xef1c, 0xe71c, 0xeefc, 0xef1c, 0xe71c, 0xef1c, 0xeebb, 0xcd96, 0xeedb, 0xf6fb, 0xcdf7, 0xcdb6,
  0xeedb, 0xe6ba, 0xdeba, 0xde99, 0xde99, 0xd678, 0xd658, 0xd658, 0xd637, 0xce17, 0xce16, 0xcdd5, 0xcdd4, 0xc5b4, 0xbd94, 0xffbe,
  0x9cd3, 0x0000, 0x0000, 0x0000, 0x0000, 0x0000, 0x0000, 0x0000, 0x0000, 0x0000, 0x0000, 0x0000, 0x0000, 0x0000, 0x0000, 0x0000,
  0x0000, 0x0000, 0x0000, 0x0000, 0x0000, 0x0000, 0x0000, 0x0000, 0x0000, 0x0000, 0x0000, 0x0000, 0x0000, 0x0000, 0x0000, 0x0000,
  0x0000, 0x0000, 0x0000, 0x0000, 0x0000, 0x0000, 0x0000, 0x0000, 0x0000, 0x0000, 0x0000, 0x0000, 0x0000, 0x0000, 0x0000, 0x2104,
  0xef5d, 0xce37, 0xbd94, 0xc5b4, 0xcdd4, 0xcdd5, 0xcdf6, 0xce17, 0xd637, 0xd658, 0xd658, 0xd678, 0xde99, 0xde99, 0xde9a, 0xdeba,
  0xe6db, 0xe6db, 0xe6bb, 0xe6db, 0xe6bb, 0xe6bb, 0xe6bb, 0xe6bb, 0xe6db, 0xe6db, 0xe6db, 0xe6db, 0xe6db, 0xe6db, 0xe6db, 0xe6db,
  0xe6da, 0xe6db, 0xe6db, 0xe6db, 0xe6db, 0xe6db, 0xe6db, 0xe6db, 0xe6db, 0xe6db, 0xe6db, 0xe6db, 0xe6db, 0xe6db, 0xdedb, 0xdedb,
  0xe6db, 0xe6db, 0xe6db, 0xdedb, 0xd659, 0xde39, 0xcd15, 0xc4d4, 0xd5d7, 0xeefb, 0xeedb, 0xe6db, 0xe6fc, 0xe6fc, 0xe71c, 0xe6fb,
  0xe6fb, 0xe6fb, 0xe6fc, 0xde9a, 0xdeba, 0xeefb, 0xe6fb, 0xe71b, 0xe6fb, 0xf63a, 0xddd8, 0xe73c, 0xabd0, 0xe71c, 0xe6fc, 0xe71c,
  0xe6fc, 0xf71c, 0xe71c, 0xef1c, 0xeedb, 0xf71c, 0xef3d, 0xe71c, 0xe71c, 0xe71c, 0xeefc, 0xddf8, 0xc555, 0xe71c, 0xe71c, 0xef1c,
  0xe71d, 0xe71c, 0xef1c, 0xeefc, 0xeefd, 0xe71c, 0xe6fb, 0xeedc, 0xe71c, 0xf67a, 0xab4e, 0xcc73, 0xef1c, 0xe71c, 0xe71c, 0xe71c,
  0xe71c, 0xe71c, 0xe71c, 0xe71c, 0xe71c, 0xe71c, 0xe71c, 0xe71c, 0xe71c, 0xe71c, 0xe71c, 0xe71c, 0xe71c, 0xe71c, 0xe71c, 0xe71c,
  0xe71c, 0xe71c, 0xe71c, 0xe71c, 0xe71c, 0xe71c, 0xe71c, 0xe71c, 0xe71c, 0xe71c, 0xe71c, 0xe71c, 0xe71c, 0xe71c, 0xe71c, 0xe71c,
  0xef1c, 0xe71c, 0xef1c, 0xe71c, 0xe71c, 0xe6fb, 0xeefc, 0xd5f7, 0xde99, 0xeefb, 0xeefb, 0xcdb7, 0xcdd7, 0xe69a, 0xde9a, 0xde79,
  0xde99, 0xd678, 0xd658, 0xd658, 0xd637, 0xce17, 0xce16, 0xcdd5, 0xcdd4, 0xc5b4, 0xbd94, 0xff9d, 0x7bcf, 0x0000, 0x0000, 0x0000,
  0x0000, 0x0000, 0x0000, 0x0000, 0x0000, 0x0000, 0x0000, 0x0000, 0x0000, 0x0000, 0x0000, 0x0000, 0x0000, 0x0000, 0x0000, 0x0000,
  0x0000, 0x0000, 0x0000, 0x0000, 0x0000, 0x0000, 0x0000, 0x0000, 0x0000, 0x0000, 0x0000, 0x0000, 0x0000, 0x0000, 0x0000, 0x0000,
  0x0000, 0x0000, 0x0000, 0x0000, 0x0000, 0x0000, 0x0000, 0x0000, 0x0000, 0x0000, 0x0000, 0x2965, 0xffbe, 0xd658, 0xc594, 0xc5b4,
  0xcdb4, 0xcdd5, 0xcdf6, 0xce16, 0xd637, 0xd637, 0xd658, 0xd678, 0xd699, 0xde99, 0xde9a, 0xdeba, 0xe6ba, 0xe6bb, 0xe6db, 0xe6bb,
  0xe6db, 0xe6db, 0xe6db, 0xe6db, 0xe6db, 0xe6db, 0xe6db, 0xe6db, 0xe6db, 0xe6da, 0xe6db, 0xe6db, 0xe6db, 0xe6db, 0xe6db, 0xe6db,
  0xe6db, 0xe6db, 0xe6db, 0xe6db, 0xe6db, 0xe6db, 0xe6db, 0xe6db, 0xdedb, 0xdedb, 0xe6db, 0xe6db, 0xe6db, 0xdedb, 0xd659, 0xde39,
  0xde39, 0xc535, 0xc4d4, 0xd5d7, 0xeeba, 0xeedb, 0xe6db, 0xe6fc, 0xe6fc, 0xe6fb, 0xe6fb, 0xe6fb, 0xe6fb, 0xe6fc, 0xe6db, 0xdeba,
  0xce38, 0xe6fb, 0xef1c, 0xe6fb, 0xf6fd, 0xfebb, 0xe6db, 0xeefc, 0xfefd, 0xe71c, 0xe6fc, 0xe71c, 0xe6fc, 0xde7a, 0xeefc, 0xef1c,
  0xeedb, 0xf71c, 0xde59, 0xe71c, 0xe71c, 0xef1c, 0xef1c, 0xe6db, 0xcd97, 0xddf8, 0xe71c, 0xe71c, 0xef1c, 0xe71d, 0xe71c, 0xef1c,
  0xeefc, 0xeefd, 0xef1d, 0xe6fb, 0xeedc, 0xe71c, 0xf67a, 0xd514, 0xcc73, 0xef1c, 0xe71c, 0xe71c, 0xe71c, 0xe71c, 0xe71c, 0xe71c,
  0xe71c, 0xe71c, 0xe71c, 0xe71c, 0xe71c, 0xe71c, 0xe71c, 0xe71c, 0xe71c, 0xe71c, 0xe71c, 0xe71c, 0xe71c, 0xe71c, 0xe71c, 0xe71c,
  0xe71c, 0xe71c, 0xe71c, 0xe71c, 0xe71c, 0xe71c, 0xe71c, 0xe71c, 0xe71c, 0xe71c, 0xe71c, 0xe71c, 0xe71c, 0xe71c, 0xe71c, 0xe71c,
  0xe71c, 0xe6fb, 0xef1c, 0xde39, 0xd659, 0xeefb, 0xe6ba, 0xeeba, 0xcdb6, 0xde79, 0xde79, 0xde79, 0xde79, 0xd658, 0xd658, 0xd657,
  0xce37, 0xce17, 0xcdf6, 0xcdd5, 0xcdd4, 0xc5b4, 0xc5f6, 0xff9e, 0x2945, 0x0000, 0x0000, 0x0000, 0x0000, 0x0000, 0x0000, 0x0000,
  0x0000, 0x0000, 0x0000, 0x0000, 0x0000, 0x0000, 0x0000, 0x0000, 0x0000, 0x0000, 0x0000, 0x0000, 0x0000, 0x0000, 0x0000, 0x0000,
  0x0000, 0x0000, 0x0000, 0x0000, 0x0000, 0x0000, 0x0000, 0x0000, 0x0000, 0x0000, 0x0000, 0x0000, 0x0000, 0x0000, 0x0000, 0x0000,
  0x0000, 0x0000, 0x0000, 0x0000, 0x0000, 0x0000, 0x0000, 0x18c3, 0xd699, 0xe6b9, 0xc5b4, 0xc5b4, 0xcdb4, 0xcdd5, 0xcdf6, 0xce16,
  0xd637, 0xd637, 0xd658, 0xd678, 0xd699, 0xde99, 0xde9a, 0xdeba, 0xe6ba, 0xe6bb, 0xe6db, 0xe6db, 0xe6db, 0xe6db, 0xe6db, 0xe6db,
  0xe6db, 0xe6db, 0xe6da, 0xe6db, 0xe6db, 0xe6db, 0xe6db, 0xe6db, 0xe6db, 0xe6db, 0xe6db, 0xe6db, 0xe6db, 0xe6db, 0xe6db, 0xe6db,
  0xe6db, 0xe6db, 0xdedb, 0xdedb, 0xe6db, 0xe6db, 0xe6db, 0xdedb, 0xd659, 0xe6ba, 0xde39, 0xc535, 0xc4d4, 0xd5d7, 0xeefb, 0xeedb,
  0xe6db, 0xdedb, 0xe6fc, 0xe6fc, 0xe6fb, 0xe6fb, 0xe6fb, 0xe6fb, 0xe6fc, 0xe6db, 0xd679, 0xe6db, 0xeefb, 0xdeba, 0xe71b, 0xe6fc,
  0xf63a, 0xddd8, 0xe73c, 0xf71c, 0xdefc, 0xe71c, 0xeefc, 0xe71c, 0xe6fc, 0xde7a, 0xeefc, 0xef1c, 0xeefc, 0xef3c, 0xddd8, 0xe71c,
  0xe71c, 0xe71c, 0xe71c, 0xeefc, 0xeefc, 0xc555, 0xf71d, 0xe73d, 0xe71c, 0xef1c, 0xe71d, 0xe71c, 0xef1c, 0xeefc, 0xeefd, 0xef1d,
  0xe71c, 0xf6dc, 0xe71d, 0xe71c, 0xf67a, 0xab4e, 0xcc73, 0xef1c, 0xe71c, 0xe71c, 0xe71c, 0xe71c, 0xe71c, 0xe71c, 0xe71c, 0xe71c,
  0xe71c, 0xe71c, 0xe71c, 0xe71c, 0xe71c, 0xe71c, 0xe71c, 0xe71c, 0xe71c, 0xe71c, 0xe71c, 0xe71c, 0xe71c, 0xe71c, 0xe71c, 0xe71c,
  0xe71c, 0xe71c, 0xe71c, 0xe71c, 0xe71c, 0xe71c, 0xe71c, 0xe71c, 0xef1c, 0xe71c, 0xe71c, 0xe71c, 0xe71c, 0xe71b, 0xef3c, 0xe67a,
  0xd638, 0xeedb, 0xe6ba, 0xeedb, 0xde79, 0xde59, 0xe69a, 0xde79, 0xde79, 0xd658, 0xd658, 0xd657, 0xce37, 0xce17, 0xcdf6, 0xcdd5,
  0xcdd4, 0xc594, 0xd657, 0xe6db, 0x18c3, 0x0000, 0x0000, 0x0000, 0x0000, 0x0000, 0x0000, 0x0000, 0x0000, 0x0000, 0x0000, 0x0000,
  0x0000, 0x0000, 0x0000, 0x0000, 0x0000, 0x0000, 0x0000, 0x0000, 0x0000, 0x0000, 0x0000, 0x0000, 0x0000, 0x0000, 0x0000, 0x0000,
  0x0000, 0x0000, 0x0000, 0x0000, 0x0000, 0x0000, 0x0000, 0x0000, 0x0000, 0x0000, 0x0000, 0x0000, 0x0000, 0x0000, 0x0000, 0x0000,
  0x0000, 0x0000, 0x0000, 0x0000, 0x9cf3, 0xef1b, 0xc5b4, 0xc5b4, 0xcdd4, 0xcdd5, 0xcdf6, 0xce16, 0xd637, 0xd637, 0xd658, 0xd678,
  0xd699, 0xde99, 0xde9a, 0xdeba, 0xe6ba, 0xe6bb, 0xe6db, 0xe6db, 0xe6db, 0xe6db, 0xe6db, 0xe6da, 0xe6db, 0xe6db, 0xe6db, 0xe6db,
  0xe6db, 0xe6db, 0xe6db, 0xe6db, 0xe6db, 0xe6db, 0xe6db, 0xe6db, 0xe6db, 0xe6db, 0xe6db, 0xe6db, 0xdedb, 0xdedb, 0xe6db, 0xe6db,
  0xe6db, 0xdedb, 0xd659, 0xe6ba, 0xde39, 0xcd15, 0xc4d4, 0xc4d4, 0xd5d7, 0xeeba, 0xeedb, 0xe6db, 0xe6fc, 0xe6fc, 0xe6fc, 0xe6fb,
  0xe6fb, 0xe6fb, 0xe6fb, 0xe6fc, 0xe6db, 0xd679, 0xe6db, 0xeefb, 0xd638, 0xe6fb, 0xe6fb, 0xf6fd, 0xfebb, 0xf73d, 0xeefc, 0xabd0,
  0xdf3c, 0xe71c, 0xd639, 0xe71c, 0xe6fc, 0xde7a, 0xeefc, 0xef1c, 0xeefc, 0xe6bb, 0xd5b7, 0xe71c, 0xe71c, 0xe71c, 0xef1c, 0xef1c,
  0xe6db, 0xddf8, 0xde18, 0xf73d, 0xe73d, 0xe71c, 0xef1c, 0xe71d, 0xe71c, 0xef1c, 0xeefc, 0xeefd, 0xef1d, 0xe71c, 0xf6dc, 0xeedc,
  0xe71c, 0xf67a, 0xd514, 0xcc73, 0xef1c, 0xef1c, 0xe71c, 0xe71c, 0xe71c, 0xe71c, 0xe71c, 0xe71c, 0xe71c, 0xe71c, 0xe71c, 0xe71c,
  0xe71c, 0xe71c, 0xe71c, 0xe71c, 0xe71c, 0xe71c, 0xe71c, 0xe71c, 0xe71c, 0xe71c, 0xe71c, 0xe71c, 0xe71c, 0xe71c, 0xe71c, 0xe71c,
  0xe71c, 0xe71c, 0xe71c, 0xe71c, 0xef1c, 0xe71c, 0xe71c, 0xe71c, 0xe71c, 0xe71c, 0xef1c, 0xd5d7, 0xde38, 0xeefb, 0xe6ba, 0xe6ba,
  0xe6ba, 0xd638, 0xe67a, 0xde99, 0xd679, 0xd658, 0xd658, 0xd657, 0xce37, 0xce17, 0xcdf6, 0xcdd5, 0xcdd4, 0xbd93, 0xe6b9, 0x736d,
  0x0020, 0x0000, 0x0000, 0x0000, 0x0000, 0x0000, 0x0000, 0x0000, 0x0000, 0x0000, 0x0000, 0x0000, 0x0000, 0x0000, 0x0000, 0x0000,
  0x0000, 0x0000, 0x0000, 0x0000, 0x0000, 0x0000, 0x0000, 0x0000, 0x0000, 0x0000, 0x0000, 0x0000, 0x0000, 0x0000, 0x0000, 0x0000,
  0x0000, 0x0000, 0x0000, 0x0000, 0x0000, 0x0000, 0x0000, 0x0000, 0x0000, 0x0000, 0x0000, 0x0000, 0x0000, 0x0000, 0x0000, 0x0000,
  0xb575, 0xf77c, 0xc5d5, 0xc5b4, 0xc5b4, 0xcdd5, 0xcdf6, 0xce16, 0xd637, 0xd637, 0xd657, 0xd678, 0xde78, 0xde99, 0xde99, 0xde9a,
  0xdeba, 0xe6ba, 0xe6db, 0xe6db, 0xe6da, 0xe6db, 0xe6db, 0xe6db, 0xe6db, 0xe6db, 0xe6db, 0xe6db, 0xe6db, 0xe6db, 0xe6db, 0xe6db,
  0xe6db, 0xe6db, 0xe6db, 0xe6db, 0xe6db, 0xe6db, 0xdedb, 0xdedb, 0xe6db, 0xe6db, 0xe6db, 0xdedb, 0xdedb, 0xe6ba, 0xde39, 0xde39,
  0xc535, 0xc4d4, 0xd5d7, 0xeefb, 0xeeba, 0xfedb, 0xe6db, 0xe6fc, 0xe6fc, 0xe6fc, 0xe6fb, 0xe6fb, 0xe6fb, 0xe6fb, 0xe6fc, 0xe6db,
  0xdeba, 0xce38, 0xeefb, 0xe6fb, 0xef1c, 0xe6fb, 0xe6fc, 0xf63a, 0xddd8, 0xe73c, 0xf71c, 0xe597, 0xe71c, 0xe71c, 0xd639, 0xe71c,
  0xe71c, 0xde7a, 0xeefc, 0xef1c, 0xeefc, 0xe6bb, 0xd5b7, 0xef3d, 0xe71c, 0xe71c, 0xe71c, 0xe71c, 0xeefc, 0xeefc, 0xe6bb, 0xddf8,
  0xe71c, 0xe71c, 0xe71c, 0xe71c, 0xe71d, 0xe71c, 0xef1c, 0xeefc, 0xeefd, 0xef1d, 0xe71c, 0xe6fb, 0xeedc, 0xe71c, 0xef3c, 0xd514,
  0xab4e, 0xcc73, 0xef1c, 0xe71c, 0xe71c, 0xe71c, 0xe71c, 0xe71c, 0xe71c, 0xe71c, 0xe71c, 0xe71c, 0xe71c, 0xe71c, 0xe71c, 0xe71c,
  0xe71c, 0xe71c, 0xe71c, 0xe71c, 0xe71c, 0xe71c, 0xe71c, 0xe71c, 0xe71c, 0xe71c, 0xe71c, 0xe71c, 0xe71c, 0xe71c, 0xe71c, 0xe71c,
  0xe71c, 0xe71c, 0xe71c, 0xef1c, 0xef1c, 0xe6db, 0xde79, 0xd618, 0xde59, 0xeefb, 0xe6db, 0xdeba, 0xe6da, 0xde79, 0xd658, 0xde99,
  0xd678, 0xd678, 0xd658, 0xd657, 0xd637, 0xce16, 0xcdf6, 0xcdd5, 0xc5b5, 0xbd94, 0xe6da, 0x9cf3, 0x1082, 0x0000, 0x0000, 0x0000,
  0x0000, 0x0000, 0x0000, 0x0000, 0x0000, 0x0000, 0x0000, 0x0000, 0x0000, 0x0000, 0x0000, 0x0000, 0x0000, 0x0000, 0x0000, 0x0000,
  0x0000, 0x0000, 0x0000, 0x0000, 0x0000, 0x0000, 0x0000, 0x0000, 0x0000, 0x0000, 0x0000, 0x0000, 0x0000, 0x0000, 0x0000, 0x0000,
  0x0000, 0x0000, 0x0000, 0x0000, 0x0000, 0x0000, 0x0000, 0x0000, 0x0000, 0x0000, 0x0000, 0x0000, 0x8c91, 0xf79d, 0xc5f6, 0xbd94,
  0xc5b4, 0xcdb5, 0xcdf6, 0xd616, 0xd636, 0xd637, 0xd637, 0xd658, 0xde78, 0xde79, 0xde99, 0xde99, 0xdeba, 0xe6ba, 0xe6da, 0xe6db,
  0xe6db, 0xe6db, 0xe6db, 0xe6db, 0xe6db, 0xe6db, 0xe6db, 0xe6db, 0xe6db, 0xe6db, 0xe6db, 0xe6db, 0xe6db, 0xe6db, 0xe6db, 0xe6db,
  0xdedb, 0xdedb, 0xe6db, 0xe6db, 0xe6db, 0xdedb, 0xdedb, 0xd659, 0xde39, 0xde39, 0xc535, 0xc4d4, 0xccf4, 0xd5d7, 0xeeba, 0xeedb,
  0xe6db, 0xdedb, 0xe6fc, 0xe6fc, 0xe71c, 0xe6fb, 0xe6fb, 0xe6fb, 0xe6fb, 0xe6fc, 0xe6db, 0xdeba, 0xce38, 0xce38, 0xe6db, 0xdeba,
  0xe71b, 0xe6fb, 0xf6fd, 0xfebb, 0xf73d, 0xe73c, 0xd597, 0xfefd, 0xe71c, 0xe6fc, 0xeefc, 0xe71c, 0xe71c, 0xde7a, 0xeefc, 0xef1c,
  0xef1c, 0xc596, 0xf71c, 0xde59, 0xe71c, 0xe71c, 0xe71c, 0xef1c, 0xef1c, 0xe6db, 0xddf8, 0xc555, 0xf71d, 0xe71d, 0xe71c, 0xe71c,
  0xe71c, 0xe71d, 0xe71c, 0xef1c, 0xeefc, 0xeefd, 0xeefc, 0xe71c, 0xe6fb, 0xeedc, 0xe71d, 0xe71c, 0xf67a, 0xd514, 0xcc73, 0xf63a,
  0xef1c, 0xe71c, 0xe71c, 0xe71c, 0xe71c, 0xe71c, 0xe71c, 0xe71c, 0xe71c, 0xe71c, 0xe71c, 0xe71c, 0xe71c, 0xe71c, 0xe71c, 0xe71c,
  0xe71c, 0xe71c, 0xe71c, 0xe71c, 0xe71c, 0xe71c, 0xe71c, 0xe71c, 0xe71c, 0xe71c, 0xe71c, 0xe71c, 0xe71c, 0xe71c, 0xef1c, 0xef1c,
  0xe6db, 0xde59, 0xeedb, 0xde79, 0xde9a, 0xe6db, 0xe6da, 0xdeba, 0xdeda, 0xde99, 0xd678, 0xde98, 0xd698, 0xd678, 0xd657, 0xd637,
  0xd636, 0xce16, 0xcdd5, 0xcdd5, 0xc595, 0xbd95, 0xef3c, 0x9cb2, 0x0000, 0x0000, 0x0000, 0x0000, 0x0000, 0x0000, 0x0000, 0x0000,
  0x0000, 0x0000, 0x0000, 0x0000, 0x0000, 0x0000, 0x0000, 0x0000, 0x0000, 0x0000, 0x0000, 0x0000, 0x0000, 0x0000, 0x0000, 0x0000,
  0x0000, 0x0000, 0x0000, 0x0000, 0x0000, 0x0000, 0x0000, 0x0000, 0x0000, 0x0000, 0x0000, 0x0000, 0x0000, 0x0000, 0x0000, 0x0000,
  0x0000, 0x0000, 0x0000, 0x0000, 0x0000, 0x0000, 0x0000, 0x0000, 0x31c6, 0xf7bd, 0xce37, 0xbd94, 0xc5b4, 0xc5b4, 0xcdf5, 0xcdf6,
  0xd616, 0xd637, 0xd637, 0xd658, 0xde78, 0xde79, 0xde99, 0xde99, 0xdeba, 0xe6ba, 0xe6da, 0xe6db, 0xe6db, 0xe6db, 0xe6db, 0xe6db,
  0xe6db, 0xe6db, 0xe6db, 0xe6db, 0xe6db, 0xe6db, 0xe6db, 0xe6db, 0xe6db, 0xe6db, 0xdedb, 0xdedb, 0xe6db, 0xe6db, 0xe6db, 0xdedb,
  0xdedb, 0xd659, 0xe6ba, 0xde39, 0xcd15, 0xc535, 0xc4d4, 0xd5d7, 0xeefb, 0xeeba, 0xeedb, 0xe6db, 0xe6fc, 0xe6fc, 0xe6fc, 0xe6fb,
  0xe6fb, 0xe6fb, 0xe6fb, 0xe6fb, 0xe6fc, 0xe6db, 0xdeba, 0xdeba, 0xce38, 0xeefb, 0xd638, 0xef1c, 0xe6fb, 0xf71c, 0xf63a, 0xb411,
  0xe73c, 0xeefc, 0xabd0, 0xdefc, 0xe71c, 0xe6fc, 0xeefc, 0xe71c, 0xe71c, 0xde7a, 0xeefc, 0xef1c, 0xef1c, 0xc596, 0xf71c, 0xddd8,
  0xe71c, 0xe71c, 0xe71c, 0xe71c, 0xe71c, 0xeefc, 0xd639, 0xcd97, 0xddf8, 0xf73d, 0xe73d, 0xe71c, 0xef1c, 0xe71c, 0xe71d, 0xe71c,
  0xef1c, 0xeefc, 0xeedc, 0xeefc, 0xef1d, 0xe71c, 0xf6dc, 0xeedc, 0xe71c, 0xf67a, 0xd514, 0xab4e, 0xcc73, 0xef1c, 0xe71c, 0xe71c,
  0xe71c, 0xe71c, 0xe71c, 0xe71c, 0xe71c, 0xe71c, 0xe71c, 0xe71c, 0xe71c, 0xe71c, 0xe71c, 0xe71c, 0xe71c, 0xe71c, 0xe71c, 0xe71c,
  0xe71c, 0xe71c, 0xe71c, 0xe71c, 0xe71c, 0xe71c, 0xe71c, 0xe71c, 0xe71c, 0xe71c, 0xe71c, 0xef1c, 0xe6ba, 0xde9a, 0xeefb, 0xd638,
  0xe6db, 0xe6ba, 0xdeba, 0xdeda, 0xdeba, 0xde99, 0xde78, 0xd678, 0xd678, 0xd658, 0xd657, 0xce37, 0xce16, 0xcdf6, 0xcdf5, 0xcdd5,
  0xc595, 0xbdb5, 0xffbd, 0x39e7, 0x0000, 0x0000, 0x0000, 0x0000, 0x0000, 0x0000, 0x0000, 0x0000, 0x0000, 0x0000, 0x0000, 0x0000,
  0x0000, 0x0000, 0x0000, 0x0000, 0x0000, 0x0000, 0x0000, 0x0000, 0x0000, 0x0000, 0x0000, 0x0000, 0x0000, 0x0000, 0x0000, 0x0000,
  0x0000, 0x0000, 0x0000, 0x0000, 0x0000, 0x0000, 0x0000, 0x0000, 0x0000, 0x0000, 0x0000, 0x0000, 0x0000, 0x0000, 0x0000, 0x0000,
  0x0000, 0x0000, 0x0000, 0x0000, 0x39e7, 0xf79d, 0xd678, 0xc5b5, 0xc594, 0xcdd5, 0xcdd5, 0xcdf6, 0xd616, 0xd617, 0xd637, 0xd657,
  0xd678, 0xde79, 0xde99, 0xde99, 0xdeba, 0xe6ba, 0xe6da, 0xe6db, 0xe6db, 0xe6db, 0xe6db, 0xe6db, 0xe6db, 0xe6db, 0xe6db, 0xe6db,
  0xe6db, 0xe6db, 0xe6db, 0xdedb, 0xdedb, 0xdedb, 0xe6db, 0xe6db, 0xe6db, 0xdedb, 0xdedb, 0xd659, 0xe6ba, 0xde39, 0xcd15, 0xc535,
  0xc4d4, 0xccf4, 0xd5d7, 0xeeba, 0xeedb, 0xfedb, 0xe6db, 0xe6fc, 0xe6fc, 0xe6fc, 0xe6fb, 0xe6fb, 0xe6fb, 0xe6fb, 0xe6fb, 0xe6fc,
  0xe6db, 0xdeba, 0xdeba, 0xe6db, 0xeefb, 0xe6fb, 0xef1c, 0xe6fb, 0xe6fb, 0xf6fd, 0xfebb, 0xddd8, 0xe73c, 0xf71c, 0xe597, 0xe71c,
  0xe71c, 0xeefc, 0xe71c, 0xe71c, 0xe71c, 0xde7a, 0xeefc, 0xef1c, 0xef1c, 0xeedb, 0xef3c, 0xddd8, 0xef3d, 0xe71c, 0xe71c, 0xe71c,
  0xe71c, 0xef1c, 0xe6db, 0xddf8, 0xe6bb, 0xddf8, 0xe71c, 0xe73d, 0xe71c, 0xef1c, 0xe71c, 0xe71d, 0xe71c, 0xef1c, 0xef1c, 0xeefc,
  0xeefd, 0xef1d, 0xe71c, 0xf6dc, 0xeedc, 0xe71c, 0xef3c, 0xf67a, 0xd514, 0xcc73, 0xf63a, 0xef1c, 0xe71c, 0xe71c, 0xe71c, 0xe71c,
  0xe71c, 0xe71c, 0xe71c, 0xe71c, 0xe71c, 0xe71c, 0xe71c, 0xe71c, 0xe71c, 0xe71c, 0xe71c, 0xe71c, 0xe71c, 0xe71c, 0xe71c, 0xe71c,
  0xe71c, 0xe71c, 0xe71c, 0xe71c, 0xe71c, 0xe71c, 0xef1c, 0xef1c, 0xe6bb, 0xe6ba, 0xe6ba, 0xd638, 0xe6da, 0xe6ba, 0xe6fb, 0xdeba,
  0xdeba, 0xdeb9, 0xde79, 0xd678, 0xd678, 0xd657, 0xd657, 0xce36, 0xce16, 0xcdf6, 0xcdd5, 0xcdb4, 0xc594, 0xce17, 0xe71b, 0x2924,
  0x0000, 0x0000, 0x0000, 0x0000, 0x0000, 0x0000, 0x0000, 0x0000, 0x0000, 0x0000, 0x0000, 0x0000, 0x0000, 0x0000, 0x0000, 0x0000,
  0x0000, 0x0000, 0x0000, 0x0000, 0x0000, 0x0000, 0x0000, 0x0000, 0x0000, 0x0000, 0x0000, 0x0000, 0x0000, 0x0000, 0x0000, 0x0000,
  0x0000, 0x0000, 0x0000, 0x0000, 0x0000, 0x0000, 0x0000, 0x0000, 0x0000, 0x0000, 0x0000, 0x0000, 0x0000, 0x0000, 0x0000, 0x0000,
  0x0020, 0xbdf7, 0xe71b, 0xc5b5, 0xc5b4, 0xcdb4, 0xcdd5, 0xcdf6, 0xce16, 0xd617, 0xd637, 0xd657, 0xd678, 0xde79, 0xde99, 0xde99,
  0xdeba, 0xdeba, 0xe6ba, 0xe6db, 0xe6db, 0xe6db, 0xe6db, 0xe6db, 0xe6db, 0xe6db, 0xe6db, 0xe6db, 0xe6db, 0xdedb, 0xdedb, 0xe6db,
  0xe6db, 0xe6db, 0xe6db, 0xe6db, 0xdedb, 0xd659, 0xe6ba, 0xde39, 0xde39, 0xc535, 0xc4d4, 0xc4d4, 0xd5d7, 0xeefb, 0xeeba, 0xeedb,
  0xe6db, 0xdedb, 0xe6fc, 0xe6fc, 0xe6fc, 0xe6fb, 0xe6fb, 0xe6fb, 0xe6fb, 0xe6fb, 0xe6fb, 0xdedb, 0xde9a, 0xdeba, 0xe6db, 0xeefb,
  0xe6fb, 0xdeba, 0xe71b, 0xe6fb, 0xf71c, 0xf63a, 0xb411, 0xe6db, 0xe6fc, 0xd597, 0xfefd, 0xe71c, 0xe71c, 0xeefc, 0xe71c, 0xe6fc,
  0xe71c, 0xde7a, 0xeefc, 0xef1c, 0xef1c, 0xeedb, 0xef3c, 0xd5b7, 0xef3d, 0xe71c, 0xe71c, 0xe71c, 0xef1c, 0xe71c, 0xeefc, 0xd639,
  0xddf8, 0xc555, 0xf71d, 0xe71c, 0xe71c, 0xe71c, 0xef1c, 0xe71d, 0xe71d, 0xe71c, 0xef1c, 0xef1c, 0xeefc, 0xeefd, 0xef1d, 0xe71c,
  0xe6fb, 0xeedc, 0xe71d, 0xe71c, 0xf67a, 0xd514, 0xab4e, 0xcc73, 0xef1c, 0xef1c, 0xe71c, 0xe71c, 0xe71c, 0xe71c, 0xe71c, 0xe71c,
  0xe71c, 0xe71c, 0xe71c, 0xe71c, 0xe71c, 0xe71c, 0xe71c, 0xe71c, 0xe71c, 0xe71c, 0xe71c, 0xe71c, 0xe71c, 0xe71c, 0xe71c, 0xe71c,
  0xe71c, 0xe71c, 0xef1c, 0xeefc, 0xe6fb, 0xe6db, 0xe6ba, 0xd638, 0xeefb, 0xe6ba, 0xe6db, 0xdeba, 0xdeb9, 0xdeb9, 0xde79, 0xd678,
  0xd678, 0xd658, 0xd657, 0xce37, 0xce16, 0xcdf6, 0xcdd5, 0xcdb5, 0xbd74, 0xe6ba, 0xbd96, 0x0000, 0x0000, 0x0000, 0x0000, 0x0000,
  0x0000, 0x0000, 0x0000, 0x0000, 0x0000, 0x0000, 0x0000, 0x0000, 0x0000, 0x0000, 0x0000, 0x0000, 0x0000, 0x0000, 0x0000, 0x0000,
  0x0000, 0x0000, 0x0000, 0x0000, 0x0000, 0x0000, 0x0000, 0x0000, 0x0000, 0x0000, 0x0000, 0x0000, 0x0000, 0x0000, 0x0000, 0x0000,
  0x0000, 0x0000, 0x0000, 0x0000, 0x0000, 0x0000, 0x0000, 0x0000, 0x0000, 0x0000, 0x0000, 0x0000, 0x0000, 0xa534, 0xef5c, 0xc5b5,
  0xc594, 0xcdb4, 0xcdd5, 0xcdf5, 0xcdf6, 0xd616, 0xd637, 0xd637, 0xd658, 0xd678, 0xde99, 0xde99, 0xde99, 0xdeba, 0xe6ba, 0xe6db,
  0xe6db, 0xe6db, 0xe6db, 0xe6db, 0xe6db, 0xe6db, 0xe6db, 0xdedb, 0xdedb, 0xe6db, 0xe6db, 0xe6db, 0xe6db, 0xe6db, 0xdedb, 0xdedb,
  0xd659, 0xde39, 0xde39, 0xcd15, 0xc535, 0xc4d4, 0xd5d7, 0xd5d7, 0xeeba, 0xeedb, 0xeedb, 0xe6db, 0xe6fc, 0xe6fc, 0xe6fc, 0xe6fc,
  0xe6fb, 0xe6fb, 0xe6fb, 0xe6fb, 0xe6fb, 0xe6fb, 0xe6fc, 0xde9a, 0xd679, 0xce38, 0xce38, 0xeefb, 0xd638, 0xef1c, 0xe6fb, 0xe6fc,
  0xf6fd, 0xfebb, 0xddd8, 0xe73c, 0xeefc, 0xabd0, 0xdefc, 0xe71c, 0xe71c, 0xd639, 0xe71c, 0xe6fc, 0xe6fc, 0xde7a, 0xeefc, 0xe71c,
  0xef1c, 0xeedb, 0xe6bb, 0xd5b7, 0xde59, 0xe71c, 0xe71c, 0xe71c, 0xe71c, 0xe71c, 0xef1c, 0xe6db, 0xeefc, 0xe6bb, 0xddf8, 0xf73d,
  0xe73d, 0xe71c, 0xe71c, 0xef1c, 0xe71d, 0xe71c, 0xe71c, 0xef1c, 0xef1c, 0xeefc, 0xeefd, 0xef1d, 0xe71c, 0xe6fb, 0xf6dc, 0xeedc,
  0xe71c, 0xf67a, 0xf67a, 0xd514, 0xcc73, 0xcc73, 0xef1c, 0xe71c, 0xe71c, 0xe71c, 0xe71c, 0xe71c, 0xe71c, 0xe71c, 0xe71c, 0xe71c,
  0xe71c, 0xe71c, 0xe71c, 0xe71c, 0xe71c, 0xe71c, 0xe71c, 0xe71c, 0xe71c, 0xe71c, 0xe71c, 0xe71c, 0xe71c, 0xef1c, 0xe6fb, 0xef3c,
  0xdeba, 0xe6ba, 0xe6ba, 0xde59, 0xe6db, 0xe6ba, 0xe6da, 0xdeba, 0xdeb9, 0xde99, 0xde78, 0xd658, 0xd678, 0xd657, 0xd637, 0xce16,
  0xce16, 0xcdf5, 0xcdf5, 0xc5b4, 0xbd53, 0xef1b, 0xd679, 0x0000, 0x0000, 0x0000, 0x0000, 0x0000, 0x0000, 0x0000, 0x0000, 0x0000,
  0x0000, 0x0000, 0x0000, 0x0000, 0x0000, 0x0000, 0x0000, 0x0000, 0x0000, 0x0000, 0x0000, 0x0000, 0x0000, 0x0000, 0x0000, 0x0000,
  0x0000, 0x0000, 0x0000, 0x0000, 0x0000, 0x0000, 0x0000, 0x0000, 0x0000, 0x0000, 0x0000, 0x0000, 0x0000, 0x0000, 0x0000, 0x0000,
  0x0000, 0x0000, 0x0000, 0x0000, 0x0000, 0x0000, 0x0000, 0x0000, 0x0000, 0x528a, 0xffbe, 0xcdf6, 0xc593, 0xc5b4, 0xcdd5, 0xcdd5,
  0xcdf6, 0xce16, 0xd617, 0xd637, 0xd658, 0xd678, 0xde79, 0xde99, 0xde99, 0xdeba, 0xe6ba, 0xe6da, 0xe6db, 0xe6db, 0xe6db, 0xe6db,
  0xe6db, 0xdedb, 0xdedb, 0xe6db, 0xe6db, 0xe6db, 0xe6db, 0xe6db, 0xdedb, 0xdedb, 0xd659, 0xe6ba, 0xde39, 0xcd15, 0xc535, 0xc4d4,
  0xc4d4, 0xd5d7, 0xeefb, 0xeeba, 0xeedb, 0xe6db, 0xe6db, 0xe6fc, 0xe6fc, 0xe6fc, 0xe71c, 0xe6fb, 0xe6fb, 0xe6fb, 0xe6fb, 0xe6fb,
  0xe6fb, 0xe6fc, 0xe6db, 0xdeba, 0xce38, 0xce38, 0xeefb, 0xe6fb, 0xef1c, 0xe71b, 0xe6fb, 0xf6fd, 0xf63a, 0xb411, 0xe6db, 0xe73c,
  0xf71c, 0xe597, 0xdefc, 0xe71c, 0xe6fc, 0xd639, 0xe71c, 0xe6fc, 0xe6fc, 0xde7a, 0xeefc, 0xe71c, 0xef1c, 0xeefc, 0xe6bb, 0xf71c,
  0xddd8, 0xe71c, 0xe71c, 0xe71c, 0xe71c, 0xef1c, 0xe71c, 0xeefc, 0xe6db, 0xddf8, 0xc555, 0xddf8, 0xe71c, 0xe73d, 0xe71c, 0xe71c,
  0xe71c, 0xe71d, 0xe71c, 0xe71c, 0xef1c, 0xef1c, 0xeefc, 0xeefd, 0xef1d, 0xe71c, 0xe71c, 0xf6dc, 0xeedc, 0xe71c, 0xe71c, 0xf67a,
  0xd514, 0xab4e, 0xcc73, 0xef1c, 0xef1c, 0xe71c, 0xe71c, 0xe71c, 0xe71c, 0xe71c, 0xe71c, 0xe71c, 0xe71c, 0xe71c, 0xe71c, 0xe71c,
  0xe71c, 0xe71c, 0xe71c, 0xe71c, 0xe71c, 0xe71c, 0xe71c, 0xe71c, 0xe71c, 0xe6fc, 0xef1c, 0xe6fb, 0xd659, 0xeedb, 0xeedb, 0xe679,
  0xde9a, 0xe6db, 0xdeba, 0xdeba, 0xde99, 0xde99, 0xd678, 0xd658, 0xd657, 0xd657, 0xce37, 0xce16, 0xcdf6, 0xc5d5, 0xcdd5, 0xc573,
  0xcdd5, 0xd638, 0x39e7, 0x0000, 0x0000, 0x0000, 0x0000, 0x0000, 0x0000, 0x0000, 0x0000, 0x0000, 0x0000, 0x0000, 0x0000, 0x0000,
  0x0000, 0x0000, 0x0000, 0x0000, 0x0000, 0x0000, 0x0000, 0x0000, 0x0000, 0x0000, 0x0000, 0x0000, 0x0000, 0x0000, 0x0000, 0x0000,
  0x0000, 0x0000, 0x0000, 0x0000, 0x0000, 0x0000, 0x0000, 0x0000, 0x0000, 0x0000, 0x0000, 0x0000, 0x0000, 0x0000, 0x0000, 0x0000,
  0x0000, 0x0000, 0x0000, 0x0000, 0x0000, 0x39c7, 0xe71c, 0xde99, 0xc594, 0xc5b4, 0xcdd5, 0xcdd5, 0xcdf6, 0xce16, 0xce16, 0xd637,
  0xd658, 0xd678, 0xde78, 0xde99, 0xde99, 0xdeba, 0xdeba, 0xe6da, 0xe6db, 0xe6db, 0xe6db, 0xdedb, 0xdedb, 0xe6db, 0xe6db, 0xe6db,
  0xe6db, 0xe6db, 0xdedb, 0xdedb, 0xd659, 0xe6ba, 0xde39, 0xde39, 0xc535, 0xc535, 0xc4d4, 0xd5d7, 0xd5d7, 0xeefb, 0xeeba, 0xeedb,
  0xe6db, 0xdedb, 0xe6fc, 0xe6fc, 0xe6fc, 0xe71c, 0xe6fb, 0xe6fb, 0xe6fb, 0xe6fb, 0xe6fb, 0xe6fb, 0xe6fc, 0xe6db, 0xdeba, 0xdeba,
  0xce38, 0xeefb, 0xe6fb, 0xdeba, 0xe71b, 0xe6fb, 0xe6fc, 0xf6fd, 0xfebb, 0xddd8, 0xe73c, 0xeefc, 0xd597, 0xfefd, 0xe71c, 0xe71c,
  0xe6fc, 0xeefc, 0xe71c, 0xe6fc, 0xe6fc, 0xde7a, 0xeefc, 0xe71c, 0xef1c, 0xeefc, 0xc596, 0xf71c, 0xddd8, 0xef3d, 0xe71c, 0xe71c,
  0xe71c, 0xe71c, 0xe71c, 0xef1c, 0xe6db, 0xeefc, 0xcd97, 0xc555, 0xf71d, 0xe71c, 0xe73d, 0xe71c, 0xef1c, 0xe71c, 0xe71d, 0xe71c,
  0xe71c, 0xef1c, 0xef1c, 0xeefc, 0xeefd, 0xef1d, 0xe71c, 0xe71c, 0xf6dc, 0xeedc, 0xe71d, 0xe71c, 0xf67a, 0xd514, 0xab4e, 0xcc73,
  0xcc73, 0xef1c, 0xe71c, 0xe71c, 0xe71c, 0xe71c, 0xe71c, 0xe71c, 0xe71c, 0xe71c, 0xe71c, 0xe71c, 0xe71c, 0xe71c, 0xe71c, 0xe71c,
  0xe71c, 0xe71c, 0xe71c, 0xe71c, 0xe71c, 0xe6fc, 0xe6db, 0xd679, 0xeefb, 0xe6db, 0xe6db, 0xe6ba, 0xde79, 0xe6da, 0xe6ba, 0xdeb9,
  0xde99, 0xde99, 0xd678, 0xd658, 0xd657, 0xd637, 0xce37, 0xce16, 0xcdf6, 0xc5d5, 0xcdd5, 0xbd73, 0xd637, 0xde99, 0x0841, 0x0000,
  0x0000, 0x0000, 0x0000, 0x0000, 0x0000, 0x0000, 0x0000, 0x0000, 0x0000, 0x0000, 0x0000, 0x0000, 0x0000, 0x0000, 0x0000, 0x0000,
  0x0000, 0x0000, 0x0000, 0x0000, 0x0000, 0x0000, 0x0000, 0x0000, 0x0000, 0x0000, 0x0000, 0x0000, 0x0000, 0x0000, 0x0000, 0x0000,
  0x0000, 0x0000, 0x0000, 0x0000, 0x0000, 0x0000, 0x0000, 0x0000, 0x0000, 0x0000, 0x0000, 0x0000, 0x0000, 0x0000, 0x0000, 0x0000,
  0x0000, 0x0000, 0xce38, 0xe6fb, 0xbd95, 0xc5b4, 0xcdd5, 0xcdd5, 0xcdf6, 0xce16, 0xce16, 0xd637, 0xd657, 0xd658, 0xde78, 0xde99,
  0xdeb9, 0xdeb9, 0xdeba, 0xdeda, 0xdedb, 0xdedb, 0xdedb, 0xe6db, 0xe6db, 0xe6db, 0xe6db, 0xe6db, 0xdedb, 0xdedb, 0xd659, 0xe6ba,
  0xde39, 0xde39, 0xcd15, 0xc535, 0xc4d4, 0xccf4, 0xd5d7, 0xeefb, 0xeeba, 0xeedb, 0xfedb, 0xe6db, 0xe6fc, 0xe6fc, 0xe6fc, 0xe6fc,
  0xe6fb, 0xe6fb, 0xe6fb, 0xe6fb, 0xe6fb, 0xe6fb, 0xe6fb, 0xe6fc, 0xe6db, 0xdeba, 0xdeba, 0xe6db, 0xeefb, 0xe6db, 0xd638, 0xef1c,
  0xe6fb, 0xe6fb, 0xf6fd, 0xf63a, 0xb411, 0xf73d, 0xe73c, 0xf71c, 0xabd0, 0xfefd, 0xe71c, 0xe71c, 0xeefc, 0xeefc, 0xe71c, 0xe6fc,
  0xe6fc, 0xde7a, 0xeefc, 0xe71c, 0xef1c, 0xeefc, 0xc596, 0xef3c, 0xd5b7, 0xde59, 0xe71c, 0xe71c, 0xe71c, 0xe71c, 0xef1c, 0xe71c,
  0xeefc, 0xe6db, 0xddf8, 0xe6bb, 0xddf8, 0xf73d, 0xe71d, 0xe71c, 0xe71c, 0xef1c, 0xe71c, 0xe71d, 0xe71c, 0xe71c, 0xef1c, 0xef1c,
  0xeefc, 0xeefd, 0xeefc, 0xef1d, 0xe71c, 0xe6fb, 0xeedc, 0xeedc, 0xe71c, 0xef3c, 0xf67a, 0xd514, 0xab4e, 0xcc73, 0xf63a, 0xef1c,
  0xe71c, 0xe71c, 0xe71c, 0xe71c, 0xe71c, 0xe71c, 0xe71c, 0xe71c, 0xe71c, 0xe71c, 0xe71c, 0xe71c, 0xe71c, 0xe71c, 0xe71c, 0xe71c,
  0xef1c, 0xeefc, 0xd679, 0xe6db, 0xeefb, 0xe6db, 0xe6db, 0xe6db, 0xde9a, 0xde79, 0xe6ba, 0xe6ba, 0xde99, 0xde99, 0xde78, 0xd678,
  0xd657, 0xd637, 0xce16, 0xce16, 0xcdf5, 0xcdd5, 0xcdd5, 0xbd74, 0xce37, 0xffff, 0x5aaa, 0x0000, 0x0020, 0x0000, 0x0000, 0x0000,
  0x0000, 0x0000, 0x0000, 0x0000, 0x0000, 0x0000, 0x0000, 0x0000, 0x0000, 0x0000, 0x0000, 0x0000, 0x0000, 0x0000, 0x0000, 0x0000,
  0x0000, 0x0000, 0x0000, 0x0000, 0x0000, 0x0000, 0x0000, 0x0000, 0x0000, 0x0000, 0x0000, 0x0000, 0x0000, 0x0000, 0x0000, 0x0000,
  0x0000, 0x0000, 0x0000, 0x0000, 0x0000, 0x0000, 0x0000, 0x0000, 0x0000, 0x0000, 0x0000, 0x0000, 0x0000, 0x0000, 0x9cf3, 0xef5c,
  0xc5f6, 0xbd94, 0xc5b4, 0xcdd5, 0xcdf5, 0xcdf6, 0xce16, 0xd637, 0xd657, 0xd658, 0xd678, 0xde99, 0xde99, 0xdeb9, 0xdeba, 0xdeda,
  0xe6ba, 0xe6bb, 0xe6db, 0xe6db, 0xe6db, 0xe6db, 0xdedb, 0xdedb, 0xd659, 0xe6ba, 0xde39, 0xde39, 0xcd15, 0xc535, 0xc4d4, 0xc4d4,
  0xd5d7, 0xd5d7, 0xeefb, 0xeeba, 0xeedb, 0xe6db, 0xe6db, 0xe6fc, 0xe6fc, 0xe6fc, 0xe6fc, 0xe6fb, 0xe6fb, 0xe6fb, 0xe6fb, 0xe6fb,
  0xe6fb, 0xe6fb, 0xe6fc, 0xe6db, 0xdeba, 0xdeba, 0xe6db, 0xce38, 0xeefb, 0xd638, 0xef1c, 0xe71b, 0xe6fb, 0xf71c, 0xeefc, 0xfebb,
  0xddd8, 0xe73c, 0xe73c, 0xf71c, 0xe597, 0xdefc, 0xe71c, 0xe71c, 0xeefc, 0xeefc, 0xe71c, 0xe6fc, 0xe6fc, 0xde7a, 0xeefc, 0xe71c,
  0xef1c, 0xef1c, 0xc596, 0xef3c, 0xd5b7, 0xde59, 0xe71c, 0xe71c, 0xe71c, 0xe71c, 0xe71c, 0xe71c, 0xef1c, 0xef1c, 0xd639, 0xddf8,
  0xc555, 0xddf8, 0xf73d, 0xe73d, 0xe71c, 0xe71c, 0xef1c, 0xe71c, 0xe71d, 0xe71c, 0xe71c, 0xef1c, 0xef1c, 0xeefc, 0xeefd, 0xeefc,
  0xef1d, 0xe71c, 0xe6fb, 0xf6dc, 0xeedc, 0xe71c, 0xe71c, 0xf67a, 0xd514, 0xab4e, 0xcc73, 0xcc73, 0xef1c, 0xef1c, 0xe71c, 0xe71c,
  0xe71c, 0xe71c, 0xe71c, 0xe71c, 0xe71c, 0xe71c, 0xe71c, 0xe71c, 0xe71c, 0xe71c, 0xe71c, 0xe71c, 0xef1c, 0xe6bb, 0xe6fb, 0xeefc,
  0xe6fb, 0xe6fb, 0xe6db, 0xe6db, 0xe6db, 0xde99, 0xde99, 0xdeb9, 0xde99, 0xde99, 0xd678, 0xd658, 0xd657, 0xd637, 0xce16, 0xcdf6,
  0xcdf5, 0xcdd5, 0xc5d5, 0xbd95, 0xef1b, 0xe71b, 0x0841, 0x0000, 0x0000, 0x0000, 0x0000, 0x0000, 0x0000, 0x0000, 0x0000, 0x0000,
  0x0000, 0x0000, 0x0000, 0x0000, 0x0000, 0x0000, 0x0000, 0x0000, 0x0000, 0x0000, 0x0000, 0x0000, 0x0000, 0x0000, 0x0000, 0x0000,
  0x0000, 0x0000, 0x0000, 0x0000, 0x0000, 0x0000, 0x0000, 0x0000, 0x0000, 0x0000, 0x0000, 0x0000, 0x0000, 0x0000, 0x0000, 0x0000,
  0x0000, 0x0000, 0x0000, 0x0000, 0x0000, 0x0000, 0x0000, 0x0000, 0x0020, 0x0000, 0x632c, 0xffbe, 0xce38, 0xbd95, 0xc5b4, 0xcdd5,
  0xcdf5, 0xcdf6, 0xce16, 0xce16, 0xd637, 0xd657, 0xd658, 0xde79, 0xde99, 0xde99, 0xdeba, 0xdeba, 0xe6bb, 0xe6bb, 0xe6db, 0xe6db,
  0xe6db, 0xdedb, 0xd659, 0xd659, 0xe6ba, 0xde39, 0xde39, 0xc535, 0xc535, 0xc4d4, 0xccf4, 0xd5d7, 0xeefb, 0xeeba, 0xeedb, 0xeedb,
  0xe6db, 0xdedb, 0xe6fc, 0xe6fc, 0xe6fc, 0xe6fc, 0xe6fb, 0xe6fb, 0xe6fb, 0xe6fb, 0xe6fb, 0xe6fb, 0xe6fb, 0xe6fc, 0xe6db, 0xdeba,
  0xdeba, 0xce38, 0xce38, 0xeefb, 0xe6fb, 0xdeba, 0xe71b, 0xe6fb, 0xe6fb, 0xf6fd, 0xf63a, 0xb411, 0xf73d, 0xe73c, 0xeefc, 0xd597,
  0xfefd, 0xe71c, 0xe71c, 0xe6fc, 0xd639, 0xe71c, 0xe71c, 0xe6fc, 0xe6fc, 0xde7a, 0xeefc, 0xe71c, 0xef1c, 0xef1c, 0xeedb, 0xe6bb,
  0xf71c, 0xddd8, 0xef3d, 0xe71c, 0xe71c, 0xe71c, 0xe71c, 0xef1c, 0xe71c, 0xeefc, 0xe6db, 0xddf8, 0xe6bb, 0xc555, 0xf71d, 0xe71c,
  0xe73d, 0xe71c, 0xe71c, 0xef1c, 0xe71c, 0xe71d, 0xe71c, 0xe71c, 0xef1c, 0xef1c, 0xeefc, 0xeefd, 0xeefd, 0xef1d, 0xe71c, 0xe6fb,
  0xf6dc, 0xeedc, 0xe71d, 0xe71c, 0xf67a, 0xf67a, 0xd514, 0xab4e, 0xcc73, 0xf63a, 0xef1c, 0xe71c, 0xe71c, 0xe71c, 0xe71c, 0xe71c,
  0xe71c, 0xe71c, 0xe71c, 0xe71c, 0xe71c, 0xe71c, 0xe71c, 0xe71c, 0xef1c, 0xe6db, 0xe6fb, 0xe6fb, 0xe6fb, 0xe6fb, 0xe6db, 0xe6db,
  0xe6ba, 0xe6ba, 0xde99, 0xde99, 0xde99, 0xd678, 0xd678, 0xd658, 0xd637, 0xce16, 0xcdf6, 0xcdf6, 0xcdd5, 0xcdb5, 0xc594, 0xc5f6,
  0xdeba, 0x5acb, 0x0000, 0x0000, 0x0000, 0x0000, 0x0000, 0x0000, 0x0000, 0x0000, 0x0000, 0x0000, 0x0000, 0x0000, 0x0000, 0x0000,
  0x0000, 0x0000, 0x0000, 0x0000, 0x0000, 0x0000, 0x0000, 0x0000, 0x0000, 0x0000, 0x0000, 0x0000, 0x0000, 0x0000, 0x0000, 0x0000,
  0x0000, 0x0000, 0x0000, 0x0000, 0x0000, 0x0000, 0x0000, 0x0000, 0x0000, 0x0000, 0x0000, 0x0000, 0x0000, 0x0000, 0x0000, 0x0000,
  0x0000, 0x0000, 0x0000, 0x0000, 0x0000, 0x0000, 0x2965, 0xef3c, 0xdeba, 0xbdb5, 0xc594, 0xc5b5, 0xcdd5, 0xcdf5, 0xce16, 0xd637,
  0xd637, 0xd658, 0xd658, 0xd658, 0xde99, 0xde99, 0xde99, 0xde9a, 0xde9a, 0xde9a, 0xdeba, 0xdedb, 0xe6fb, 0xd659, 0xe6ba, 0xde39,
  0xde39, 0xcd15, 0xc535, 0xc4d4, 0xc4d4, 0xd5d7, 0xd5d7, 0xeefb, 0xeeba, 0xeedb, 0xe6db, 0xe6db, 0xe6fc, 0xe6fc, 0xe6fc, 0xe6fc,
  0xe71c, 0xe6fb, 0xe6fb, 0xe6fb, 0xe6fb, 0xe6fb, 0xe6fb, 0xe6fb, 0xe6fc, 0xe6db, 0xdeba, 0xd679, 0xce38, 0xce38, 0xeefb, 0xe6fb,
  0xd638, 0xef1c, 0xe71b, 0xe6fb, 0xf71c, 0xeefc, 0xfebb, 0xddd8, 0xe6db, 0xe73c, 0xf71c, 0xabd0, 0xfefd, 0xe71c, 0xe71c, 0xe6fc,
  0xd639, 0xe71c, 0xe71c, 0xe6fc, 0xe6fc, 0xde7a, 0xeefc, 0xe71c, 0xef1c, 0xef1c, 0xeedb, 0xe6bb, 0xf71c, 0xddd8, 0xef3d, 0xe71c,
  0xe71c, 0xe71c, 0xe71c, 0xef1c, 0xe71c, 0xef1c, 0xef1c, 0xd639, 0xddf8, 0xc555, 0xddf8, 0xf73d, 0xe71c, 0xe73d, 0xe71c, 0xe71c,
  0xef1c, 0xe71c, 0xe71d, 0xe71c, 0xe71c, 0xef1c, 0xef1c, 0xeefc, 0xeefd, 0xeefd, 0xef1d, 0xe71c, 0xe71c, 0xe6fb, 0xeedc, 0xeedc,
  0xe71c, 0xe71c, 0xf67a, 0xd514, 0xab4e, 0xcc73, 0xcc73, 0xef1c, 0xef1c, 0xe71c, 0xe71c, 0xe71c, 0xe71c, 0xe71c, 0xe71c, 0xe71c,
  0xe71c, 0xe71c, 0xe71c, 0xe71c, 0xe6fb, 0xeefb, 0xde9a, 0xe6fb, 0xe6db, 0xe6db, 0xe6db, 0xe6db, 0xe6ba, 0xdeba, 0xde99, 0xde99,
  0xde79, 0xd678, 0xd658, 0xd658, 0xd637, 0xce16, 0xce16, 0xcdf5, 0xcdd5, 0xcdd5, 0xbd94, 0xce38, 0xef5d, 0x39c7, 0x0000, 0x0000,
  0x0000, 0x0000, 0x0000, 0x0000, 0x0000, 0x0000, 0x0000, 0x0000, 0x0000, 0x0000, 0x0000, 0x0000, 0x0000, 0x0000, 0x0000, 0x0000,
  0x0000, 0x0000, 0x0000, 0x0000, 0x0000, 0x0000, 0x0000, 0x0000, 0x0000, 0x0000, 0x0000, 0x0000, 0x0000, 0x0000, 0x0000, 0x0000,
  0x0000, 0x0000, 0x0000, 0x0000, 0x0000, 0x0000, 0x0000, 0x0000, 0x0000, 0x0000, 0x0000, 0x0000, 0x0000, 0x0000, 0x0000, 0x0000,
  0x0000, 0x0000, 0x0000, 0x94b2, 0xef7d, 0xbdd6, 0xc594, 0xc5b4, 0xcdd5, 0xcdf5, 0xce16, 0xce16, 0xd637, 0xd658, 0xd658, 0xd658,
  0xd658, 0xd638, 0xd618, 0xde79, 0xde9a, 0xdeba, 0xde9a, 0xd659, 0xe6ba, 0xe71b, 0xde39, 0xcd15, 0xc535, 0xc4d4, 0xc4d4, 0xccf4,
  0xd5d7, 0xeefb, 0xeeba, 0xeedb, 0xeedb, 0xe6db, 0xe6db, 0xe6fc, 0xe6fc, 0xe6fc, 0xe6fc, 0xe71c, 0xe6fb, 0xe6fb, 0xe6fb, 0xe6fb,
  0xe6fb, 0xe6fb, 0xe6fb, 0xe6fc, 0xe6db, 0xde9a, 0xd679, 0xdeba, 0xe6db, 0xeefb, 0xe6db, 0xd638, 0xef1c, 0xe71b, 0xe6fb, 0xe6fc,
  0xf6fd, 0xf63a, 0xb411, 0xddd8, 0xe73c, 0xeefc, 0xf71c, 0xe597, 0xdefc, 0xe71c, 0xe71c, 0xe6fc, 0xd639, 0xe71c, 0xe71c, 0xe6fc,
  0xe6fc, 0xde7a, 0xeefc, 0xe71c, 0xef1c, 0xef1c, 0xeedb, 0xe6bb, 0xf71c, 0xd5b7, 0xde59, 0xe71c, 0xe71c, 0xe71c, 0xe71c, 0xe71c,
  0xe71c, 0xe71c, 0xeefc, 0xe6db, 0xeefc, 0xcd97, 0xc555, 0xddf8, 0xf73d, 0xe71d, 0xe71c, 0xe71c, 0xef1c, 0xef1c, 0xe71d, 0xe71d,
  0xe71c, 0xe71c, 0xef1c, 0xef1c, 0xeefc, 0xeefd, 0xeefd, 0xef1d, 0xe71c, 0xe71c, 0xe6fb, 0xf6dc, 0xeedc, 0xe71c, 0xe71c, 0xf67a,
  0xf67a, 0xd514, 0xab4e, 0xcc73, 0xf63a, 0xef1c, 0xef1c, 0xe71c, 0xe71c, 0xe71c, 0xe71c, 0xe71c, 0xe71c, 0xe71c, 0xe71c, 0xe6fc,
  0xe6fc, 0xeefc, 0xe6ba, 0xdeba, 0xe6fb, 0xe6db, 0xe6db, 0xe6bb, 0xe6ba, 0xdeba, 0xde99, 0xde99, 0xde79, 0xd678, 0xd658, 0xd657,
  0xd637, 0xce16, 0xcdf6, 0xcdf5, 0xcdd5, 0xc5b4, 0xbdb4, 0xd69a, 0xef7d, 0x2965, 0x0000, 0x0000, 0x0000, 0x0000, 0x0000, 0x0000,
  0x0000, 0x0000, 0x0000, 0x0000, 0x0000, 0x0000, 0x0000, 0x0000, 0x0000, 0x0000, 0x0000, 0x0000, 0x0000, 0x0000, 0x0000, 0x0000,
  0x0000, 0x0000, 0x0000, 0x0000, 0x0000, 0x0000, 0x0000, 0x0000, 0x0000, 0x0000, 0x0000, 0x0000, 0x0000, 0x0000, 0x0000, 0x0000,
  0x0000, 0x0000, 0x0000, 0x0000, 0x0000, 0x0000, 0x0000, 0x0000, 0x0000, 0x0000, 0x0000, 0x0000, 0x0000, 0x0000, 0x0000, 0x528a,
  0xef5d, 0xce38, 0xc594, 0xc5b4, 0xc5d5, 0xcdd5, 0xcdf6, 0xce16, 0xce37, 0xce37, 0xd658, 0xd658, 0xde58, 0xde99, 0xe6ba, 0xe69a,
  0xde79, 0xde59, 0xe659, 0xe67a, 0xde39, 0xe6ba, 0xc535, 0xc535, 0xc4d4, 0xc4d4, 0xd5d7, 0xd5d7, 0xeefb, 0xeeba, 0xeedb, 0xfedb,
  0xe6db, 0xe6db, 0xe6fc, 0xe6fc, 0xe6fc, 0xe6fc, 0xe6fb, 0xe6fb, 0xe6fb, 0xe6fb, 0xe6fb, 0xe6fb, 0xe6fb, 0xe6fb, 0xe6fc, 0xe6db,
  0xde9a, 0xdeba, 0xdeba, 0xe6db, 0xce38, 0xeefb, 0xe6fb, 0xdeba, 0xe6fb, 0xe6fb, 0xe6fb, 0xf71c, 0xeefc, 0xfebb, 0xddd8, 0xe6db,
  0xe73c, 0xeefc, 0xd597, 0xfefd, 0xdefc, 0xe71c, 0xe71c, 0xeefc, 0xeefc, 0xe71c, 0xe6fc, 0xe71c, 0xf71c, 0xd659, 0xef1c, 0xe71c,
  0xef1c, 0xef1c, 0xeefc, 0xc596, 0xef3c, 0xd5b7, 0xde59, 0xe71c, 0xe71c, 0xe71c, 0xe71c, 0xe71c, 0xef1c, 0xe71c, 0xef1c, 0xef1c,
  0xd639, 0xddf8, 0xe6bb, 0xde18, 0xf71d, 0xe71c, 0xe73d, 0xe71c, 0xe71c, 0xef1c, 0xe71c, 0xe71d, 0xe71d, 0xe71c, 0xe71c, 0xef1c,
  0xef1c, 0xeefc, 0xeedc, 0xeefd, 0xef1d, 0xef1d, 0xe71c, 0xe6fb, 0xf6dc, 0xeedc, 0xe71c, 0xe71c, 0xef3c, 0xf67a, 0xd514, 0xab4e,
  0xcc73, 0xcc73, 0xef1c, 0xef1c, 0xe71c, 0xe71c, 0xe71c, 0xe71c, 0xe71c, 0xe71c, 0xe71c, 0xe6fc, 0xef1c, 0xe6fb, 0xeefb, 0xe6db,
  0xe6db, 0xe6db, 0xe6bb, 0xe6ba, 0xdeba, 0xde9a, 0xde99, 0xde99, 0xd678, 0xd678, 0xd658, 0xd657, 0xd637, 0xce16, 0xcdf6, 0xcdf5,
  0xcdb5, 0xc594, 0xc5d5, 0xef7d, 0xb5b6, 0x0000, 0x0000, 0x0000, 0x0000, 0x0000, 0x0000, 0x0000, 0x0000, 0x0000, 0x0000, 0x0000,
  0x0000, 0x0000, 0x0000, 0x0000, 0x0000, 0x0000, 0x0000, 0x0000, 0x0000, 0x0000, 0x0000, 0x0000, 0x0000, 0x0000, 0x0000, 0x0000,
  0x0000, 0x0000, 0x0000, 0x0000, 0x0000, 0x0000, 0x0000, 0x0000, 0x0000, 0x0000, 0x0000, 0x0000, 0x0000, 0x0000, 0x0000, 0x0000,
  0x0000, 0x0000, 0x0000, 0x0000, 0x0000, 0x0000, 0x0000, 0x0000, 0x0000, 0x0000, 0x0000, 0x1082, 0xe71c, 0xde99, 0xc5b4, 0xc594,
  0xc5b5, 0xcdd5, 0xcdf6, 0xce16, 0xce37, 0xce37, 0xd637, 0xd658, 0xde58, 0xde99, 0xde59, 0xcdf7, 0xcdd7, 0xd5d7, 0xcd76, 0xd556,
  0xcd15, 0xc535, 0xf6fb, 0xc4d4, 0xd5d7, 0xd5d7, 0xeefb, 0xeeba, 0xeedb, 0xeedb, 0xe6db, 0xe6db, 0xe6fc, 0xe6fc, 0xe6fc, 0xe6fc,
  0xe6fc, 0xe6fb, 0xe6fb, 0xe6fb, 0xe6fb, 0xe6fb, 0xe6fb, 0xe6fb, 0xe6fb, 0xe6fc, 0xe6db, 0xe6db, 0xdeba, 0xdeba, 0xe6db, 0xce38,
  0xeefb, 0xe6fb, 0xd638, 0xef1c, 0xe71b, 0xe6fb, 0xe6fc, 0xf6fd, 0xf63a, 0xe619, 0xddd8, 0xe73c, 0xe73c, 0xf71c, 0xabd0, 0xfefd,
  0xe71c, 0xe71c, 0xe71c, 0xeefc, 0xeefc, 0xe71c, 0xe6fc, 0xe71c, 0xf71c, 0xd659, 0xef1c, 0xe71c, 0xef1c, 0xef1c, 0xeefc, 0xc596,
  0xef3c, 0xd5b7, 0xddd8, 0xef3d, 0xe71c, 0xe71c, 0xe71c, 0xe71c, 0xe71c, 0xe71c, 0xe71c, 0xeefc, 0xe6db, 0xeefc, 0xddf8, 0xc555,
  0xddf8, 0xf73d, 0xe71c, 0xe73d, 0xe71c, 0xe71c, 0xef1c, 0xe71c, 0xe71d, 0xe71d, 0xe71c, 0xe71c, 0xef1c, 0xef1c, 0xeefc, 0xeefc,
  0xeefd, 0xef1d, 0xef1d, 0xe71c, 0xe6fb, 0xf6dc, 0xeedc, 0xeedc, 0xe71c, 0xe71c, 0xf67a, 0xf67a, 0xd514, 0xab4e, 0xcc73, 0xcc73,
  0xef1c, 0xf71c, 0xe71c, 0xe71c, 0xe71c, 0xef1c, 0xe71c, 0xe6fc, 0xe6fc, 0xeefb, 0xe6db, 0xeefb, 0xe6bb, 0xe6bb, 0xe6ba, 0xdeba,
  0xde9a, 0xde99, 0xde99, 0xde79, 0xd678, 0xd678, 0xd658, 0xd637, 0xce37, 0xce16, 0xcdf5, 0xcdd5, 0xc5d5, 0xc5b4, 0xce37, 0xffff,
  0x738e, 0x0000, 0x0020, 0x0000, 0x0000, 0x0000, 0x0000, 0x0000, 0x0000, 0x0000, 0x0000, 0x0000, 0x0000, 0x0000, 0x0000, 0x0000,
  0x0000, 0x0000, 0x0000, 0x0000, 0x0000, 0x0000, 0x0000, 0x0000, 0x0000, 0x0000, 0x0000, 0x0000, 0x0000, 0x0000, 0x0000, 0x0000,
  0x0000, 0x0000, 0x0000, 0x0000, 0x0000, 0x0000, 0x0000, 0x0000, 0x0000, 0x0000, 0x0000, 0x0000, 0x0000, 0x0000, 0x0000, 0x0000,
  0x0000, 0x0000, 0x0000, 0x0000, 0x0000, 0x0000, 0x0000, 0x0861, 0xbdf7, 0xef3c, 0xc5d6, 0xc5b4, 0xc5d4, 0xcdd5, 0xcdf5, 0xce15,
  0xce16, 0xce17, 0xce37, 0xd658, 0xd678, 0xd637, 0xd638, 0xde79, 0xdeba, 0xe6da, 0xe6ba, 0xee9a, 0xddf8, 0xc4d4, 0xccf4, 0xee39,
  0xd5d7, 0xeefb, 0xeeba, 0xeedb, 0xeedb, 0xe6db, 0xe6db, 0xe6fc, 0xe6fc, 0xe6fc, 0xe6fc, 0xe6fc, 0xe6fb, 0xe6fb, 0xe6fb, 0xe6fb,
  0xe6fb, 0xe6fb, 0xe6fb, 0xe6fb, 0xe6fc, 0xe6db, 0xe6db, 0xdeba, 0xdeba, 0xce38, 0xce38, 0xeefb, 0xe6fb, 0xd638, 0xef1c, 0xe71b,
  0xe6fb, 0xe6fb, 0xf71c, 0xeefc, 0xfebb, 0xb411, 0xf73d, 0xe73c, 0xeefc, 0xf71c, 0xe597, 0xdefc, 0xe71c, 0xe71c, 0xe6fc, 0xd639,
  0xeefc, 0xe71c, 0xe6fc, 0xe71c, 0xf71c, 0xd659, 0xef1c, 0xe71c, 0xef1c, 0xef1c, 0xeefc, 0xc596, 0xe6bb, 0xf71c, 0xddd8, 0xef3d,
  0xe71c, 0xe71c, 0xe71c, 0xe71c, 0xe71c, 0xef1c, 0xe71c, 0xef1c, 0xef1c, 0xd639, 0xddf8, 0xe6bb, 0xc555, 0xddf8, 0xf73d, 0xe71c,
  0xe73d, 0xe71c, 0xe71c, 0xef1c, 0xe71c, 0xe71d, 0xe71d, 0xe71c, 0xe71c, 0xef1c, 0xef1c, 0xeefc, 0xeefc, 0xeefd, 0xef1d, 0xef1d,
  0xe71c, 0xe71c, 0xe6fb, 0xeedc, 0xeedc, 0xe71c, 0xe71c, 0xf67a, 0xf67a, 0xd514, 0xab4e, 0xcc73, 0xbb6f, 0xf63a, 0xef1c, 0xe71c,
  0xe71d, 0xeefc, 0xeefc, 0xe6fb, 0xe6fb, 0xeefc, 0xe6db, 0xe6db, 0xe6db, 0xe6ba, 0xe6da, 0xdeba, 0xdeba, 0xde99, 0xde99, 0xde78,
  0xde78, 0xd658, 0xd637, 0xd637, 0xce16, 0xcdf6, 0xcdf5, 0xc5d5, 0xc5b4, 0xc5b4, 0xdeb9, 0xdefb, 0x18e3, 0x0000, 0x0000, 0x0000,
  0x0000, 0x0000, 0x0000, 0x0000, 0x0000, 0x0000, 0x0000, 0x0000, 0x0000, 0x0000, 0x0000, 0x0000, 0x0000, 0x0000, 0x0000, 0x0000,
  0x0000, 0x0000, 0x0000, 0x0000, 0x0000, 0x0000, 0x0000, 0x0000, 0x0000, 0x0000, 0x0000, 0x0000, 0x0000, 0x0000, 0x0000, 0x0000,
  0x0000, 0x0000, 0x0000, 0x0000, 0x0000, 0x0000, 0x0000, 0x0000, 0x0000, 0x0000, 0x0000, 0x0000, 0x0000, 0x0000, 0x0000, 0x0000,
  0x0000, 0x0000, 0x0000, 0x0000, 0x4a49, 0xf77d, 0xd658, 0xc5b4, 0xc5b4, 0xc5b5, 0xcdd5, 0xce15, 0xce16, 0xce37, 0xce37, 0xd637,
  0xce37, 0xd658, 0xde99, 0xde99, 0xdeb9, 0xdeba, 0xdeda, 0xe6da, 0xeedb, 0xf6bb, 0xd5d7, 0xbcb3, 0xeeba, 0xeeba, 0xeedb, 0xfedb,
  0xe6db, 0xe6db, 0xe6fc, 0xe6fc, 0xe6fc, 0xe6fc, 0xe71c, 0xe6fb, 0xe6fb, 0xe6fb, 0xe6fb, 0xe6fb, 0xe6fb, 0xe6fb, 0xe6fb, 0xe6fc,
  0xdedb, 0xe6db, 0xdeba, 0xdeba, 0xce38, 0xce38, 0xeefb, 0xeefb, 0xe6fb, 0xdeba, 0xe6fb, 0xe6fb, 0xe6fb, 0xe6fc, 0xf6fd, 0xf63a,
  0xe619, 0xddd8, 0xe73c, 0xe73c, 0xeefc, 0xd597, 0xfefd, 0xdefc, 0xe71c, 0xe71c, 0xe6fc, 0xd639, 0xe71c, 0xe71c, 0xe6fc, 0xe71c,
  0xf71c, 0xd659, 0xef1c, 0xe71c, 0xef1c, 0xef1c, 0xeefc, 0xeedb, 0xe6bb, 0xf71c, 0xddd8, 0xde59, 0xe71c, 0xe71c, 0xe71c, 0xe71c,
  0xe71c, 0xe71c, 0xe71c, 0xe71c, 0xeefc, 0xe6db, 0xeefc, 0xddf8, 0xe6bb, 0xde18, 0xf71d, 0xe71c, 0xe73d, 0xe71c, 0xe71c, 0xe71c,
  0xef1c, 0xe71c, 0xe71d, 0xe71d, 0xe71c, 0xe71c, 0xef1c, 0xef1c, 0xeefc, 0xeefc, 0xeefd, 0xeefc, 0xef1d, 0xe71c, 0xe71c, 0xe6fb,
  0xf6dc, 0xeedc, 0xe71c, 0xe71c, 0xef3c, 0xf67a, 0xd514, 0xd514, 0xab4e, 0xcc73, 0xff1d, 0xe6fc, 0xe71d, 0xe6fc, 0xeefc, 0xe6fc,
  0xeefb, 0xe6fc, 0xe6db, 0xe6db, 0xe6bb, 0xe6ba, 0xe6ba, 0xdeba, 0xdeb9, 0xde99, 0xde79, 0xd678, 0xd678, 0xd657, 0xd637, 0xce17,
  0xce16, 0xcdf5, 0xcdd5, 0xc5d5, 0xbdb4, 0xc5d5, 0xf79d, 0x94b2, 0x0000, 0x0020, 0x0000, 0x0000, 0x0000, 0x0000, 0x0000, 0x0000,
  0x0000, 0x0000, 0x0000, 0x0000, 0x0000, 0x0000, 0x0000, 0x0000, 0x0000, 0x0000, 0x0000, 0x0000, 0x0000, 0x0000, 0x0000, 0x0000,
  0x0000, 0x0000, 0x0000, 0x0000, 0x0000, 0x0000, 0x0000, 0x0000, 0x0000, 0x0000, 0x0000, 0x0000, 0x0000, 0x0000, 0x0000, 0x0000,
  0x0000, 0x0000, 0x0000, 0x0000, 0x0000, 0x0000, 0x0000, 0x0000, 0x0000, 0x0000, 0x0000, 0x0000, 0x0000, 0x0000, 0x0000, 0x0000,
  0x10a2, 0xe71b, 0xe6fa, 0xc5d5, 0xc594, 0xc5b5, 0xc5d5, 0xcdf5, 0xce16, 0xce17, 0xce37, 0xce37, 0xd637, 0xde78, 0xde79, 0xde99,
  0xdeba, 0xd6ba, 0xdeda, 0xdeda, 0xe6ba, 0xe6db, 0xeefb, 0xeeba, 0xd536, 0xeedb, 0xe6db, 0xe6db, 0xdedb, 0xe6fc, 0xe6fc, 0xe6fc,
  0xe6fc, 0xe71c, 0xe6fb, 0xe6fb, 0xe6fb, 0xe6fb, 0xe6fb, 0xe6fb, 0xe6fb, 0xe6fb, 0xe6fc, 0xe6fc, 0xe6db, 0xdeba, 0xd679, 0xce38,
  0xe6db, 0xce38, 0xeefb, 0xe6fb, 0xd638, 0xef1c, 0xe71b, 0xe6fb, 0xe6fb, 0xf6fd, 0xeefc, 0xfebb, 0xb411, 0xf73d, 0xe73c, 0xeefc,
  0xf71c, 0xabd0, 0xfefd, 0xe71c, 0xe71c, 0xe71c, 0xe6fc, 0xd639, 0xe71c, 0xe71c, 0xe6fc, 0xe71c, 0xf71c, 0xd659, 0xef1c, 0xe71c,
  0xef1c, 0xef1c, 0xef1c, 0xeedb, 0xe6bb, 0xf71c, 0xd5b7, 0xde59, 0xef3d, 0xe71c, 0xe71c, 0xe71c, 0xe71c, 0xe71c, 0xef1c, 0xe71c,
  0xef1c, 0xef1c, 0xe6db, 0xddf8, 0xcd97, 0xc555, 0xddf8, 0xf73d, 0xe71c, 0xe73d, 0xe71c, 0xe71c, 0xe71c, 0xef1c, 0xe71c, 0xe71d,
  0xe71c, 0xe71c, 0xe71c, 0xef1c, 0xef1c, 0xeefc, 0xeefc, 0xeefd, 0xeefc, 0xef1d, 0xe71c, 0xe71c, 0xe6fb, 0xf6dc, 0xeedc, 0xe71d,
  0xe71c, 0xe71c, 0xf67a, 0xf73c, 0xd514, 0xab4e, 0xedf9, 0xf73d, 0xe71c, 0xe71c, 0xe71c, 0xe6fc, 0xe6fb, 0xe6db, 0xe6db, 0xe6db,
  0xe6db, 0xe6da, 0xdeba, 0xdeba, 0xdeb9, 0xde99, 0xde79, 0xd678, 0xd658, 0xd637, 0xd617, 0xce16, 0xcdf6, 0xcdf5, 0xc5d5, 0xc5d5,
  0xbd94, 0xd677, 0xffdd, 0x4a49, 0x0000, 0x0000, 0x0000, 0x0000, 0x0000, 0x0000, 0x0000, 0x0000, 0x0000, 0x0000, 0x0000, 0x0000,
  0x0000, 0x0000, 0x0000, 0x0000, 0x0000, 0x0000, 0x0000, 0x0000, 0x0000, 0x0000, 0x0000, 0x0000, 0x0000, 0x0000, 0x0000, 0x0000,
  0x0000, 0x0000, 0x0000, 0x0000, 0x0000, 0x0000, 0x0000, 0x0000, 0x0000, 0x0000, 0x0000, 0x0000, 0x0000, 0x0000, 0x0000, 0x0000,
  0x0000, 0x0000, 0x0000, 0x0000, 0x0000, 0x0000, 0x0000, 0x0000, 0x0000, 0x0000, 0x0000, 0x0000, 0x0000, 0x7bce, 0xf77c, 0xce17,
  0xbd94, 0xc5b5, 0xc5d5, 0xc5f5, 0xce16, 0xce16, 0xce17, 0xce37, 0xd658, 0xd658, 0xd678, 0xde99, 0xde99, 0xde9a, 0xdeba, 0xdeba,
  0xdeda, 0xdeda, 0xe6da, 0xeedb, 0xfedb, 0xf67a, 0xe6db, 0xe6fc, 0xe6fc, 0xe6fc, 0xe6fc, 0xe6fc, 0xe71c, 0xe6fb, 0xe6fb, 0xe6fb,
  0xe6fb, 0xe6fb, 0xe6fb, 0xe6fb, 0xe6fb, 0xe6fc, 0xe6fc, 0xe6db, 0xdeba, 0xd679, 0xdeba, 0xe6db, 0xce38, 0xeefb, 0xe6fb, 0xd638,
  0xef1c, 0xe71b, 0xe6fb, 0xe6fb, 0xf71c, 0xf6fd, 0xf63a, 0xe619, 0xddd8, 0xe6db, 0xe73c, 0xeefc, 0xf71c, 0xe597, 0xfefd, 0xe71c,
  0xe71c, 0xe71c, 0xeefc, 0xd639, 0xe71c, 0xe71c, 0xe6fc, 0xe71c, 0xf71c, 0xd659, 0xef1c, 0xe71c, 0xef1c, 0xef1c, 0xef1c, 0xeedb,
  0xe6bb, 0xef3c, 0xd5b7, 0xddd8, 0xef3d, 0xe71c, 0xe71c, 0xe71c, 0xe71c, 0xe71c, 0xef1c, 0xe71c, 0xe71c, 0xeefc, 0xe6db, 0xd639,
  0xddf8, 0xe6bb, 0xc555, 0xddf8, 0xf73d, 0xe71c, 0xe73d, 0xe71c, 0xe71c, 0xef1c, 0xef1c, 0xe71c, 0xe71d, 0xe71c, 0xe71c, 0xe71c,
  0xef1c, 0xef1c, 0xeefc, 0xeefc, 0xeefd, 0xeefd, 0xef1d, 0xe71c, 0xe71c, 0xe6fb, 0xf6dc, 0xeedc, 0xeedc, 0xe71c, 0xdf1b, 0xef3c,
  0xf67a, 0xbb90, 0xccb4, 0xff1c, 0xe6fb, 0xe71c, 0xe71c, 0xe6fc, 0xe6fb, 0xe6db, 0xe6db, 0xe6bb, 0xe6db, 0xe6ba, 0xdeba, 0xdeba,
  0xde99, 0xd699, 0xd678, 0xd678, 0xd658, 0xd637, 0xce17, 0xce16, 0xcdf6, 0xcdd5, 0xc5d5, 0xc5b4, 0xbdb4, 0xef5c, 0xb5b5, 0x0000,
  0x0000, 0x0000, 0x0000, 0x0000, 0x0000, 0x0000, 0x0000, 0x0000, 0x0000, 0x0000, 0x0000, 0x0000, 0x0000, 0x0000, 0x0000, 0x0000,
  0x0000, 0x0000, 0x0000, 0x0000, 0x0000, 0x0000, 0x0000, 0x0000, 0x0000, 0x0000, 0x0000, 0x0000, 0x0000, 0x0000, 0x0000, 0x0000,
  0x0000, 0x0000, 0x0000, 0x0000, 0x0000, 0x0000, 0x0000, 0x0000, 0x0000, 0x0000, 0x0000, 0x0000, 0x0000, 0x0000, 0x0000, 0x0000,
  0x0000, 0x0000, 0x0000, 0x0000, 0x0000, 0x0000, 0x0000, 0x0000, 0x0000, 0x3186, 0xf7be, 0xd679, 0xc5b5, 0xc5b4, 0xc5d5, 0xc5f5,
  0xce15, 0xce16, 0xce17, 0xd637, 0xd658, 0xd658, 0xd658, 0xd679, 0xde79, 0xde79, 0xde9a, 0xe6ba, 0xe6ba, 0xe6da, 0xe6db, 0xe6db,
  0xe6db, 0xeefc, 0xe6fc, 0xe6fc, 0xe6fc, 0xe6fc, 0xe6fc, 0xe6fb, 0xe6fb, 0xe6fb, 0xe6fb, 0xe6fb, 0xe6fb, 0xe6fb, 0xe6fb, 0xe6fb,
  0xe6fc, 0xe6fc, 0xe6db, 0xdeba, 0xdeba, 0xdeba, 0xce38, 0xce38, 0xeefb, 0xe6db, 0xd638, 0xdeba, 0xef1c, 0xe71b, 0xe6fb, 0xe6fc,
  0xf6fd, 0xf63a, 0xfebb, 0xb411, 0xf73d, 0xe73c, 0xe73c, 0xf71c, 0xd597, 0xe597, 0xdefc, 0xe71c, 0xe71c, 0xe6fc, 0xeefc, 0xeefc,
  0xe71c, 0xe71c, 0xe6fc, 0xe71c, 0xf71c, 0xd659, 0xef1c, 0xe71c, 0xef1c, 0xef1c, 0xef1c, 0xeedb, 0xc596, 0xef3c, 0xf71c, 0xddd8,
  0xef3d, 0xe71c, 0xe71c, 0xe71c, 0xe71c, 0xe71c, 0xe71c, 0xef1c, 0xe71c, 0xef1c, 0xeefc, 0xe6db, 0xeefc, 0xcd97, 0xc555, 0xddf8,
  0xf71d, 0xf73d, 0xe71d, 0xe73d, 0xe71c, 0xe71c, 0xef1c, 0xe71c, 0xe71c, 0xe71d, 0xe71c, 0xe71c, 0xe71c, 0xef1c, 0xef1c, 0xeefc,
  0xeefc, 0xeefd, 0xeefd, 0xef1d, 0xef1d, 0xe71c, 0xe6fb, 0xe6fb, 0xeedc, 0xeedc, 0xef1c, 0xe71c, 0xfefc, 0xd453, 0xbbb0, 0xf6bb,
  0xef1c, 0xe71c, 0xe6fc, 0xe6fb, 0xe6fb, 0xe6db, 0xe6db, 0xe6db, 0xe6ba, 0xdeba, 0xde9a, 0xde99, 0xd699, 0xd679, 0xd658, 0xd658,
  0xd657, 0xd637, 0xce17, 0xcdf6, 0xcdf5, 0xc5d5, 0xc5b5, 0xbd94, 0xce37, 0xf7bd, 0x9cd2, 0x0000, 0x0020, 0x0000, 0x0000, 0x0000,
  0x0000, 0x0000, 0x0000, 0x0000, 0x0000, 0x0000, 0x0000, 0x0000, 0x0000, 0x0000, 0x0000, 0x0000, 0x0000, 0x0000, 0x0000, 0x0000,
  0x0000, 0x0000, 0x0000, 0x0000, 0x0000, 0x0000, 0x0000, 0x0000, 0x0000, 0x0000, 0x0000, 0x0000, 0x0000, 0x0000, 0x0000, 0x0000,
  0x0000, 0x0000, 0x0000, 0x0000, 0x0000, 0x0000, 0x0000, 0x0000, 0x0000, 0x0000, 0x0000, 0x0000, 0x0000, 0x0000, 0x0000, 0x0000,
  0x0000, 0x0000, 0x0000, 0x0000, 0x0000, 0x18e3, 0xce99, 0xe6fb, 0xce16, 0xbdb4, 0xc5b5, 0xc5d5, 0xc5f5, 0xcdf6, 0xce16, 0xce37,
  0xd637, 0xd658, 0xd658, 0xd679, 0xde79, 0xde79, 0xde99, 0xde9a, 0xe6ba, 0xdeda, 0xdeda, 0xdedb, 0xdedb, 0xe6fc, 0xeefc, 0xe6fc,
  0xe6fc, 0xe6fc, 0xe6fb, 0xe6fb, 0xe6fb, 0xe6fb, 0xe6fb, 0xe6fb, 0xe6fb, 0xe6fb, 0xe6fb, 0xe6fc, 0xe6fc, 0xe6db, 0xdeba, 0xdeba,
  0xdeba, 0xce38, 0xce38, 0xeefb, 0xeefb, 0xe6fb, 0xdeba, 0xef1c, 0xe71b, 0xe6fb, 0xe6fb, 0xf71c, 0xf6fd, 0xf63a, 0xe619, 0xddd8,
  0xe6db, 0xe73c, 0xeefc, 0xf71c, 0xabd0, 0xfefd, 0xdefc, 0xe71c, 0xe71c, 0xe6fc, 0xeefc, 0xeefc, 0xe71c, 0xe71c, 0xe6fc, 0xe71c,
  0xf71c, 0xd659, 0xef1c, 0xe71c, 0xef1c, 0xef1c, 0xef1c, 0xeefc, 0xc596, 0xef3c, 0xf71c, 0xddd8, 0xde59, 0xe71c, 0xe71c, 0xe71c,
  0xe71c, 0xe71c, 0xe71c, 0xef1c, 0xe71c, 0xe71c, 0xeefc, 0xe6db, 0xd639, 0xddf8, 0xe6bb, 0xc555, 0xddf8, 0xf71d, 0xe71c, 0xe73d,
  0xe71c, 0xe71c, 0xe71c, 0xef1c, 0xe71c, 0xe71c, 0xe71d, 0xe71c, 0xe71c, 0xe71c, 0xef1c, 0xef1c, 0xeefc, 0xeefc, 0xeefd, 0xeefd,
  0xef1d, 0xef1d, 0xe71c, 0xe71c, 0xe6fb, 0xef1c, 0xeedc, 0xe71d, 0xf71c, 0xe515, 0xb34e, 0xe5d8, 0xef1c, 0xe6fc, 0xe6dc, 0xe6fb,
  0xe6fb, 0xe6db, 0xe6bb, 0xe6bb, 0xdeba, 0xdeba, 0xde9a, 0xde99, 0xd699, 0xd679, 0xd658, 0xd658, 0xd637, 0xd617, 0xce16, 0xcdf6,
  0xcdd5, 0xc5d5, 0xc5b4, 0xbd94, 0xe71b, 0xbdf6, 0x1082, 0x0000, 0x0000, 0x0000, 0x0000, 0x0000, 0x0000, 0x0000, 0x0000, 0x0000,
  0x0000, 0x0000, 0x0000, 0x0000, 0x0000, 0x0000, 0x0000, 0x0000, 0x0000, 0x0000, 0x0000, 0x0000, 0x0000, 0x0000, 0x0000, 0x0000,
  0x0000, 0x0000, 0x0000, 0x0000, 0x0000, 0x0000, 0x0000, 0x0000, 0x0000, 0x0000, 0x0000, 0x0000, 0x0000, 0x0000, 0x0000, 0x0000,
  0x0000, 0x0000, 0x0000, 0x0000, 0x0000, 0x0000, 0x0000, 0x0000, 0x0000, 0x0000, 0x0000, 0x0000, 0x0000, 0x0000, 0x0000, 0x0000,
  0x0000, 0x0000, 0x4a69, 0xffff, 0xce58, 0xbdd4, 0xc5b4, 0xc5d5, 0xc5f5, 0xc5f6, 0xce16, 0xce17, 0xd637, 0xd638, 0xd658, 0xd658,
  0xd679, 0xde79, 0xde99, 0xdeba, 0xdeba, 0xdeda, 0xdefa, 0xdedb, 0xeedc, 0xe6fc, 0xe6fc, 0xe6fc, 0xe71c, 0xe6fb, 0xe6fb, 0xe6fb,
  0xe6fb, 0xe6fb, 0xe6fb, 0xe6fb, 0xe6fb, 0xe6fb, 0xe6fc, 0xe6fc, 0xe6db, 0xde9a, 0xdeba, 0xdeba, 0xce38, 0xe6db, 0xce38, 0xeefb,
  0xe6fb, 0xd638, 0xef1c, 0xe71b, 0xe6fb, 0xe6fb, 0xe6fc, 0xf6fd, 0xf63a, 0xfebb, 0xb411, 0xddd8, 0xe73c, 0xe73c, 0xeefc, 0xd597,
  0xe597, 0xfefd, 0xe71c, 0xe71c, 0xe71c, 0xe6fc, 0xd639, 0xeefc, 0xe71c, 0xe71c, 0xe6fc, 0xe6fc, 0xf71c, 0xd659, 0xef1c, 0xe71c,
  0xe71c, 0xef1c, 0xef1c, 0xeefc, 0xc596, 0xe6bb, 0xf71c, 0xd5b7, 0xde59, 0xef3d, 0xe71c, 0xe71c, 0xe71c, 0xe71c, 0xe71c, 0xe71c,
  0xe71c, 0xe71c, 0xef1c, 0xeefc, 0xe6db, 0xeefc, 0xddf8, 0xe6bb, 0xc555, 0xddf8, 0xf73d, 0xe71c, 0xe73d, 0xe71c, 0xe71c, 0xe71c,
  0xef1c, 0xe71c, 0xe71d, 0xe71d, 0xe71c, 0xe71c, 0xe71c, 0xef1c, 0xef1c, 0xeefc, 0xeefc, 0xeefd, 0xeefd, 0xef1d, 0xef1d, 0xe71c,
  0xe75c, 0xe6fb, 0xf6dc, 0xe71d, 0xef3d, 0xed97, 0xb34e, 0xd535, 0xf6fc, 0xe6db, 0xeedb, 0xe6db, 0xdedb, 0xe6bb, 0xe6bb, 0xdeba,
  0xdeba, 0xde9a, 0xde99, 0xde79, 0xd679, 0xd678, 0xd658, 0xd658, 0xd637, 0xce17, 0xcdf6, 0xcdf6, 0xcdd5, 0xc5b5, 0xbd94, 0xc5f6,
  0xf79d, 0xc617, 0x0000, 0x0000, 0x0000, 0x0000, 0x0000, 0x0000, 0x0000, 0x0000, 0x0000, 0x0000, 0x0000, 0x0000, 0x0000, 0x0000,
  0x0000, 0x0000, 0x0000, 0x0000, 0x0000, 0x0000, 0x0000, 0x0000, 0x0000, 0x0000, 0x0000, 0x0000, 0x0000, 0x0000, 0x0000, 0x0000,
  0x0000, 0x0000, 0x0000, 0x0000, 0x0000, 0x0000, 0x0000, 0x0000, 0x0000, 0x0000, 0x0000, 0x0000, 0x0000, 0x0000, 0x0000, 0x0000,
  0x0000, 0x0000, 0x0000, 0x0000, 0x0000, 0x0000, 0x0000, 0x0000, 0x0000, 0x0000, 0x0000, 0x0000, 0x0000, 0x0000, 0x18c3, 0xc638,
  0xe71b, 0xc5f6, 0xbd94, 0xc5b5, 0xcdd5, 0xcdd5, 0xcdf6, 0xce16, 0xd637, 0xd637, 0xd638, 0xd658, 0xd679, 0xde79, 0xde99, 0xdeba,
  0xdeba, 0xdeba, 0xdeda, 0xdedb, 0xe6db, 0xe6db, 0xe6fc, 0xe71c, 0xe71c, 0xe6fb, 0xe6fb, 0xe6fb, 0xe6fb, 0xe6fb, 0xe6fb, 0xe6fb,
  0xe6fb, 0xe6fc, 0xe6fc, 0xe6db, 0xde9a, 0xdeba, 0xdeba, 0xce38, 0xe6db, 0xce38, 0xeefb, 0xe6fb, 0xd638, 0xdeba, 0xef1c, 0xe71b,
  0xe6fb, 0xe6fb, 0xf71c, 0xf6fd, 0xf63a, 0xe619, 0xddd8, 0xf73d, 0xe73c, 0xe73c, 0xf71c, 0xd597, 0xe597, 0xdefc, 0xe71c, 0xe71c,
  0xe71c, 0xe6fc, 0xd639, 0xeefc, 0xe71c, 0xe71c, 0xe6fc, 0xe6fc, 0xf71c, 0xd659, 0xef1c, 0xe71c, 0xe71c, 0xef1c, 0xef1c, 0xeefc,
  0xc596, 0xe6bb, 0xf71c, 0xd5b7, 0xddd8, 0xef3d, 0xe71c, 0xe71c, 0xe71c, 0xe71c, 0xe71c, 0xe71c, 0xef1c, 0xe71c, 0xe71c, 0xeefc,
  0xe6db, 0xd639, 0xddf8, 0xcd97, 0xc555, 0xddf8, 0xf71d, 0xf73d, 0xe71c, 0xe73d, 0xe71c, 0xe71c, 0xe71c, 0xef1c, 0xe71c, 0xe71d,
  0xe71d, 0xe71c, 0xe71c, 0xe71c, 0xef1c, 0xef1c, 0xeefc, 0xeefc, 0xeefd, 0xeefd, 0xef1d, 0xf71d, 0xe71c, 0xe71c, 0xef1d, 0xe71c,
  0xef3d, 0xedb7, 0xc38f, 0xcc32, 0xf6db, 0xeefb, 0xe6db, 0xe6db, 0xdedb, 0xe6db, 0xdebb, 0xdeba, 0xde9a, 0xde9a, 0xde79, 0xde79,
  0xde79, 0xd658, 0xd658, 0xd637, 0xd617, 0xce16, 0xcdf6, 0xcdd5, 0xc5b4, 0xc5b5, 0xbdb5, 0xd699, 0xf7be, 0x630b, 0x0000, 0x0000,
  0x0000, 0x0000, 0x0000, 0x0000, 0x0000, 0x0000, 0x0000, 0x0000, 0x0000, 0x0000, 0x0000, 0x0000, 0x0000, 0x0000, 0x0000, 0x0000,
  0x0000, 0x0000, 0x0000, 0x0000, 0x0000, 0x0000, 0x0000, 0x0000, 0x0000, 0x0000, 0x0000, 0x0000, 0x0000, 0x0000, 0x0000, 0x0000,
  0x0000, 0x0000, 0x0000, 0x0000, 0x0000, 0x0000, 0x0000, 0x0000, 0x0000, 0x0000, 0x0000, 0x0000, 0x0000, 0x0000, 0x0000, 0x0000,
  0x0000, 0x0000, 0x0000, 0x0000, 0x0000, 0x0000, 0x0000, 0x0000, 0x0000, 0x0000, 0x0000, 0x39e7, 0xef5c, 0xce58, 0xbd95, 0xc594,
  0xcdb5, 0xcdd5, 0xcdf6, 0xcdf6, 0xd616, 0xd637, 0xd637, 0xd658, 0xd678, 0xde79, 0xde99, 0xde99, 0xde9a, 0xdeba, 0xdeba, 0xdedb,
  0xdedb, 0xe6db, 0xe6fb, 0xe6fb, 0xe6fb, 0xe71c, 0xe6fb, 0xe6fb, 0xe6fb, 0xe6fb, 0xe6fb, 0xe6fb, 0xe6fc, 0xe6fc, 0xe6db, 0xe6db,
  0xdeba, 0xd679, 0xdeba, 0xe6db, 0xce38, 0xeefb, 0xeefb, 0xe6fb, 0xdeba, 0xef1c, 0xe71b, 0xe6fb, 0xe6fb, 0xe6fc, 0xf6fd, 0xf63a,
  0xfebb, 0xb411, 0xddd8, 0xe6db, 0xe73c, 0xeefc, 0xf71c, 0xabd0, 0xfefd, 0xdefc, 0xe71c, 0xe71c, 0xe71c, 0xeefc, 0xd639, 0xe71c,
  0xe71c, 0xe6fc, 0xe6fc, 0xe6fc, 0xf71c, 0xd659, 0xef1c, 0xe71c, 0xe71c, 0xef1c, 0xef1c, 0xeefc, 0xeedb, 0xe6bb, 0xef3c, 0xd5b7,
  0xddd8, 0xde59, 0xe71c, 0xe71c, 0xe71c, 0xe71c, 0xe71c, 0xe71c, 0xef1c, 0xe71c, 0xe71c, 0xef1c, 0xeefc, 0xe6db, 0xeefc, 0xddf8,
  0xe6bb, 0xc555, 0xddf8, 0xf71d, 0xe71c, 0xe73d, 0xe73d, 0xe71c, 0xe71c, 0xef1c, 0xef1c, 0xe71c, 0xe71d, 0xe71d, 0xe71c, 0xe71c,
  0xe71c, 0xef1c, 0xef1c, 0xeefc, 0xeefc, 0xeefd, 0xf71d, 0xeefc, 0xef1d, 0xe71c, 0xdf3c, 0xe71c, 0xf71d, 0xe597, 0xc36f, 0xcc11,
  0xee59, 0xeefb, 0xe6db, 0xe6da, 0xdedb, 0xdedb, 0xdebb, 0xdeba, 0xde9a, 0xde99, 0xde79, 0xde79, 0xde78, 0xd658, 0xd637, 0xd637,
  0xd617, 0xcdf6, 0xcdd6, 0xcdb5, 0xc5b4, 0xc595, 0xc5f6, 0xf79d, 0xad75, 0x0000, 0x0000, 0x0000, 0x0000, 0x0000, 0x0000, 0x0000,
  0x0000, 0x0000, 0x0000, 0x0000, 0x0000, 0x0000, 0x0000, 0x0000, 0x0000, 0x0000, 0x0000, 0x0000, 0x0000, 0x0000, 0x0000, 0x0000,
  0x0000, 0x0000, 0x0000, 0x0000, 0x0000, 0x0000, 0x0000, 0x0000, 0x0000, 0x0000, 0x0000, 0x0000, 0x0000, 0x0000, 0x0000, 0x0000,
  0x0000, 0x0000, 0x0000, 0x0000, 0x0000, 0x0000, 0x0000, 0x0000, 0x0000, 0x0000, 0x0000, 0x0000, 0x0000, 0x0000, 0x0000, 0x0000,
  0x0000, 0x0000, 0x0000, 0x0000, 0x0000, 0x0000, 0x0000, 0x0000, 0xce79, 0xe6fb, 0xcdf7, 0xbd74, 0xc5b4, 0xcdd5, 0xcdd5, 0xcdf6,
  0xce16, 0xd617, 0xd637, 0xd658, 0xd658, 0xd678, 0xde79, 0xde99, 0xde99, 0xdeba, 0xdeba, 0xdeda, 0xdedb, 0xe6db, 0xe6db, 0xe6fb,
  0xe6fb, 0xe6fb, 0xe6fb, 0xe6fb, 0xe6fb, 0xe6fb, 0xe6fb, 0xe6fc, 0xe6fc, 0xe6db, 0xe6db, 0xdeba, 0xd679, 0xdeba, 0xce38, 0xce38,
  0xeefb, 0xeefb, 0xe6fb, 0xd638, 0xef1c, 0xe6fb, 0xe6fb, 0xe6fb, 0xe6fb, 0xf71c, 0xf6fd, 0xf63a, 0xe619, 0xddd8, 0xf73d, 0xe73c,
  0xe73c, 0xeefc, 0xd597, 0xe597, 0xfefd, 0xe71c, 0xe71c, 0xe71c, 0xe6fc, 0xeefc, 0xd639, 0xe71c, 0xe71c, 0xe6fc, 0xe6fc, 0xe6fc,
  0xf71c, 0xd659, 0xef1c, 0xe71c, 0xe71c, 0xef1c, 0xef1c, 0xeefc, 0xeedb, 0xe6bb, 0xef3c, 0xf71c, 0xddd8, 0xde59, 0xef3d, 0xe71c,
  0xe71c, 0xe71c, 0xe71c, 0xe71c, 0xe71c, 0xef1c, 0xe71c, 0xe71c, 0xeefc, 0xe6db, 0xd639, 0xddf8, 0xcd97, 0xe6bb, 0xde18, 0xddf8,
  0xf73d, 0xe71c, 0xe73d, 0xe73d, 0xe71c, 0xe71c, 0xef1c, 0xef1c, 0xe71c, 0xe71d, 0xe71d, 0xe71c, 0xe71c, 0xe71c, 0xef1c, 0xef1c,
  0xeefc, 0xfefc, 0xeedc, 0xeefd, 0xef1c, 0xe71c, 0xe71c, 0xef1c, 0xf6fc, 0xdd15, 0xc38f, 0xcbd1, 0xe5d7, 0xeefb, 0xe6da, 0xe6da,
  0xdeda, 0xdedb, 0xdeba, 0xdeba, 0xde9a, 0xde79, 0xde79, 0xd678, 0xd658, 0xd658, 0xd637, 0xd617, 0xce16, 0xcdf6, 0xcdd5, 0xcdd5,
  0xc5b4, 0xc5b5, 0xdeba, 0xf79d, 0x31a6, 0x0000, 0x0000, 0x0000, 0x0000, 0x0000, 0x0000, 0x0000, 0x0000, 0x0000, 0x0000, 0x0000,
  0x0000, 0x0000, 0x0000, 0x0000, 0x0000, 0x0000, 0x0000, 0x0000, 0x0000, 0x0000, 0x0000, 0x0000, 0x0000, 0x0000, 0x0000, 0x0000,
  0x0000, 0x0000, 0x0000, 0x0000, 0x0000, 0x0000, 0x0000, 0x0000, 0x0000, 0x0000, 0x0000, 0x0000, 0x0000, 0x0000, 0x0000, 0x0000,
  0x0000, 0x0000, 0x0000, 0x0000, 0x0000, 0x0000, 0x0000, 0x0000, 0x0000, 0x0000, 0x0000, 0x0000, 0x0000, 0x0000, 0x0000, 0x0000,
  0x0000, 0x0000, 0x0000, 0x0000, 0x7bce, 0xf79d, 0xd658, 0xc5b5, 0xc5b5, 0xc5b4, 0xcdd5, 0xcdf5, 0xcdf6, 0xce16, 0xd637, 0xd657,
  0xd658, 0xd658, 0xd678, 0xde99, 0xde99, 0xdeba, 0xdeba, 0xdeda, 0xdeba, 0xdedb, 0xe6db, 0xe6db, 0xe6fb, 0xe6fb, 0xe6fb, 0xe6fb,
  0xe6fb, 0xe6fb, 0xe6fc, 0xe6fc, 0xe6db, 0xe6db, 0xdeba, 0xd679, 0xdeba, 0xce38, 0xce38, 0xce38, 0xeefb, 0xe6fb, 0xd638, 0xdeba,
  0xef1c, 0xe71b, 0xe6fb, 0xe6fb, 0xf71c, 0xf6fd, 0xf63a, 0xfebb, 0xb411, 0xddd8, 0xe6db, 0xe73c, 0xeefc, 0xf71c, 0xd597, 0xe597,
  0xdefc, 0xe71c, 0xe71c, 0xe71c, 0xe6fc, 0xeefc, 0xeefc, 0xe71c, 0xe71c, 0xe6fc, 0xe6fc, 0xe6fc, 0xf71c, 0xd659, 0xef1c, 0xe71c,
  0xe71c, 0xef1c, 0xef1c, 0xef1c, 0xeedb, 0xc596, 0xef3c, 0xf71c, 0xd5b7, 0xde59, 0xef3d, 0xe71c, 0xe71c, 0xe71c, 0xe71c, 0xe71c,
  0xe71c, 0xef1c, 0xe71c, 0xe71c, 0xef1c, 0xeefc, 0xe6db, 0xd639, 0xddf8, 0xe6bb, 0xc555, 0xddf8, 0xf71d, 0xf73d, 0xe71c, 0xe73d,
  0xe71c, 0xe71c, 0xe71c, 0xef1c, 0xef1c, 0xe71c, 0xe71d, 0xe71d, 0xe71c, 0xe71c, 0xe71c, 0xef1c, 0xf6fc, 0xeefc, 0xeefc, 0xeefc,
  0xef1c, 0xe71c, 0xe71c, 0xeefc, 0xf6bb, 0xcc93, 0xd3f1, 0xc3b0, 0xe5d8, 0xeefb, 0xe6ba, 0xe6ba, 0xdeda, 0xdeba, 0xdeba, 0xde9a,
  0xde99, 0xde79, 0xd679, 0xd658, 0xd658, 0xd637, 0xd617, 0xce16, 0xcdf6, 0xcdd6, 0xcdd5, 0xc5b5, 0xc595, 0xc5f6, 0xf79d, 0x738e,
  0x0000, 0x0000, 0x0000, 0x0000, 0x0000, 0x0000, 0x0000, 0x0000, 0x0000, 0x0000, 0x0000, 0x0000, 0x0000, 0x0000, 0x0000, 0x0000,
  0x0000, 0x0000, 0x0000, 0x0000, 0x0000, 0x0000, 0x0000, 0x0000, 0x0000, 0x0000, 0x0000, 0x0000, 0x0000, 0x0000, 0x0000, 0x0000,
  0x0000, 0x0000, 0x0000, 0x0000, 0x0000, 0x0000, 0x0000, 0x0000, 0x0000, 0x0000, 0x0000, 0x0000, 0x0000, 0x0000, 0x0000, 0x0000,
  0x0000, 0x0000, 0x0000, 0x0000, 0x0000, 0x0000, 0x0000, 0x0000, 0x0000, 0x0000, 0x0000, 0x0000, 0x0000, 0x0000, 0x0000, 0x0000,
  0x1082, 0xdeda, 0xe6fb, 0xc5f6, 0xc595, 0xc594, 0xcdd5, 0xcdd5, 0xcdf5, 0xce16, 0xd636, 0xd637, 0xd657, 0xd658, 0xd658, 0xd678,
  0xd699, 0xde99, 0xdeb9, 0xdeba, 0xdeba, 0xdedb, 0xe6db, 0xe6db, 0xe6fb, 0xe6fb, 0xe6fb, 0xe6fc, 0xe6fb, 0xe6fc, 0xe6fc, 0xe6db,
  0xe6db, 0xdeba, 0xdeba, 0xdeba, 0xce38, 0xe6db, 0xce38, 0xeefb, 0xe6db, 0xe6fb, 0xdeba, 0xef1c, 0xe71b, 0xe6fb, 0xe6fb, 0xe6fc,
  0xf6fd, 0xeefc, 0xfebb, 0xe619, 0xddd8, 0xf73d, 0xe73c, 0xe73c, 0xeefc, 0xf71c, 0xabd0, 0xfefd, 0xdefc, 0xe71c, 0xe71c, 0xe71c,
  0xe6fc, 0xd639, 0xeefc, 0xe71c, 0xe71c, 0xe6fc, 0xe71c, 0xe6fc, 0xf71c, 0xd659, 0xef1c, 0xe71c, 0xe71c, 0xef1c, 0xef1c, 0xef1c,
  0xeedb, 0xc596, 0xe6bb, 0xf71c, 0xd5b7, 0xddd8, 0xef3d, 0xe71c, 0xe71c, 0xe71c, 0xe71c, 0xe71c, 0xe71c, 0xe71c, 0xef1c, 0xe71c,
  0xe71c, 0xef1c, 0xef1c, 0xe6db, 0xeefc, 0xddf8, 0xe6bb, 0xc555, 0xddf8, 0xf71d, 0xe71c, 0xe71d, 0xe73d, 0xe71c, 0xe71c, 0xe71c,
  0xef1c, 0xe71c, 0xe71c, 0xe71d, 0xe71d, 0xe71c, 0xe71c, 0xeefc, 0xe71c, 0xef1c, 0xe71c, 0xe71c, 0xe71c, 0xe71c, 0xef1c, 0xf71c,
  0xe5f8, 0xcc93, 0xd411, 0xc3d0, 0xddd7, 0xeefb, 0xe6ba, 0xe6da, 0xdeda, 0xdeba, 0xdeba, 0xde99, 0xde99, 0xd679, 0xd658, 0xd658,
  0xd658, 0xd637, 0xce17, 0xcdf6, 0xcdf6, 0xcdd5, 0xc5b5, 0xc5b5, 0xbd95, 0xdeba, 0xef3c, 0x10a2, 0x0000, 0x0000, 0x0000, 0x0000,
  0x0000, 0x0000, 0x0000, 0x0000, 0x0000, 0x0000, 0x0000, 0x0000, 0x0000, 0x0000, 0x0000, 0x0000, 0x0000, 0x0000, 0x0000, 0x0000,
  0x0000, 0x0000, 0x0000, 0x0000, 0x0000, 0x0000, 0x0000, 0x0000, 0x0000, 0x0000, 0x0000, 0x0000, 0x0000, 0x0000, 0x0000, 0x0000,
  0x0000, 0x0000, 0x0000, 0x0000, 0x0000, 0x0000, 0x0000, 0x0000, 0x0000, 0x0000, 0x0000, 0x0000, 0x0000, 0x0000, 0x0000, 0x0000,
  0x0000, 0x0000, 0x0000, 0x0000, 0x0000, 0x0000, 0x0000, 0x0000, 0x0000, 0x0000, 0x0000, 0x0020, 0x0000, 0x73ae, 0xf79e, 0xd678,
  0xbdb5, 0xc5b4, 0xc5b4, 0xcdd5, 0xcdd5, 0xcdf5, 0xce16, 0xd637, 0xd637, 0xd657, 0xd658, 0xd678, 0xd678, 0xd699, 0xde99, 0xdeba,
  0xdeba, 0xdeba, 0xe6db, 0xe6db, 0xe6db, 0xe6fb, 0xe6fb, 0xe6fb, 0xe6fb, 0xe6fc, 0xe6db, 0xe6db, 0xdeba, 0xdeba, 0xdeba, 0xce38,
  0xe6db, 0xce38, 0xeefb, 0xeefb, 0xe6fb, 0xd638, 0xef1c, 0xe6fb, 0xe71b, 0xe6fb, 0xe6fb, 0xf71c, 0xf6fd, 0xf63a, 0xfebb, 0xb411,
  0xddd8, 0xe6db, 0xe73c, 0xe73c, 0xf71c, 0xd597, 0xe597, 0xfefd, 0xdefc, 0xe71c, 0xe71c, 0xe71c, 0xe6fc, 0xd639, 0xeefc, 0xe71c,
  0xe71c, 0xe6fc, 0xe71c, 0xe6fc, 0xf71c, 0xd659, 0xef1c, 0xe71c, 0xe71c, 0xef1c, 0xef1c, 0xef1c, 0xeedb, 0xc596, 0xe6bb, 0xf71c,
  0xd5b7, 0xddd8, 0xde59, 0xe71c, 0xe71c, 0xe71c, 0xe71c, 0xe71c, 0xe71c, 0xe71c, 0xef1c, 0xe71c, 0xe71c, 0xef1c, 0xeefc, 0xe6db,
  0xd639, 0xddf8, 0xcd97, 0xc555, 0xde18, 0xddf8, 0xf73d, 0xe71c, 0xe73d, 0xe73d, 0xe71c, 0xe71c, 0xe71c, 0xef1c, 0xe71c, 0xe71c,
  0xe71d, 0xe71d, 0xe71c, 0xe71c, 0xe71c, 0xef1c, 0xe71c, 0xe71c, 0xef1c, 0xe6fb, 0xef1c, 0xf6bb, 0xccf5, 0xdcf5, 0xcbf0, 0xc3d0,
  0xddd7, 0xe6fb, 0xe6ba, 0xe6ba, 0xdeda, 0xdeba, 0xde9a, 0xde99, 0xd679, 0xd678, 0xd658, 0xd658, 0xd657, 0xd637, 0xce16, 0xcdf6,
  0xcdf5, 0xcdd5, 0xc5b4, 0xbd95, 0xce17, 0xf77d, 0xad75, 0x0020, 0x0000, 0x0000, 0x0000, 0x0000, 0x0000, 0x0000, 0x0000, 0x0000,
  0x0000, 0x0000, 0x0000, 0x0000, 0x0000, 0x0000, 0x0000, 0x0000, 0x0000, 0x0000, 0x0000, 0x0000, 0x0000, 0x0000, 0x0000, 0x0000,
  0x0000, 0x0000, 0x0000, 0x0000, 0x0000, 0x0000, 0x0000, 0x0000, 0x0000, 0x0000, 0x0000, 0x0000, 0x0000, 0x0000, 0x0000, 0x0000,
  0x0000, 0x0000, 0x0000, 0x0000, 0x0000, 0x0000, 0x0000, 0x0000, 0x0000, 0x0000, 0x0000, 0x0000, 0x0000, 0x0000, 0x0000, 0x0000,
  0x0000, 0x0000, 0x0000, 0x0000, 0x0000, 0x0000, 0x0000, 0x0000, 0x0000, 0x10a2, 0xdeba, 0xef1b, 0xce17, 0xc5b4, 0xc5b4, 0xc5b4,
  0xc5d5, 0xcdf5, 0xce16, 0xce36, 0xd637, 0xd657, 0xd658, 0xd678, 0xd678, 0xd699, 0xd6b9, 0xdeba, 0xdeba, 0xdeba, 0xdedb, 0xdedb,
  0xdedb, 0xe6db, 0xe6fb, 0xe6fc, 0xe6fc, 0xdedb, 0xe6db, 0xdeba, 0xdeba, 0xdeba, 0xce38, 0xe6db, 0xce38, 0xeefb, 0xeefb, 0xe6fb,
  0xd638, 0xdeba, 0xef1c, 0xe71b, 0xe6fb, 0xe6fb, 0xe6fc, 0xf6fd, 0xeefc, 0xfebb, 0xe619, 0xddd8, 0xf73d, 0xe73c, 0xe73c, 0xeefc,
  0xf71c, 0xd597, 0xe597, 0xfefd, 0xe71c, 0xe71c, 0xe71c, 0xe71c, 0xeefc, 0xd639, 0xeefc, 0xe71c, 0xe71c, 0xe6fc, 0xe71c, 0xe6fc,
  0xf71c, 0xd659, 0xef1c, 0xe71c, 0xe71c, 0xef1c, 0xef1c, 0xef1c, 0xeefc, 0xc596, 0xe6bb, 0xef3c, 0xd5b7, 0xddd8, 0xde59, 0xef3d,
  0xe71c, 0xe71c, 0xe71c, 0xe71c, 0xe71c, 0xe71c, 0xe71c, 0xef1c, 0xe71c, 0xe71c, 0xef1c, 0xef1c, 0xe6db, 0xeefc, 0xddf8, 0xe6bb,
  0xc555, 0xddf8, 0xf71d, 0xf73d, 0xe71c, 0xe73d, 0xe73d, 0xe71c, 0xe71c, 0xe71c, 0xef1c, 0xe71c, 0xe71c, 0xe71d, 0xe71d, 0xe71c,
  0xef1c, 0xeefc, 0xe71c, 0xe71c, 0xe71c, 0xef1c, 0xeefc, 0xd596, 0xe5b8, 0xd4b3, 0xc3af, 0xcbf1, 0xe5d7, 0xe6db, 0xdeba, 0xdeba,
  0xdeba, 0xdeb9, 0xde99, 0xd699, 0xd678, 0xd658, 0xd658, 0xd657, 0xd637, 0xce16, 0xcdf6, 0xcdf5, 0xcdf5, 0xcdd5, 0xc594, 0xc5b5,
  0xdeba, 0xffff, 0x6b2c, 0x0000, 0x0020, 0x0000, 0x0000, 0x0000, 0x0000, 0x0000, 0x0000, 0x0000, 0x0000, 0x0000, 0x0000, 0x0000,
  0x0000, 0x0000, 0x0000, 0x0000, 0x0000, 0x0000, 0x0000, 0x0000, 0x0000, 0x0000, 0x0000, 0x0000, 0x0000, 0x0000, 0x0000, 0x0000,
  0x0000, 0x0000, 0x0000, 0x0000, 0x0000, 0x0000, 0x0000, 0x0000, 0x0000, 0x0000, 0x0000, 0x0000, 0x0000, 0x0000, 0x0000, 0x0000,
  0x0000, 0x0000, 0x0000, 0x0000, 0x0000, 0x0000, 0x0000, 0x0000, 0x0000, 0x0000, 0x0000, 0x0000, 0x0000, 0x0000, 0x0000, 0x0000,
  0x0000, 0x0000, 0x0000, 0x0000, 0x0000, 0x0000, 0x3186, 0xdeba, 0xdeba, 0xc5d5, 0xbd94, 0xc5b4, 0xc5d5, 0xcdf5, 0xcdf5, 0xce16,
  0xce37, 0xd637, 0xd657, 0xd658, 0xd678, 0xde79, 0xde99, 0xde99, 0xde9a, 0xdeba, 0xdeba, 0xdedb, 0xe6db, 0xe6db, 0xe6db, 0xe6fb,
  0xe6fc, 0xe6db, 0xde9a, 0xe71c, 0xd679, 0xdeba, 0xce38, 0xce38, 0xeefb, 0xeefb, 0xe6fb, 0xe6fb, 0xdeba, 0xef1c, 0xe71b, 0xe6fb,
  0xe6fb, 0xe6fb, 0xf71c, 0xf6fd, 0xf63a, 0xfebb, 0xb411, 0xddd8, 0xf73d, 0xe73c, 0xe73c, 0xeefc, 0xf71c, 0xabd0, 0xfefd, 0xdefc,
  0xe71c, 0xe71c, 0xe71c, 0xe6fc, 0xeefc, 0xd639, 0xe71c, 0xe71c, 0xe71c, 0xe6fc, 0xe71c, 0xe6fc, 0xf71c, 0xd659, 0xef1c, 0xe71c,
  0xe71c, 0xef1c, 0xef1c, 0xef1c, 0xeefc, 0xeedb, 0xe6bb, 0xef3c, 0xf71c, 0xddd8, 0xde59, 0xef3d, 0xe71c, 0xe71c, 0xe71c, 0xe71c,
  0xe71c, 0xe71c, 0xe71c, 0xef1c, 0xe71c, 0xe71c, 0xef1c, 0xeefc, 0xe6db, 0xd639, 0xddf8, 0xcd97, 0xe6bb, 0xc555, 0xddf8, 0xf71d,
  0xe71c, 0xe71c, 0xe73d, 0xe71c, 0xe71c, 0xe71c, 0xef1c, 0xef1c, 0xe71c, 0xe71d, 0xe71d, 0xeefc, 0xeefc, 0xf71c, 0xef3c, 0xef1c,
  0xef1c, 0xe69a, 0xc5b6, 0xddd8, 0xfe5a, 0xc411, 0xcc11, 0xcc11, 0xe618, 0xe6da, 0xdeba, 0xde9a, 0xdeba, 0xde99, 0xde99, 0xd679,
  0xd678, 0xd658, 0xd658, 0xd637, 0xce36, 0xce16, 0xcdf5, 0xcdf5, 0xc5d5, 0xc5b5, 0xc594, 0xce37, 0xffbe, 0x8c71, 0x0000, 0x0000,
  0x0000, 0x0000, 0x0000, 0x0000, 0x0000, 0x0000, 0x0000, 0x0000, 0x0000, 0x0000, 0x0000, 0x0000, 0x0000, 0x0000, 0x0000, 0x0000,
  0x0000, 0x0000, 0x0000, 0x0000, 0x0000, 0x0000, 0x0000, 0x0000, 0x0000, 0x0000, 0x0000, 0x0000, 0x0000, 0x0000, 0x0000, 0x0000,
  0x0000, 0x0000, 0x0000, 0x0000, 0x0000, 0x0000, 0x0000, 0x0000, 0x0000, 0x0000, 0x0000, 0x0000, 0x0000, 0x0000, 0x0000, 0x0000,
  0x0000, 0x0000, 0x0000, 0x0000, 0x0000, 0x0000, 0x0000, 0x0000, 0x0000, 0x0000, 0x0000, 0x0000, 0x0000, 0x0000, 0x0000, 0x0000,
  0x0000, 0x0020, 0x0000, 0xad55, 0xef7d, 0xd658, 0xbd94, 0xc5b4, 0xcdd4, 0xcdd4, 0xcdf5, 0xce16, 0xd617, 0xd617, 0xd637, 0xd637,
  0xde58, 0xde78, 0xde79, 0xde79, 0xde99, 0xde9a, 0xde9a, 0xdeba, 0xe6db, 0xe6db, 0xe6db, 0xe6db, 0xe6db, 0xeefb, 0xdeba, 0xd679,
  0xeefb, 0xce38, 0xce38, 0xce38, 0xeefb, 0xe6db, 0xe6fb, 0xd638, 0xef1c, 0xe6fb, 0xe71b, 0xe6fb, 0xe6fb, 0xe6fc, 0xf6fd, 0xeefc,
  0xfebb, 0xfebb, 0xb411, 0xddd8, 0xe6db, 0xe73c, 0xeefc, 0xf71c, 0xd597, 0xe597, 0xfefd, 0xdefc, 0xe71c, 0xe71c, 0xe71c, 0xe6fc,
  0xeefc, 0xd639, 0xe71c, 0xe71c, 0xe71c, 0xe6fc, 0xe71c, 0xe6fc, 0xde7a, 0xd659, 0xef1c, 0xeefc, 0xe71c, 0xef1c, 0xef1c, 0xef1c,
  0xeefc, 0xeedb, 0xe6bb, 0xef3c, 0xf71c, 0xd5b7, 0xddd8, 0xef3d, 0xe71c, 0xe71c, 0xe71c, 0xe71c, 0xe71c, 0xe71c, 0xe71c, 0xef1c,
  0xe71c, 0xe71c, 0xef1c, 0xef1c, 0xef1c, 0xe6db, 0xeefc, 0xddf8, 0xe6bb, 0xc555, 0xde18, 0xddf8, 0xf73d, 0xe71c, 0xe71d, 0xe73d,
  0xe71c, 0xe71c, 0xe71c, 0xe71c, 0xef1c, 0xe71c, 0xe73c, 0xef1c, 0xf6fc, 0xe67a, 0xce38, 0xcdd7, 0xd5d7, 0xcdb6, 0xde38, 0xff3c,
  0xdd15, 0xc411, 0xdcd4, 0xc452, 0xee9a, 0xdeda, 0xdeba, 0xde99, 0xde99, 0xde79, 0xde79, 0xd659, 0xd658, 0xd638, 0xd638, 0xce37,
  0xce36, 0xce16, 0xcdf5, 0xcdd5, 0xc5d5, 0xbd94, 0xc5f6, 0xe71b, 0xd69a, 0x1082, 0x0000, 0x0000, 0x0000, 0x0000, 0x0000, 0x0000,
  0x0000, 0x0000, 0x0000, 0x0000, 0x0000, 0x0000, 0x0000, 0x0000, 0x0000, 0x0000, 0x0000, 0x0000, 0x0000, 0x0000, 0x0000, 0x0000,
  0x0000, 0x0000, 0x0000, 0x0000, 0x0000, 0x0000, 0x0000, 0x0000, 0x0000, 0x0000, 0x0000, 0x0000, 0x0000, 0x0000, 0x0000, 0x0000,
  0x0000, 0x0000, 0x0000, 0x0000, 0x0000, 0x0000, 0x0000, 0x0000, 0x0000, 0x0000, 0x0000, 0x0000, 0x0000, 0x0000, 0x0000, 0x0000,
  0x0000, 0x0000, 0x0000, 0x0000, 0x0000, 0x0000, 0x0000, 0x0000, 0x0000, 0x0000, 0x0000, 0x0000, 0x0000, 0x0000, 0x0000, 0x2945,
  0xe71b, 0xe6fa, 0xce16, 0xbd94, 0xc5b4, 0xc5d4, 0xcdd5, 0xcdf6, 0xce16, 0xce16, 0xd617, 0xd637, 0xd658, 0xde58, 0xde58, 0xde79,
  0xde99, 0xde99, 0xde99, 0xde9a, 0xe6ba, 0xe6db, 0xe6bb, 0xe6db, 0xe6db, 0xe6db, 0xef1c, 0xdeba, 0xce38, 0xdeba, 0xce38, 0xeefb,
  0xeefb, 0xe6fb, 0xd638, 0xdeba, 0xef1c, 0xe71b, 0xe6fb, 0xe6fb, 0xe6fb, 0xf71c, 0xf6fd, 0xf63a, 0xfebb, 0xb411, 0xddd8, 0xf73d,
  0xe73c, 0xe73c, 0xeefc, 0xf71c, 0xd597, 0xe597, 0xfefd, 0xdf3c, 0xe71c, 0xe71c, 0xe71c, 0xe6fc, 0xeefc, 0xeefc, 0xe71c, 0xe71c,
  0xe71c, 0xe6fc, 0xe71c, 0xe6fc, 0xde7a, 0xd659, 0xef1c, 0xeefc, 0xe71c, 0xef1c, 0xef1c, 0xef1c, 0xeefc, 0xeedb, 0xc596, 0xef3c,
  0xf71c, 0xd5b7, 0xddd8, 0xde59, 0xe71c, 0xe71c, 0xe71c, 0xe71c, 0xe71c, 0xe71c, 0xe71c, 0xe71c, 0xef1c, 0xe71c, 0xe71c, 0xef1c,
  0xeefc, 0xe6db, 0xd639, 0xddf8, 0xddf8, 0xe6bb, 0xc555, 0xddf8, 0xf71d, 0xf73d, 0xe71c, 0xe73d, 0xe73d, 0xe71c, 0xe71c, 0xe71c,
  0xef1c, 0xe71c, 0xe71c, 0xef1c, 0xcdb7, 0xcdf8, 0xd679, 0xd659, 0xe69a, 0xf6db, 0xfefb, 0xee38, 0xb410, 0xed56, 0xdcd4, 0xc472,
  0xf69a, 0xdeba, 0xde99, 0xde79, 0xde79, 0xde79, 0xd679, 0xd658, 0xd638, 0xd637, 0xce37, 0xce17, 0xce16, 0xcdf5, 0xcdd5, 0xc5d4,
  0xc5b4, 0xbd94, 0xde99, 0xffbe, 0x39e8, 0x0000, 0x0000, 0x0000, 0x0000, 0x0000, 0x0000, 0x0000, 0x0000, 0x0000, 0x0000, 0x0000,
  0x0000, 0x0000, 0x0000, 0x0000, 0x0000, 0x0000, 0x0000, 0x0000, 0x0000, 0x0000, 0x0000, 0x0000, 0x0000, 0x0000, 0x0000, 0x0000,
  0x0000, 0x0000, 0x0000, 0x0000, 0x0000, 0x0000, 0x0000, 0x0000, 0x0000, 0x0000, 0x0000, 0x0000, 0x0000, 0x0000, 0x0000, 0x0000,
  0x0000, 0x0000, 0x0000, 0x0000, 0x0000, 0x0000, 0x0000, 0x0000, 0x0000, 0x0000, 0x0000, 0x0000, 0x0000, 0x0000, 0x0000, 0x0000,
  0x0000, 0x0000, 0x0000, 0x0000, 0x0000, 0x0000, 0x0000, 0x0000, 0x0000, 0x0000, 0x0000, 0x0000, 0x6b6d, 0xf77d, 0xde99, 0xc5d5,
  0xc5b4, 0xc5b4, 0xc5d5, 0xcdf5, 0xcdf6, 0xcdf6, 0xce16, 0xd617, 0xd637, 0xd658, 0xde58, 0xde78, 0xde99, 0xde99, 0xde99, 0xde99,
  0xde9a, 0xe6ba, 0xe6ba, 0xde9a, 0xde9a, 0xde9a, 0xe6db, 0xeefb, 0xe6db, 0xce38, 0xd659, 0xd639, 0xe6fb, 0xd638, 0xdeba, 0xef1c,
  0xe71b, 0xe71b, 0xe6fb, 0xe6fb, 0xe6fc, 0xf6fd, 0xeefc, 0xfebb, 0xfebb, 0xb411, 0xddd8, 0xe6db, 0xe73c, 0xe73c, 0xeefc, 0xf71c,
  0xabd0, 0xfefd, 0xdefc, 0xe71c, 0xe71c, 0xe71c, 0xe71c, 0xe6fc, 0xd639, 0xeefc, 0xe71c, 0xe71c, 0xe6fc, 0xe6fc, 0xe71c, 0xe6fc,
  0xde7a, 0xd659, 0xef1c, 0xeefc, 0xe71c, 0xef1c, 0xef1c, 0xef1c, 0xeefc, 0xeedb, 0xc596, 0xe6bb, 0xf71c, 0xd5b7, 0xddd8, 0xde59,
  0xef3d, 0xe71c, 0xe71c, 0xe71c, 0xe71c, 0xe71c, 0xe71c, 0xe71c, 0xef1c, 0xe71c, 0xe71c, 0xef1c, 0xef1c, 0xef1c, 0xe6db, 0xeefc,
  0xddf8, 0xcd97, 0xc555, 0xc555, 0xddf8, 0xf71d, 0xf73d, 0xe71c, 0xe71c, 0xe71c, 0xe71c, 0xe71c, 0xef1c, 0xe71c, 0xef3c, 0xd659,
  0xd639, 0xf73d, 0xe71b, 0xef3c, 0xeefb, 0xf6db, 0xfebb, 0xbc92, 0xcd35, 0xfe39, 0xc431, 0xc493, 0xee59, 0xe6ba, 0xde99, 0xde79,
  0xde59, 0xd659, 0xd658, 0xd638, 0xd637, 0xce37, 0xce17, 0xce17, 0xcdf6, 0xcdf5, 0xc5d4, 0xc5d4, 0xbd93, 0xce37, 0xf79d, 0x8410,
  0x0000, 0x0020, 0x0000, 0x0000, 0x0000, 0x0000, 0x0000, 0x0000, 0x0000, 0x0000, 0x0000, 0x0000, 0x0000, 0x0000, 0x0000, 0x0000,
  0x0000, 0x0000, 0x0000, 0x0000, 0x0000, 0x0000, 0x0000, 0x0000, 0x0000, 0x0000, 0x0000, 0x0000, 0x0000, 0x0000, 0x0000, 0x0000,
  0x0000, 0x0000, 0x0000, 0x0000, 0x0000, 0x0000, 0x0000, 0x0000, 0x0000, 0x0000, 0x0000, 0x0000, 0x0000, 0x0000, 0x0000, 0x0000,
  0x0000, 0x0000, 0x0000, 0x0000, 0x0000, 0x0000, 0x0000, 0x0000, 0x0000, 0x0000, 0x0000, 0x0000, 0x0000, 0x0000, 0x0000, 0x0000,
  0x0000, 0x0000, 0x0000, 0x0000, 0x0000, 0x0000, 0x0000, 0x0000, 0x0000, 0xbdd6, 0xef5c, 0xce37, 0xbdb4, 0xc5b4, 0xc5d5, 0xc5d5,
  0xcdf5, 0xcdf6, 0xce16, 0xd616, 0xd637, 0xd637, 0xd658, 0xd658, 0xd678, 0xde79, 0xde99, 0xde99, 0xde79, 0xde9a, 0xde9a, 0xde9a,
  0xe6bb, 0xdeba, 0xd679, 0xe6bb, 0xef1c, 0xeefb, 0xeefb, 0xe6db, 0xf71c, 0xd638, 0xef1c, 0xef1c, 0xe71b, 0xe6fb, 0xe6fb, 0xe6fc,
  0xf71c, 0xf6fd, 0xf63a, 0xfebb, 0xb411, 0xddd8, 0xf73d, 0xe73c, 0xe73c, 0xeefc, 0xf71c, 0xd597, 0xe597, 0xfefd, 0xdefc, 0xe71c,
  0xe71c, 0xe71c, 0xe6fc, 0xeefc, 0xd639, 0xeefc, 0xe71c, 0xe71c, 0xe6fc, 0xe6fc, 0xe71c, 0xe6fc, 0xde7a, 0xd659, 0xef1c, 0xeefc,
  0xe71c, 0xef1c, 0xef1c, 0xef1c, 0xeefc, 0xeedb, 0xc596, 0xe6bb, 0xef3c, 0xf71c, 0xddd8, 0xde59, 0xef3d, 0xe71c, 0xe71c, 0xe71c,
  0xe71c, 0xe71c, 0xe71c, 0xe71c, 0xe71c, 0xef1c, 0xe71c, 0xe71c, 0xef1c, 0xeefc, 0xe6db, 0xd639, 0xeefc, 0xddf8, 0xe6bb, 0xc555,
  0xddf8, 0xddf8, 0xf73d, 0xef3d, 0xe71d, 0xe73d, 0xe71c, 0xe71c, 0xef1c, 0xef1c, 0xeefc, 0xcdf8, 0xef1c, 0xe6db, 0xe6fb, 0xe6db,
  0xeefb, 0xf6bb, 0xc4f4, 0xbc52, 0xfeba, 0xedb7, 0xc431, 0xc4b3, 0xe659, 0xe699, 0xde99, 0xde79, 0xde59, 0xd658, 0xd658, 0xd638,
  0xce37, 0xce17, 0xce16, 0xcdf6, 0xcdf6, 0xc5d5, 0xc5d4, 0xc5b4, 0xc5f5, 0xe71b, 0xe71b, 0x10a2, 0x0000, 0x0000, 0x0000, 0x0000,
  0x0000, 0x0000, 0x0000, 0x0000, 0x0000, 0x0000, 0x0000, 0x0000, 0x0000, 0x0000, 0x0000, 0x0000, 0x0000, 0x0000, 0x0000, 0x0000,
  0x0000, 0x0000, 0x0000, 0x0000, 0x0000, 0x0000, 0x0000, 0x0000, 0x0000, 0x0000, 0x0000, 0x0000, 0x0000, 0x0000, 0x0000, 0x0000,
  0x0000, 0x0000, 0x0000, 0x0000, 0x0000, 0x0000, 0x0000, 0x0000, 0x0000, 0x0000, 0x0000, 0x0000, 0x0000, 0x0000, 0x0000, 0x0000,
  0x0000, 0x0000, 0x0000, 0x0000, 0x0000, 0x0000, 0x0000, 0x0000, 0x0000, 0x0000, 0x0000, 0x0000, 0x0000, 0x0000, 0x0000, 0x0000,
  0x0000, 0x0000, 0x0000, 0x0000, 0x0000, 0x18e3, 0xdefb, 0xded9, 0xce16, 0xbd94, 0xc594, 0xc5d4, 0xcdf5, 0xcdf5, 0xcdf5, 0xce16,
  0xd616, 0xd637, 0xd637, 0xd658, 0xd658, 0xd678, 0xde99, 0xde99, 0xde99, 0xde9a, 0xde9a, 0xdeba, 0xe6db, 0xe6db, 0xe6ba, 0xde79,
  0xde9a, 0xe6fb, 0xe6fb, 0xe6fb, 0xd638, 0xde7a, 0xf6fc, 0xe71b, 0xe6fb, 0xe6fb, 0xe6fb, 0xf71c, 0xf6fd, 0xeefc, 0xfebb, 0xfebb,
  0xb411, 0xddd8, 0xe6db, 0xe73c, 0xe73c, 0xeefc, 0xf71c, 0xd597, 0xe597, 0xfefd, 0xdefc, 0xe71c, 0xe71c, 0xe71c, 0xe6fc, 0xeefc,
  0xd639, 0xeefc, 0xe71c, 0xe71c, 0xe6fc, 0xe6fc, 0xe71c, 0xe6fc, 0xde7a, 0xd659, 0xef1c, 0xeefc, 0xe71c, 0xef1c, 0xef1c, 0xef1c,
  0xef1c, 0xeedb, 0xc596, 0xe6bb, 0xef3c, 0xf71c, 0xd5b7, 0xddd8, 0xef3d, 0xe71c, 0xe71c, 0xe71c, 0xe71c, 0xe71c, 0xe71c, 0xe71c,
  0xe71c, 0xef1c, 0xe71c, 0xe71c, 0xef1c, 0xef1c, 0xef1c, 0xe6db, 0xd639, 0xddf8, 0xcd97, 0xe6bb, 0xc555, 0xde39, 0xcdb7, 0xf73d,
  0xe71c, 0xdf1c, 0xe71c, 0xef1c, 0xe6fc, 0xeefc, 0xe6bb, 0xd639, 0xe6fc, 0xe6fc, 0xeefc, 0xeefb, 0xeebb, 0xc514, 0xb451, 0xee19,
  0xf69a, 0xccb3, 0xcc93, 0xd555, 0xe658, 0xde99, 0xd699, 0xde59, 0xde59, 0xd658, 0xd658, 0xd637, 0xce37, 0xce17, 0xce16, 0xcdf6,
  0xcdf5, 0xc5b4, 0xc594, 0xc5b5, 0xdeb9, 0xf79d, 0x630c, 0x0000, 0x0000, 0x0000, 0x0000, 0x0000, 0x0000, 0x0000, 0x0000, 0x0000,
  0x0000, 0x0000, 0x0000, 0x0000, 0x0000, 0x0000, 0x0000, 0x0000, 0x0000, 0x0000, 0x0000, 0x0000, 0x0000, 0x0000, 0x0000, 0x0000,
  0x0000, 0x0000, 0x0000, 0x0000, 0x0000, 0x0000, 0x0000, 0x0000, 0x0000, 0x0000, 0x0000, 0x0000, 0x0000, 0x0000, 0x0000, 0x0000,
  0x0000, 0x0000, 0x0000, 0x0000, 0x0000, 0x0000, 0x0000, 0x0000, 0x0000, 0x0000, 0x0000, 0x0000, 0x0000, 0x0000, 0x0000, 0x0000,
  0x0000, 0x0000, 0x0000, 0x0000, 0x0000, 0x0000, 0x0000, 0x0000, 0x0000, 0x0000, 0x0000, 0x0000, 0x0000, 0x0000, 0x0000, 0x0000,
  0x0020, 0x0000, 0x8c71, 0xffbe, 0xde78, 0xc5d5, 0xc594, 0xc5b4, 0xc5d4, 0xcdd5, 0xcdf5, 0xcdf5, 0xce16, 0xd617, 0xd637, 0xd637,
  0xd658, 0xd658, 0xd678, 0xde99, 0xde99, 0xdeb9, 0xdeba, 0xde9a, 0xe6bb, 0xe6db, 0xe6db, 0xe6bb, 0xde9a, 0xde9a, 0xde9a, 0xd679,
  0xdeba, 0xef1c, 0xe6fb, 0xeefc, 0xe6fb, 0xe6fb, 0xe6fc, 0xf71c, 0xf6fd, 0xf63a, 0xfebb, 0xb411, 0xddd8, 0xf73d, 0xe73c, 0xe73c,
  0xe6fc, 0xeefc, 0xf71c, 0xabd0, 0xfefd, 0xdefc, 0xe71c, 0xe71c, 0xe71c, 0xe71c, 0xe6fc, 0xeefc, 0xd639, 0xeefc, 0xe71c, 0xe71c,
  0xe6fc, 0xe6fc, 0xe71c, 0xf71c, 0xde7a, 0xd659, 0xef1c, 0xeefc, 0xe71c, 0xef1c, 0xef1c, 0xef1c, 0xef1c, 0xeefc, 0xc596, 0xe6bb,
  0xef3c, 0xf71c, 0xd5b7, 0xddd8, 0xde59, 0xef3d, 0xe71c, 0xe71c, 0xe71c, 0xe71c, 0xe71c, 0xe71c, 0xe71c, 0xe71c, 0xef1c, 0xe71c,
  0xe71c, 0xef1c, 0xeefc, 0xe6db, 0xd639, 0xeefc, 0xddf8, 0xe6bb, 0xf73c, 0xde18, 0xddf8, 0xf71d, 0xe71d, 0xe73d, 0xef1c, 0xef1c,
  0xe71c, 0xef1c, 0xde7a, 0xe6bb, 0xef3c, 0xe6db, 0xeedb, 0xf6db, 0xc4f4, 0xb472, 0xe618, 0xfedb, 0xdd96, 0xbc31, 0xe576, 0xd596,
  0xe679, 0xde79, 0xd699, 0xd659, 0xde38, 0xd658, 0xd637, 0xce37, 0xce17, 0xcdf6, 0xc5f6, 0xcdf5, 0xc5d4, 0xc5b4, 0xc594, 0xd658,
  0xf75c, 0xb5b5, 0x0000, 0x0000, 0x0000, 0x0000, 0x0000, 0x0000, 0x0000, 0x0000, 0x0000, 0x0000, 0x0000, 0x0000, 0x0000, 0x0000,
  0x0000, 0x0000, 0x0000, 0x0000, 0x0000, 0x0000, 0x0000, 0x0000, 0x0000, 0x0000, 0x0000, 0x0000, 0x0000, 0x0000, 0x0000, 0x0000,
  0x0000, 0x0000, 0x0000, 0x0000, 0x0000, 0x0000, 0x0000, 0x0000, 0x0000, 0x0000, 0x0000, 0x0000, 0x0000, 0x0000, 0x0000, 0x0000,
  0x0000, 0x0000, 0x0000, 0x0000, 0x0000, 0x0000, 0x0000, 0x0000, 0x0000, 0x0000, 0x0000, 0x0000, 0x0000, 0x0000, 0x0000, 0x0000,
  0x0000, 0x0000, 0x0000, 0x0000, 0x0000, 0x0000, 0x0000, 0x0000, 0x0000, 0x0000, 0x0000, 0x0000, 0x0000, 0x0000, 0x10a2, 0xbdd6,
  0xef3b, 0xd658, 0xc5b5, 0xc5b4, 0xc5b4, 0xc5d5, 0xcdd5, 0xcdf5, 0xcdf6, 0xce16, 0xd617, 0xd637, 0xd637, 0xd658, 0xd658, 0xd678,
  0xde79, 0xde99, 0xde99, 0xdeba, 0xdeba, 0xdeba, 0xe6bb, 0xe6db, 0xe6db, 0xdeba, 0xe6ba, 0xe6fb, 0xe71b, 0xdefb, 0xe71b, 0xe6fb,
  0xe6fc, 0xef1c, 0xf71c, 0xf6fd, 0xeefc, 0xfebb, 0xfebb, 0xb411, 0xddd8, 0xe6db, 0xe73c, 0xe73c, 0xeefc, 0xf71c, 0xd597, 0xe597,
  0xfefd, 0xdefc, 0xe71c, 0xe71c, 0xe71c, 0xe71c, 0xe6fc, 0xeefc, 0xd639, 0xe71c, 0xe71c, 0xe71c, 0xe6fc, 0xe6fc, 0xe71c, 0xf71c,
  0xde7a, 0xd659, 0xef1c, 0xeefc, 0xe71c, 0xef1c, 0xef1c, 0xef1c, 0xef1c, 0xeefc, 0xeedb, 0xe6bb, 0xef3c, 0xf71c, 0xd5b7, 0xddd8,
  0xde59, 0xef3d, 0xe71c, 0xe71c, 0xe71c, 0xe71c, 0xe71c, 0xe71c, 0xe71c, 0xe71c, 0xef1c, 0xe71c, 0xe71c, 0xef1c, 0xef1c, 0xef1c,
  0xe6db, 0xd639, 0xeefc, 0xf71d, 0xe6bb, 0xc555, 0xee9b, 0xeebb, 0xdedb, 0xdedb, 0xe6bb, 0xeefc, 0xe71c, 0xe6bb, 0xde59, 0xeefc,
  0xe6fb, 0xeefc, 0xee9a, 0xbcf4, 0xb452, 0xee39, 0xf6db, 0xddd7, 0xb431, 0xe576, 0xe596, 0xddf7, 0xe679, 0xd679, 0xce78, 0xd658,
  0xde38, 0xd637, 0xce37, 0xce17, 0xce16, 0xcdf6, 0xc5f5, 0xc5d5, 0xc5d4, 0xc594, 0xce16, 0xe6fb, 0xe71b, 0x18c3, 0x0000, 0x0000,
  0x0000, 0x0000, 0x0000, 0x0000, 0x0000, 0x0000, 0x0000, 0x0000, 0x0000, 0x0000, 0x0000, 0x0000, 0x0000, 0x0000, 0x0000, 0x0000,
  0x0000, 0x0000, 0x0000, 0x0000, 0x0000, 0x0000, 0x0000, 0x0000, 0x0000, 0x0000, 0x0000, 0x0000, 0x0000, 0x0000, 0x0000, 0x0000,
  0x0000, 0x0000, 0x0000, 0x0000, 0x0000, 0x0000, 0x0000, 0x0000, 0x0000, 0x0000, 0x0000, 0x0000, 0x0000, 0x0000, 0x0000, 0x0000,
  0x0000, 0x0000, 0x0000, 0x0000, 0x0000, 0x0000, 0x0000, 0x0000, 0x0000, 0x0000, 0x0000, 0x0000, 0x0000, 0x0000, 0x0000, 0x0000,
  0x0000, 0x0000, 0x0000, 0x0000, 0x0000, 0x0000, 0x0000, 0x0000, 0x0000, 0x0000, 0x0000, 0x2104, 0xef7d, 0xdeda, 0xce37, 0xbd95,
  0xc5b5, 0xc5b4, 0xcdd5, 0xcdf5, 0xcdf5, 0xce16, 0xd616, 0xd637, 0xd638, 0xd658, 0xd658, 0xd679, 0xde79, 0xde79, 0xde79, 0xde9a,
  0xdeba, 0xe6ba, 0xe6ba, 0xe6ba, 0xe6ba, 0xe6fb, 0xe71b, 0xdefb, 0xdefb, 0xe71b, 0xe6fb, 0xe6fb, 0xe6fb, 0xe6fc, 0xe71d, 0xdf3d,
  0xf63a, 0xfebb, 0xe619, 0xddd8, 0xf73d, 0xe6db, 0xe73c, 0xe73c, 0xeefc, 0xf71c, 0xd597, 0xe597, 0xfefd, 0xdefc, 0xe71c, 0xe71c,
  0xe71c, 0xe71c, 0xe6fc, 0xd639, 0xeefc, 0xe71c, 0xe71c, 0xe71c, 0xe6fc, 0xe6fc, 0xe71c, 0xf71c, 0xde7a, 0xd659, 0xef1c, 0xeefc,
  0xe71c, 0xef1c, 0xef1c, 0xef1c, 0xef1c, 0xeefc, 0xeedb, 0xc596, 0xe6bb, 0xf71c, 0xd5b7, 0xddd8, 0xde59, 0xef3d, 0xe71c, 0xe71c,
  0xe71c, 0xe71c, 0xe71c, 0xe71c, 0xe71c, 0xe71c, 0xef1c, 0xef1c, 0xe71c, 0xe71c, 0xef1c, 0xeefc, 0xeefc, 0xf71c, 0xeefc, 0xddf8,
  0xcd97, 0xeedb, 0xf6fc, 0xeedb, 0xe6fc, 0xe6db, 0xde7a, 0xe67a, 0xde79, 0xde9a, 0xe6db, 0xeedb, 0xf6fc, 0xee5a, 0xbc72, 0xbc93,
  0xee9a, 0xfedb, 0xe5d8, 0xbc52, 0xdd56, 0xee19, 0xcd56, 0xe679, 0xde59, 0xd679, 0xd658, 0xd658, 0xd637, 0xd636, 0xd616, 0xd5f6,
  0xd5f6, 0xcdd5, 0xcdd5, 0xc5d4, 0xbd94, 0xc5f6, 0xd678, 0xfffe, 0x8c71, 0x0000, 0x0020, 0x0000, 0x0000, 0x0000, 0x0000, 0x0000,
  0x0000, 0x0000, 0x0000, 0x0000, 0x0000, 0x0000, 0x0000, 0x0000, 0x0000, 0x0000, 0x0000, 0x0000, 0x0000, 0x0000, 0x0000, 0x0000,
  0x0000, 0x0000, 0x0000, 0x0000, 0x0000, 0x0000, 0x0000, 0x0000, 0x0000, 0x0000, 0x0000, 0x0000, 0x0000, 0x0000, 0x0000, 0x0000,
  0x0000, 0x0000, 0x0000, 0x0000, 0x0000, 0x0000, 0x0000, 0x0000, 0x0000, 0x0000, 0x0000, 0x0000, 0x0000, 0x0000, 0x0000, 0x0000,
  0x0000, 0x0000, 0x0000, 0x0000, 0x0000, 0x0000, 0x0000, 0x0000, 0x0000, 0x0000, 0x0000, 0x0000, 0x0000, 0x0000, 0x0000, 0x0000,
  0x0000, 0x0000, 0x0000, 0x0000, 0x0000, 0x0000, 0x0020, 0x0000, 0x52aa, 0xef5c, 0xe6da, 0xc5d6, 0xbd94, 0xc594, 0xcdd5, 0xc5d4,
  0xcdf5, 0xcdf5, 0xd616, 0xd616, 0xd637, 0xd638, 0xd658, 0xd658, 0xd659, 0xd679, 0xde79, 0xde9a, 0xde9a, 0xd638, 0xe69a, 0xe6ba,
  0xe6ba, 0xe6db, 0xdeda, 0xe6db, 0xe6db, 0xe6fb, 0xeefb, 0xf71c, 0xf71c, 0xf71c, 0xf6fd, 0xeefc, 0xef1c, 0xf73d, 0xb411, 0xddd8,
  0xf73d, 0xe73c, 0xe73c, 0xeefc, 0xf71c, 0xd597, 0xabd0, 0xe597, 0xfefd, 0xdf3c, 0xe71c, 0xe71c, 0xe71c, 0xe6fc, 0xeefc, 0xd639,
  0xeefc, 0xe71c, 0xe71c, 0xe71c, 0xe6fc, 0xe6fc, 0xe6fc, 0xf71c, 0xde7a, 0xd659, 0xef1c, 0xeefc, 0xe71c, 0xe71c, 0xef1c, 0xef1c,
  0xef1c, 0xeefc, 0xeedb, 0xc596, 0xe6bb, 0xef3c, 0xf71c, 0xd5b7, 0xddd8, 0xef3d, 0xe71c, 0xe71c, 0xe71c, 0xe71c, 0xe71c, 0xe71c,
  0xe71c, 0xe71c, 0xe71c, 0xef1c, 0xe71c, 0xe71c, 0xef1c, 0xeefc, 0xef1c, 0xe6db, 0xd639, 0xde59, 0xeedb, 0xef3d, 0xef1c, 0xeefc,
  0xe71c, 0xe6fb, 0xef1c, 0xe6fb, 0xe6db, 0xeefb, 0xeedb, 0xf6db, 0xd576, 0xb452, 0xd535, 0xf69a, 0xf6db, 0xddd7, 0xb472, 0xd576,
  0xf67a, 0xc535, 0xd5b7, 0xe67a, 0xd658, 0xd658, 0xd658, 0xd638, 0xd637, 0xd616, 0xd5f6, 0xd5f6, 0xcdf5, 0xc5b4, 0xcdd5, 0xc5b5,
  0xbdb5, 0xd678, 0xf79d, 0x7bce, 0x0861, 0x0000, 0x0000, 0x0000, 0x0000, 0x0000, 0x0000, 0x0000, 0x0000, 0x0000, 0x0000, 0x0000,
  0x0000, 0x0000, 0x0000, 0x0000, 0x0000, 0x0000, 0x0000, 0x0000, 0x0000, 0x0000, 0x0000, 0x0000, 0x0000, 0x0000, 0x0000, 0x0000,
  0x0000, 0x0000, 0x0000, 0x0000, 0x0000, 0x0000, 0x0000, 0x0000, 0x0000, 0x0000, 0x0000, 0x0000, 0x0000, 0x0000, 0x0000, 0x0000,
  0x0000, 0x0000, 0x0000, 0x0000, 0x0000, 0x0000, 0x0000, 0x0000, 0x0000, 0x0000, 0x0000, 0x0000, 0x0000, 0x0000, 0x0000, 0x0000,
  0x0000, 0x0000, 0x0000, 0x0000, 0x0000, 0x0000, 0x0000, 0x0000, 0x0000, 0x0000, 0x0000, 0x0000, 0x0000, 0x0000, 0x0000, 0x0000,
  0x0000, 0x0000, 0x0000, 0x0000, 0x0000, 0x528a, 0xf75c, 0xdeba, 0xc5d5, 0xc594, 0xc5b4, 0xcdd5, 0xcdd5, 0xcdf5, 0xcdf5, 0xce16,
  0xce17, 0xce37, 0xd638, 0xd638, 0xd658, 0xd659, 0xde79, 0xde99, 0xd618, 0xd618, 0xcdd7, 0xe69a, 0xeebb, 0xe6ba, 0xe6ba, 0xeedb,
  0xeedb, 0xe67a, 0xddf8, 0xcd96, 0xcd76, 0xcd76, 0xd577, 0xf63a, 0xfebb, 0xe619, 0xa411, 0xc535, 0xe6db, 0xe73c, 0xe73c, 0xeefc,
  0xf71c, 0xd597, 0xe597, 0xfefd, 0xdefc, 0xe71c, 0xe71c, 0xe71c, 0xe71c, 0xe6fc, 0xeefc, 0xd639, 0xeefc, 0xe71c, 0xe71c, 0xe71c,
  0xe6fc, 0xe6fc, 0xe6fc, 0xf71c, 0xde7a, 0xd659, 0xef1c, 0xeefc, 0xe71c, 0xe71c, 0xef1c, 0xef1c, 0xef1c, 0xeefc, 0xeedb, 0xc596,
  0xe6bb, 0xef3c, 0xf71c, 0xd5b7, 0xddd8, 0xde59, 0xef3d, 0xe71c, 0xe71c, 0xe71c, 0xe71c, 0xe71c, 0xe71c, 0xe71c, 0xe71c, 0xef1c,
  0xe71c, 0xe71c, 0xe71c, 0xef1c, 0xeefc, 0xd67a, 0xe6db, 0xef1c, 0xe71c, 0xe71c, 0xe71c, 0xe71c, 0xe71c, 0xe6fc, 0xe6fb, 0xeefb,
  0xeefb, 0xfefc, 0xf67a, 0xc4d4, 0xb472, 0xddd8, 0xeedb, 0xeeba, 0xdd96, 0xb492, 0xcd96, 0xeeba, 0xde18, 0xcd76, 0xde38, 0xde59,
  0xd658, 0xd638, 0xd657, 0xd637, 0xd617, 0xcdf6, 0xcdf6, 0xcdf5, 0xcdd5, 0xcdd5, 0xc5d5, 0xbd95, 0xd638, 0xf79d, 0xad75, 0x0000,
  0x0000, 0x0000, 0x0000, 0x0000, 0x0000, 0x0000, 0x0000, 0x0000, 0x0000, 0x0000, 0x0000, 0x0000, 0x0000, 0x0000, 0x0000, 0x0000,
  0x0000, 0x0000, 0x0000, 0x0000, 0x0000, 0x0000, 0x0000, 0x0000, 0x0000, 0x0000, 0x0000, 0x0000, 0x0000, 0x0000, 0x0000, 0x0000,
  0x0000, 0x0000, 0x0000, 0x0000, 0x0000, 0x0000, 0x0000, 0x0000, 0x0000, 0x0000, 0x0000, 0x0000, 0x0000, 0x0000, 0x0000, 0x0000,
  0x0000, 0x0000, 0x0000, 0x0000, 0x0000, 0x0000, 0x0000, 0x0000, 0x0000, 0x0000, 0x0000, 0x0000, 0x0000, 0x0000, 0x0000, 0x0000,
  0x0000, 0x0000, 0x0000, 0x0000, 0x0000, 0x0000, 0x0000, 0x0000, 0x0000, 0x0000, 0x0000, 0x0000, 0x0000, 0x0000, 0x0000, 0x0000,
  0x0000, 0x0000, 0x7bef, 0xdefb, 0xd658, 0xc5d6, 0xbd94, 0xc5b4, 0xc5d5, 0xcdd5, 0xcdf5, 0xcdf6, 0xce16, 0xce17, 0xd637, 0xd637,
  0xd638, 0xd658, 0xd658, 0xd618, 0xde38, 0xe6ba, 0xd618, 0xcdb6, 0xe69a, 0xeeba, 0xeeba, 0xe659, 0xcd96, 0xc535, 0xcd76, 0xd576,
  0xd556, 0xd556, 0xccb3, 0xb3d0, 0xb3d0, 0xb411, 0xddd8, 0xf73d, 0xe6fc, 0xe71c, 0xe73c, 0xeefc, 0xf71c, 0xd597, 0xe597, 0xfefd,
  0xdefc, 0xe71c, 0xe71c, 0xe71c, 0xe71c, 0xe6fc, 0xeefc, 0xd639, 0xeefc, 0xe71c, 0xe71c, 0xe71c, 0xe6fc, 0xe71c, 0xe6fc, 0xf71c,
  0xde7a, 0xd659, 0xef1c, 0xeefc, 0xe71c, 0xe71c, 0xef1c, 0xef1c, 0xef1c, 0xeefc, 0xeedb, 0xc596, 0xe6bb, 0xef3c, 0xf71c, 0xd5b7,
  0xddd8, 0xde59, 0xef3d, 0xe71c, 0xe71c, 0xe71c, 0xe71c, 0xe71c, 0xe71c, 0xe71c, 0xe71c, 0xe71c, 0xef1c, 0xe71c, 0xe71c, 0xef1c,
  0xdedb, 0xe6fb, 0xef1c, 0xe71c, 0xe71c, 0xe73c, 0xe71c, 0xef3d, 0xe6fc, 0xe6fc, 0xe6fc, 0xff1c, 0xf6bb, 0xcd35, 0xb452, 0xc515,
  0xee9a, 0xeedb, 0xe6da, 0xddd7, 0xbc72, 0xdd96, 0xee9a, 0xe69a, 0xcdb6, 0xde38, 0xde38, 0xde38, 0xd658, 0xd657, 0xd637, 0xd637,
  0xce17, 0xcdf6, 0xcdd6, 0xcdd5, 0xcdd4, 0xc5b5, 0xbd95, 0xce38, 0xe6fb, 0xce38, 0x2124, 0x0000, 0x0000, 0x0000, 0x0000, 0x0000,
  0x0000, 0x0000, 0x0000, 0x0000, 0x0000, 0x0000, 0x0000, 0x0000, 0x0000, 0x0000, 0x0000, 0x0000, 0x0000, 0x0000, 0x0000, 0x0000,
  0x0000, 0x0000, 0x0000, 0x0000, 0x0000, 0x0000, 0x0000, 0x0000, 0x0000, 0x0000, 0x0000, 0x0000, 0x0000, 0x0000, 0x0000, 0x0000,
  0x0000, 0x0000, 0x0000, 0x0000, 0x0000, 0x0000, 0x0000, 0x0000, 0x0000, 0x0000, 0x0000, 0x0000, 0x0000, 0x0000, 0x0000, 0x0000,
  0x0000, 0x0000, 0x0000, 0x0000, 0x0000, 0x0000, 0x0000, 0x0000, 0x0000, 0x0000, 0x0000, 0x0000, 0x0000, 0x0000, 0x0000, 0x0000,
  0x0000, 0x0000, 0x0000, 0x0000, 0x0000, 0x0000, 0x0000, 0x0000, 0x0000, 0x0000, 0x0000, 0x0000, 0x0000, 0x0000, 0x0000, 0xdeda,
  0xef3c, 0xd658, 0xbdb5, 0xbdb4, 0xc5b4, 0xc5d5, 0xcdd5, 0xcdf6, 0xce16, 0xce16, 0xce37, 0xce37, 0xd637, 0xd638, 0xd637, 0xde38,
  0xe659, 0xde59, 0xe679, 0xd5f7, 0xc555, 0xcd55, 0xbd14, 0xbcf4, 0xddf7, 0xf69a, 0xfefb, 0xfebb, 0xee7a, 0xdd97, 0xc4b3, 0xc4b3,
  0xdd77, 0xf69b, 0xff1c, 0xe6db, 0xe73c, 0xe73c, 0xe6fc, 0xe6fb, 0xff3d, 0xabd0, 0xe597, 0xfefd, 0xdefc, 0xe71c, 0xe71c, 0xe71c,
  0xe71c, 0xe6fc, 0xeefc, 0xd639, 0xeefc, 0xe71c, 0xe71c, 0xe6fc, 0xe6fc, 0xe71c, 0xe6fc, 0xf71c, 0xde7a, 0xd659, 0xef1c, 0xeefc,
  0xe71c, 0xe71c, 0xef1c, 0xef1c, 0xef1c, 0xeefc, 0xeedb, 0xc596, 0xe6bb, 0xef3c, 0xf71c, 0xd5b7, 0xddd8, 0xde59, 0xef3d, 0xe71c,
  0xe71c, 0xe71c, 0xe71c, 0xe71c, 0xe71c, 0xe71c, 0xe71c, 0xe71c, 0xef1c, 0xe71c, 0xe71c, 0xef1c, 0xe6db, 0xe6fc, 0xe6fc, 0xe71c,
  0xe6fc, 0xef1c, 0xeefc, 0xeefb, 0xf71c, 0xf71c, 0xe67a, 0xd556, 0xb452, 0xc4b3, 0xe5f8, 0xf6db, 0xe6db, 0xe6da, 0xde38, 0xbc93,
  0xdd76, 0xf67a, 0xee79, 0xde38, 0xd5b6, 0xe659, 0xde58, 0xd638, 0xd637, 0xd637, 0xce17, 0xce16, 0xcdf6, 0xcdd6, 0xcdd5, 0xcdd5,
  0xc5b4, 0xbd94, 0xce17, 0xe6db, 0xffbe, 0x3186, 0x0000, 0x0020, 0x0000, 0x0000, 0x0000, 0x0000, 0x0000, 0x0000, 0x0000, 0x0000,
  0x0000, 0x0000, 0x0000, 0x0000, 0x0000, 0x0000, 0x0000, 0x0000, 0x0000, 0x0000, 0x0000, 0x0000, 0x0000, 0x0000, 0x0000, 0x0000,
  0x0000, 0x0000, 0x0000, 0x0000, 0x0000, 0x0000, 0x0000, 0x0000, 0x0000, 0x0000, 0x0000, 0x0000, 0x0000, 0x0000, 0x0000, 0x0000,
  0x0000, 0x0000, 0x0000, 0x0000, 0x0000, 0x0000, 0x0000, 0x0000, 0x0000, 0x0000, 0x0000, 0x0000, 0x0000, 0x0000, 0x0000, 0x0000,
  0x0000, 0x0000, 0x0000, 0x0000, 0x0000, 0x0000, 0x0000, 0x0000, 0x0000, 0x0000, 0x0000, 0x0000, 0x0000, 0x0000, 0x0000, 0x0000,
  0x0000, 0x0000, 0x0000, 0x0000, 0x0000, 0x0000, 0x0000, 0x0000, 0x0000, 0x0000, 0x0020, 0x39e7, 0xc618, 0xe71b, 0xce37, 0xbdb5,
  0xbd94, 0xc5b4, 0xcdd5, 0xcdf5, 0xcdf6, 0xcdf6, 0xce17, 0xce17, 0xce37, 0xd658, 0xd658, 0xde58, 0xde58, 0xde59, 0xe679, 0xee9a,
  0xee79, 0xd596, 0xb4b2, 0xe658, 0xf6db, 0xe679, 0xcdb6, 0xc555, 0xc554, 0xd5d7, 0xee59, 0xf6db, 0xf6fc, 0xeefc, 0xe6db, 0xe6fc,
  0xdefb, 0xe6fc, 0xeefc, 0xf71c, 0xd597, 0xa38f, 0xdd97, 0xff3d, 0xe71c, 0xe71c, 0xe71c, 0xe71c, 0xe71c, 0xe6fc, 0xeefc, 0xd639,
  0xe71c, 0xe71c, 0xe71c, 0xe6fc, 0xe6fc, 0xe71c, 0xe6fc, 0xf71c, 0xde7a, 0xd659, 0xef1c, 0xeefc, 0xe71c, 0xe71c, 0xef1c, 0xef1c,
  0xef1c, 0xef1c, 0xeefc, 0xeedb, 0xe6bb, 0xef3c, 0xf71c, 0xd5b7, 0xddd8, 0xde59, 0xde59, 0xef3d, 0xef3d, 0xe71c, 0xe71c, 0xe71c,
  0xe71c, 0xe71c, 0xe71c, 0xe71c, 0xe71c, 0xe71c, 0xef1c, 0xeefc, 0xeefc, 0xeefc, 0xeefc, 0xf71c, 0xff1c, 0xf6bb, 0xf6db, 0xf6bb,
  0xe5f8, 0xc515, 0xb492, 0xc4d4, 0xddd8, 0xfedb, 0xeebb, 0xe69a, 0xe6ba, 0xe6db, 0xcd55, 0xc535, 0xee9a, 0xe679, 0xe679, 0xd618,
  0xd5f7, 0xde58, 0xd658, 0xd637, 0xd617, 0xd617, 0xce16, 0xce16, 0xcdf6, 0xcdf6, 0xcdd5, 0xc5b5, 0xbd74, 0xce16, 0xdeba, 0xf77d,
  0x6b6d, 0x0000, 0x0000, 0x0000, 0x0000, 0x0000, 0x0000, 0x0000, 0x0000, 0x0000, 0x0000, 0x0000, 0x0000, 0x0000, 0x0000, 0x0000,
  0x0000, 0x0000, 0x0000, 0x0000, 0x0000, 0x0000, 0x0000, 0x0000, 0x0000, 0x0000, 0x0000, 0x0000, 0x0000, 0x0000, 0x0000, 0x0000,
  0x0000, 0x0000, 0x0000, 0x0000, 0x0000, 0x0000, 0x0000, 0x0000, 0x0000, 0x0000, 0x0000, 0x0000, 0x0000, 0x0000, 0x0000, 0x0000,
  0x0000, 0x0000, 0x0000, 0x0000, 0x0000, 0x0000, 0x0000, 0x0000, 0x0000, 0x0000, 0x0000, 0x0000, 0x0000, 0x0000, 0x0000, 0x0000,
  0x0000, 0x0000, 0x0000, 0x0000, 0x0000, 0x0000, 0x0000, 0x0000, 0x0000, 0x0000, 0x0000, 0x0000, 0x0000, 0x0000, 0x0000, 0x0000,
  0x0000, 0x0000, 0x0000, 0x0000, 0x0000, 0x0000, 0x0000, 0x0000, 0x39e7, 0xef3c, 0xe6da, 0xd637, 0xc5b4, 0xc5b4, 0xc5b4, 0xc5d5,
  0xc5f5, 0xcdf6, 0xce16, 0xce16, 0xce17, 0xd637, 0xd637, 0xd638, 0xde58, 0xde78, 0xd617, 0xd5d6, 0xd5d7, 0xd5d7, 0xe679, 0xeeba,
  0xcdf7, 0xbd75, 0xd638, 0xe6b9, 0xef1b, 0xeefb, 0xeedb, 0xe6db, 0xdedb, 0xdefb, 0xdf1c, 0xe6fb, 0xe6db, 0xe6fc, 0xf71c, 0xddb7,
  0xabd0, 0xe597, 0xfefd, 0xdefc, 0xe71c, 0xef1c, 0xe71c, 0xe71c, 0xe6fc, 0xeefc, 0xd639, 0xeefc, 0xe71c, 0xe71c, 0xe71c, 0xe6fc,
  0xe6fc, 0xe71c, 0xe6fc, 0xf71c, 0xde7a, 0xd659, 0xef1c, 0xeefc, 0xe71c, 0xe71c, 0xef1c, 0xef1c, 0xef1c, 0xef1c, 0xeefc, 0xeedb,
  0xc596, 0xe6bb, 0xef3c, 0xf71c, 0xd556, 0xe619, 0xde9a, 0xe73c, 0xe71c, 0xe71c, 0xe71c, 0xe71c, 0xe71c, 0xe71c, 0xe71c, 0xe71c,
  0xe71c, 0xe71c, 0xef1c, 0xef1c, 0xe6db, 0xe69a, 0xf71d, 0xee9a, 0xd576, 0xbc73, 0xb452, 0xbc72, 0xc473, 0xd535, 0xee39, 0xf6bb,
  0xeebb, 0xe6ba, 0xe6ba, 0xe6ba, 0xe6ba, 0xe639, 0xc4b3, 0xde18, 0xdeba, 0xd6b9, 0xde99, 0xde58, 0xcdd7, 0xd658, 0xce37, 0xce37,
  0xce17, 0xce16, 0xce16, 0xcdf6, 0xc5f5, 0xc5d5, 0xcdb5, 0xc595, 0xcdf7, 0xdeba, 0xffbe, 0x9cf2, 0x0000, 0x0000, 0x0000, 0x0000,
  0x0000, 0x0000, 0x0000, 0x0000, 0x0000, 0x0000, 0x0000, 0x0000, 0x0000, 0x0000, 0x0000, 0x0000, 0x0000, 0x0000, 0x0000, 0x0000,
  0x0000, 0x0000, 0x0000, 0x0000, 0x0000, 0x0000, 0x0000, 0x0000, 0x0000, 0x0000, 0x0000, 0x0000, 0x0000, 0x0000, 0x0000, 0x0000,
  0x0000, 0x0000, 0x0000, 0x0000, 0x0000, 0x0000, 0x0000, 0x0000, 0x0000, 0x0000, 0x0000, 0x0000, 0x0000, 0x0000, 0x0000, 0x0000,
  0x0000, 0x0000, 0x0000, 0x0000, 0x0000, 0x0000, 0x0000, 0x0000, 0x0000, 0x0000, 0x0000, 0x0000, 0x0000, 0x0000, 0x0000, 0x0000,
  0x0000, 0x0000, 0x0000, 0x0000, 0x0000, 0x0000, 0x0000, 0x0000, 0x0000, 0x0000, 0x0000, 0x0000, 0x0000, 0x0000, 0x0000, 0x0000,
  0x0000, 0x0000, 0x0000, 0x0020, 0x0000, 0x4228, 0xef1b, 0xde99, 0xd637, 0xc595, 0xc595, 0xc5b5, 0xc5d4, 0xcdd5, 0xcdf6, 0xcdf6,
  0xce16, 0xce16, 0xce16, 0xd637, 0xd658, 0xd617, 0xd637, 0xd637, 0xde38, 0xe679, 0xe699, 0xcdf7, 0xcdf7, 0xe69a, 0xe6ba, 0xe6da,
  0xe6da, 0xe6da, 0xe6db, 0xdefb, 0xdf1b, 0xdefb, 0xdeda, 0xe6db, 0xf6dc, 0xfefd, 0xe597, 0xa3cf, 0xee38, 0xfefc, 0xeedb, 0xdf3c,
  0xe71c, 0xe71c, 0xe71c, 0xe71c, 0xef1c, 0xef1c, 0xe69a, 0xd618, 0xf73d, 0xeefc, 0xe71c, 0xe6fc, 0xe6fc, 0xe71c, 0xe6fc, 0xf71c,
  0xde7a, 0xd659, 0xef1c, 0xeefc, 0xe71c, 0xe71c, 0xef1c, 0xef1c, 0xef1c, 0xef1c, 0xef1c, 0xef1d, 0xe6bb, 0xbd76, 0xeefc, 0xf6fc,
  0xd5b7, 0xddd8, 0xde59, 0xef3d, 0xe71c, 0xef1c, 0xef1c, 0xef1c, 0xeefc, 0xe6fc, 0xe6fc, 0xe6fc, 0xef1c, 0xef1c, 0xe6db, 0xde18,
  0xedf8, 0xc4b3, 0xc472, 0xbc52, 0xb452, 0xc4d4, 0xd576, 0xe639, 0xf69a, 0xf6db, 0xeedb, 0xe6bb, 0xdeda, 0xdeda, 0xdeda, 0xdeba,
  0xe6ba, 0xddb7, 0xc514, 0xe679, 0xd678, 0xd699, 0xd658, 0xde58, 0xcdf6, 0xd616, 0xd637, 0xd617, 0xcdf7, 0xcdf6, 0xcdd6, 0xcdd5,
  0xcdd5, 0xc5b5, 0xbd95, 0xc5d6, 0xd679, 0xef5c, 0xa4f3, 0x0000, 0x0020, 0x0000, 0x0000, 0x0000, 0x0000, 0x0000, 0x0000, 0x0000,
  0x0000, 0x0000, 0x0000, 0x0000, 0x0000, 0x0000, 0x0000, 0x0000, 0x0000, 0x0000, 0x0000, 0x0000, 0x0000, 0x0000, 0x0000, 0x0000,
  0x0000, 0x0000, 0x0000, 0x0000, 0x0000, 0x0000, 0x0000, 0x0000, 0x0000, 0x0000, 0x0000, 0x0000, 0x0000, 0x0000, 0x0000, 0x0000,
  0x0000, 0x0000, 0x0000, 0x0000, 0x0000, 0x0000, 0x0000, 0x0000, 0x0000, 0x0000, 0x0000, 0x0000, 0x0000, 0x0000, 0x0000, 0x0000,
  0x0000, 0x0000, 0x0000, 0x0000, 0x0000, 0x0000, 0x0000, 0x0000, 0x0000, 0x0000, 0x0000, 0x0000, 0x0000, 0x0000, 0x0000, 0x0000,
  0x0000, 0x0000, 0x0000, 0x0000, 0x0000, 0x0000, 0x0000, 0x0000, 0x0000, 0x0000, 0x0000, 0x0000, 0x0000, 0x0000, 0x0000, 0x0000,
  0x0020, 0x0000, 0x9471, 0xffff, 0xdeba, 0xce37, 0xbd75, 0xc5b5, 0xc5b4, 0xc5b5, 0xcdd5, 0xcdf6, 0xcdf6, 0xd616, 0xd616, 0xd637,
  0xd637, 0xce17, 0xde58, 0xde58, 0xde78, 0xde79, 0xcdf7, 0xd658, 0xe6ba, 0xde9a, 0xdeba, 0xdeba, 0xdeba, 0xdeba, 0xdeda, 0xdeda,
  0xdefb, 0xe6db, 0xeefb, 0xeedb, 0xe618, 0xd4f5, 0xbbf1, 0xc4b3, 0xee79, 0xf6fb, 0xe6fb, 0xdf1b, 0xe71c, 0xe71c, 0xe71c, 0xe71c,
  0xe6fc, 0xeefc, 0xd639, 0xeefc, 0xe71c, 0xe71c, 0xe71c, 0xe6fb, 0xe6fc, 0xef1c, 0xe6fc, 0xe69a, 0xf71c, 0xcdd8, 0xeefc, 0xef1c,
  0xef1c, 0xe71c, 0xe71c, 0xe71c, 0xe71c, 0xef1c, 0xeefc, 0xeedb, 0xc596, 0xe6bb, 0xef3c, 0xf71c, 0xd5b7, 0xe639, 0xe659, 0xeefc,
  0xe71c, 0xeefc, 0xeefc, 0xeefc, 0xeefc, 0xeefc, 0xef1c, 0xeefc, 0xeedb, 0xde9a, 0xde39, 0xf67a, 0xd4d4, 0xb3d0, 0xc431, 0xee18,
  0xf6db, 0xf6fb, 0xf6fc, 0xeedb, 0xe6db, 0xe6ba, 0xdeba, 0xdedb, 0xdeda, 0xdeba, 0xdeba, 0xdeb9, 0xe6ba, 0xd596, 0xcd55, 0xe679,
  0xde58, 0xd678, 0xd657, 0xd637, 0xd617, 0xd616, 0xd616, 0xd5f6, 0xcdf6, 0xcdf6, 0xcdd6, 0xcdb5, 0xcdb5, 0xbd95, 0xc5d6, 0xde99,
  0xef7d, 0xc5f7, 0x0000, 0x0000, 0x0000, 0x0000, 0x0000, 0x0000, 0x0000, 0x0000, 0x0000, 0x0000, 0x0000, 0x0000, 0x0000, 0x0000,
  0x0000, 0x0000, 0x0000, 0x0000, 0x0000, 0x0000, 0x0000, 0x0000, 0x0000, 0x0000, 0x0000, 0x0000, 0x0000, 0x0000, 0x0000, 0x0000,
  0x0000, 0x0000, 0x0000, 0x0000, 0x0000, 0x0000, 0x0000, 0x0000, 0x0000, 0x0000, 0x0000, 0x0000, 0x0000, 0x0000, 0x0000, 0x0000,
  0x0000, 0x0000, 0x0000, 0x0000, 0x0000, 0x0000, 0x0000, 0x0000, 0x0000, 0x0000, 0x0000, 0x0000, 0x0000, 0x0000, 0x0000, 0x0000,
  0x0000, 0x0000, 0x0000, 0x0000, 0x0000, 0x0000, 0x0000, 0x0000, 0x0000, 0x0000, 0x0000, 0x0000, 0x0000, 0x0000, 0x0000, 0x0000,
  0x0000, 0x0000, 0x0000, 0x0000, 0x0000, 0x0000, 0x0000, 0x0000, 0x0000, 0x0000, 0x0000, 0x0000, 0x0000, 0x0000, 0x0000, 0x7bef,
  0xe6fb, 0xe6da, 0xce38, 0xbd95, 0xc594, 0xc594, 0xcdd5, 0xcdd5, 0xcdf5, 0xcdf5, 0xd5f6, 0xd616, 0xce16, 0xd617, 0xd637, 0xd658,
  0xde58, 0xd637, 0xd637, 0xde99, 0xde79, 0xde99, 0xde9a, 0xde9a, 0xdeba, 0xdeba, 0xdeda, 0xdeda, 0xdeda, 0xe6db, 0xeebb, 0xcd76,
  0xc4f4, 0xabd0, 0xdd96, 0xee39, 0xd618, 0xef1c, 0xe6fb, 0xdf1b, 0xe71b, 0xe6fc, 0xe71c, 0xe6fc, 0xef1c, 0xe6db, 0xd618, 0xef1c,
  0xe71c, 0xe71c, 0xe71c, 0xe6fc, 0xe6fc, 0xe71c, 0xe6fc, 0xf71c, 0xde7a, 0xd659, 0xef1c, 0xeefc, 0xe71c, 0xe71c, 0xef1c, 0xef1c,
  0xef1c, 0xef1c, 0xeefc, 0xc5b7, 0xde39, 0xf6fc, 0xef1c, 0xf6fc, 0xcd97, 0xf6bb, 0xde39, 0xeefc, 0xeefc, 0xeefc, 0xeefc, 0xeefc,
  0xeefc, 0xe6db, 0xde7a, 0xe6bb, 0xd639, 0xde5a, 0xeebb, 0xcd15, 0xd515, 0xc4d3, 0xe5d7, 0xf6fb, 0xe6da, 0xdeba, 0xe6da, 0xdeda,
  0xdeda, 0xdeda, 0xdeda, 0xdeba, 0xdeba, 0xdeba, 0xde99, 0xde99, 0xde99, 0xcd95, 0xcd75, 0xe679, 0xd658, 0xd657, 0xd637, 0xd617,
  0xd617, 0xd616, 0xd5f6, 0xcdf5, 0xcdf5, 0xcdf5, 0xcdd5, 0xc5b5, 0xbd94, 0xc5d6, 0xde99, 0xf77d, 0xa534, 0x10a2, 0x0000, 0x0000,
  0x0000, 0x0000, 0x0000, 0x0000, 0x0000, 0x0000, 0x0000, 0x0000, 0x0000, 0x0000, 0x0000, 0x0000, 0x0000, 0x0000, 0x0000, 0x0000,
  0x0000, 0x0000, 0x0000, 0x0000, 0x0000, 0x0000, 0x0000, 0x0000, 0x0000, 0x0000, 0x0000, 0x0000, 0x0000, 0x0000, 0x0000, 0x0000,
  0x0000, 0x0000, 0x0000, 0x0000, 0x0000, 0x0000, 0x0000, 0x0000, 0x0000, 0x0000, 0x0000, 0x0000, 0x0000, 0x0000, 0x0000, 0x0000,
  0x0000, 0x0000, 0x0000, 0x0000, 0x0000, 0x0000, 0x0000, 0x0000, 0x0000, 0x0000, 0x0000, 0x0000, 0x0000, 0x0000, 0x0000, 0x0000,
  0x0000, 0x0000, 0x0000, 0x0000, 0x0000, 0x0000, 0x0000, 0x0000, 0x0000, 0x0000, 0x0000, 0x0000, 0x0000, 0x0000, 0x0000, 0x0000,
  0x0000, 0x0000, 0x0000, 0x0000, 0x0000, 0x0000, 0x0000, 0x0000, 0x0000, 0x0000, 0x0000, 0x0000, 0x94b2, 0xe73b, 0xdeda, 0xce38,
  0xc5b5, 0xc594, 0xc5b4, 0xcdd4, 0xcdd4, 0xcdd5, 0xd5f6, 0xcdf6, 0xcdf6, 0xd616, 0xd637, 0xd637, 0xd637, 0xd637, 0xde78, 0xde78,
  0xde79, 0xde79, 0xde99, 0xde99, 0xde9a, 0xdeba, 0xdeba, 0xdeba, 0xdeba, 0xeedb, 0xd5d7, 0xcd76, 0xf67a, 0xc4b3, 0xf67a, 0xde38,
  0xe6bb, 0xe6fb, 0xe6fb, 0xe6fa, 0xe6fb, 0xe6fc, 0xe6fc, 0xe6fc, 0xe6fc, 0xe6db, 0xd639, 0xeefc, 0xe71c, 0xe71c, 0xe71c, 0xe71c,
  0xe6fc, 0xe71c, 0xe6fb, 0xe6bb, 0xde7a, 0xd659, 0xef1c, 0xe6fc, 0xef1c, 0xeefc, 0xeefc, 0xef1c, 0xe6fc, 0xdebb, 0xce18, 0xe69a,
  0xf71d, 0xeefc, 0xeebb, 0xcdb7, 0xde39, 0xff3d, 0xde39, 0xde59, 0xf71c, 0xe6db, 0xe6fc, 0xeefc, 0xe6db, 0xde7a, 0xe6bb, 0xe6db,
  0xeedb, 0xf6fc, 0xc535, 0xd576, 0xfebb, 0xcd34, 0xee9a, 0xe6da, 0xdefa, 0xdefa, 0xe6fb, 0xdeda, 0xdeda, 0xdeda, 0xdeba, 0xdeba,
  0xdeba, 0xde99, 0xde99, 0xde99, 0xe699, 0xcdb6, 0xcd75, 0xde58, 0xd657, 0xd657, 0xd637, 0xd616, 0xcdf6, 0xd5f6, 0xcdf6, 0xcdf5,
  0xcdd4, 0xc5d4, 0xc5b5, 0xc5b5, 0xc5d6, 0xde99, 0xef1b, 0xd699, 0x2124, 0x0000, 0x0000, 0x0000, 0x0000, 0x0000, 0x0000, 0x0000,
  0x0000, 0x0000, 0x0000, 0x0000, 0x0000, 0x0000, 0x0000, 0x0000, 0x0000, 0x0000, 0x0000, 0x0000, 0x0000, 0x0000, 0x0000, 0x0000,
  0x0000, 0x0000, 0x0000, 0x0000, 0x0000, 0x0000, 0x0000, 0x0000, 0x0000, 0x0000, 0x0000, 0x0000, 0x0000, 0x0000, 0x0000, 0x0000,
  0x0000, 0x0000, 0x0000, 0x0000, 0x0000, 0x0000, 0x0000, 0x0000, 0x0000, 0x0000, 0x0000, 0x0000, 0x0000, 0x0000, 0x0000, 0x0000,
  0x0000, 0x0000, 0x0000, 0x0000, 0x0000, 0x0000, 0x0000, 0x0000, 0x0000, 0x0000, 0x0000, 0x0000, 0x0000, 0x0000, 0x0000, 0x0000,
  0x0000, 0x0000, 0x0000, 0x0000, 0x0000, 0x0000, 0x0000, 0x0000, 0x0000, 0x0000, 0x0000, 0x0000, 0x0000, 0x0000, 0x0000, 0x0000,
  0x0000, 0x0000, 0x0000, 0x0000, 0x0000, 0x0000, 0x0000, 0x0020, 0x0000, 0x73ae, 0xef7d, 0xdeba, 0xd638, 0xc5b5, 0xc594, 0xc5b4,
  0xcdd4, 0xcdb4, 0xcdd5, 0xcdf5, 0xcdf5, 0xce16, 0xd616, 0xd617, 0xd617, 0xd637, 0xd658, 0xd658, 0xde78, 0xde78, 0xde79, 0xde99,
  0xde99, 0xde99, 0xdeb9, 0xdeb9, 0xe69a, 0xeeba, 0xcd96, 0xee7a, 0xe5f8, 0xd555, 0xee9a, 0xe69a, 0xe6fb, 0xe6fb, 0xe6fb, 0xe6fb,
  0xeefb, 0xe6fc, 0xe6fc, 0xe6fc, 0xe6fb, 0xef1c, 0xde9a, 0xde9a, 0xef3c, 0xe6fc, 0xe6fb, 0xe6fc, 0xe71c, 0xe71c, 0xe6fc, 0xe6bb,
  0xeefc, 0xd639, 0xeefc, 0xeefc, 0xeefc, 0xeefc, 0xeefc, 0xe6db, 0xde9a, 0xd67a, 0xeefc, 0xef1c, 0xeedc, 0xde39, 0xcdf8, 0xe69a,
  0xeefc, 0xeefc, 0xd5f8, 0xe69a, 0xeefc, 0xe6db, 0xe6fc, 0xeefc, 0xde7a, 0xdebb, 0xef1c, 0xe6db, 0xf6db, 0xde18, 0xc514, 0xfebb,
  0xe639, 0xcd96, 0xeefb, 0xe6da, 0xe6da, 0xe6da, 0xdeba, 0xdeba, 0xdeba, 0xdeba, 0xde9a, 0xdeb9, 0xde99, 0xde99, 0xde99, 0xde98,
  0xde78, 0xcdd6, 0xcd95, 0xde58, 0xd657, 0xd657, 0xd616, 0xd616, 0xcdf5, 0xcdf6, 0xcdd5, 0xcdf5, 0xc5d4, 0xc5d4, 0xbdb5, 0xc5f6,
  0xde99, 0xf77d, 0x9cd2, 0x0841, 0x0000, 0x0000, 0x0000, 0x0000, 0x0000, 0x0000, 0x0000, 0x0000, 0x0000, 0x0000, 0x0000, 0x0000,
  0x0000, 0x0000, 0x0000, 0x0000, 0x0000, 0x0000, 0x0000, 0x0000, 0x0000, 0x0000, 0x0000, 0x0000, 0x0000, 0x0000, 0x0000, 0x0000,
  0x0000, 0x0000, 0x0000, 0x0000, 0x0000, 0x0000, 0x0000, 0x0000, 0x0000, 0x0000, 0x0000, 0x0000, 0x0000, 0x0000, 0x0000, 0x0000,
  0x0000, 0x0000, 0x0000, 0x0000, 0x0000, 0x0000, 0x0000, 0x0000, 0x0000, 0x0000, 0x0000, 0x0000, 0x0000, 0x0000, 0x0000, 0x0000,
  0x0000, 0x0000, 0x0000, 0x0000, 0x0000, 0x0000, 0x0000, 0x0000, 0x0000, 0x0000, 0x0000, 0x0000, 0x0000, 0x0000, 0x0000, 0x0000,
  0x0000, 0x0000, 0x0000, 0x0000, 0x0000, 0x0000, 0x0000, 0x0000, 0x0000, 0x0000, 0x0000, 0x0000, 0x0000, 0x0000, 0x0000, 0x0000,
  0x0000, 0x0000, 0x0000, 0x0000, 0x0020, 0x0000, 0x73ae, 0xef5c, 0xe6da, 0xce37, 0xc5b5, 0xbd94, 0xc5b5, 0xc5b5, 0xc5b4, 0xcdd5,
  0xcdf5, 0xcdf5, 0xce16, 0xce16, 0xce16, 0xd637, 0xd637, 0xd657, 0xd658, 0xd678, 0xd678, 0xd679, 0xde99, 0xd699, 0xde99, 0xde99,
  0xde99, 0xe6ba, 0xd5d7, 0xee79, 0xcd75, 0xddd7, 0xeeba, 0xd658, 0xe6da, 0xe6da, 0xdeda, 0xe6da, 0xe6db, 0xe6db, 0xe6fb, 0xe6fb,
  0xe6fb, 0xeefc, 0xef1c, 0xde7a, 0xdebb, 0xe71c, 0xe6fb, 0xe71c, 0xe6fc, 0xe6fc, 0xe6fc, 0xe6db, 0xe6db, 0xe6bb, 0xde7a, 0xeefc,
  0xe6db, 0xeefc, 0xeedb, 0xe6db, 0xe6db, 0xef1c, 0xeefc, 0xeefc, 0xde9a, 0xd639, 0xf73d, 0xeefc, 0xeedb, 0xd618, 0xde7a, 0xeefb,
  0xeefb, 0xe6db, 0xe6db, 0xeefc, 0xde9a, 0xde9a, 0xeefc, 0xe6db, 0xf6db, 0xc555, 0xde38, 0xf71c, 0xde39, 0xcdb6, 0xeedb, 0xe6da,
  0xe6ba, 0xe6ba, 0xdeba, 0xdeba, 0xde9a, 0xde9a, 0xde99, 0xd699, 0xde79, 0xde79, 0xd678, 0xd658, 0xde58, 0xd617, 0xc574, 0xd617,
  0xd637, 0xce16, 0xce16, 0xcdf6, 0xcdf5, 0xcdd5, 0xcdd5, 0xc5d5, 0xbd94, 0xbdb5, 0xce16, 0xde79, 0xe6da, 0x8c71, 0x0000, 0x0000,
  0x0000, 0x0000, 0x0000, 0x0000, 0x0000, 0x0000, 0x0000, 0x0000, 0x0000, 0x0000, 0x0000, 0x0000, 0x0000, 0x0000, 0x0000, 0x0000,
  0x0000, 0x0000, 0x0000, 0x0000, 0x0000, 0x0000, 0x0000, 0x0000, 0x0000, 0x0000, 0x0000, 0x0000, 0x0000, 0x0000, 0x0000, 0x0000,
  0x0000, 0x0000, 0x0000, 0x0000, 0x0000, 0x0000, 0x0000, 0x0000, 0x0000, 0x0000, 0x0000, 0x0000, 0x0000, 0x0000, 0x0000, 0x0000,
  0x0000, 0x0000, 0x0000, 0x0000, 0x0000, 0x0000, 0x0000, 0x0000, 0x0000, 0x0000, 0x0000, 0x0000, 0x0000, 0x0000, 0x0000, 0x0000,
  0x0000, 0x0000, 0x0000, 0x0000, 0x0000, 0x0000, 0x0000, 0x0000, 0x0000, 0x0000, 0x0000, 0x0000, 0x0000, 0x0000, 0x0000, 0x0000,
  0x0000, 0x0000, 0x0000, 0x0000, 0x0000, 0x0000, 0x0000, 0x0000, 0x0000, 0x0000, 0x0000, 0x0000, 0x0000, 0x0000, 0x0000, 0x0000,
  0x0000, 0x0000, 0x0000, 0x4208, 0xe73b, 0xe71b, 0xd658, 0xc5d6, 0xbd95, 0xc5b4, 0xc5d4, 0xc5d5, 0xcdd5, 0xcdf5, 0xcdf6, 0xcdf6,
  0xcdf6, 0xd616, 0xd637, 0xd637, 0xd657, 0xd658, 0xd658, 0xd678, 0xd678, 0xd699, 0xd699, 0xde99, 0xde99, 0xe699, 0xd5f7, 0xde38,
  0xddf7, 0xcd96, 0xf6fb, 0xde99, 0xe699, 0xde79, 0xd679, 0xde7a, 0xe6bb, 0xe6bb, 0xe6db, 0xe6fc, 0xe6fb, 0xe6db, 0xe6fc, 0xeefc,
  0xd69a, 0xe6db, 0xe6fc, 0xe6fc, 0xe6fb, 0xe6fb, 0xe6fb, 0xeefc, 0xe6db, 0xef1c, 0xde7a, 0xde9a, 0xef1c, 0xeefc, 0xeedc, 0xeefc,
  0xeefc, 0xeefc, 0xe6db, 0xe6fb, 0xd639, 0xe6db, 0xe71b, 0xe6db, 0xe69a, 0xe69a, 0xeefc, 0xe6db, 0xe6fb, 0xe6fc, 0xe6db, 0xe6db,
  0xe6db, 0xe6bb, 0xe6db, 0xe6db, 0xe67a, 0xcd75, 0xe6ba, 0xe6db, 0xe69a, 0xcdb7, 0xe6ba, 0xe6ba, 0xdeba, 0xde9a, 0xde9a, 0xde9a,
  0xde99, 0xde99, 0xd699, 0xd699, 0xde78, 0xde58, 0xd658, 0xd658, 0xd637, 0xd637, 0xcdb5, 0xd5f6, 0xce36, 0xce36, 0xce15, 0xcdf5,
  0xcdd5, 0xcdd5, 0xcdd5, 0xc5b5, 0xc595, 0xce17, 0xde99, 0xffde, 0x8c30, 0x0000, 0x0000, 0x0000, 0x0000, 0x0000, 0x0000, 0x0000,
  0x0000, 0x0000, 0x0000, 0x0000, 0x0000, 0x0000, 0x0000, 0x0000, 0x0000, 0x0000, 0x0000, 0x0000, 0x0000, 0x0000, 0x0000, 0x0000,
  0x0000, 0x0000, 0x0000, 0x0000, 0x0000, 0x0000, 0x0000, 0x0000, 0x0000, 0x0000, 0x0000, 0x0000, 0x0000, 0x0000, 0x0000, 0x0000,
  0x0000, 0x0000, 0x0000, 0x0000, 0x0000, 0x0000, 0x0000, 0x0000, 0x0000, 0x0000, 0x0000, 0x0000, 0x0000, 0x0000, 0x0000, 0x0000,
  0x0000, 0x0000, 0x0000, 0x0000, 0x0000, 0x0000, 0x0000, 0x0000, 0x0000, 0x0000, 0x0000, 0x0000, 0x0000, 0x0000, 0x0000, 0x0000,
  0x0000, 0x0000, 0x0000, 0x0000, 0x0000, 0x0000, 0x0000, 0x0000, 0x0000, 0x0000, 0x0000, 0x0000, 0x0000, 0x0000, 0x0000, 0x0000,
  0x0000, 0x0000, 0x0000, 0x0000, 0x0000, 0x0000, 0x0000, 0x0000, 0x0000, 0x0000, 0x0000, 0x0000, 0x0000, 0x0000, 0x0020, 0x0000,
  0x4208, 0xc617, 0xef3c, 0xd679, 0xc5f6, 0xbd94, 0xc5b4, 0xc5d4, 0xc5d4, 0xc5d5, 0xcdf6, 0xcdf6, 0xcdf6, 0xce16, 0xce37, 0xd637,
  0xd637, 0xd658, 0xd658, 0xd658, 0xd658, 0xd678, 0xd678, 0xde79, 0xde79, 0xe699, 0xd617, 0xd617, 0xe69a, 0xc555, 0xe69a, 0xeeda,
  0xeeda, 0xe6ba, 0xe6db, 0xe6db, 0xe6bb, 0xe6ba, 0xe6db, 0xe6db, 0xe6db, 0xe6fb, 0xe6bb, 0xe6db, 0xe6fc, 0xde9a, 0xe6fc, 0xe6fc,
  0xe6fc, 0xe6fc, 0xe6db, 0xe6db, 0xe6fc, 0xe6db, 0xe6bb, 0xde9a, 0xeefc, 0xe6db, 0xeefc, 0xeedc, 0xe6dc, 0xe6db, 0xe6fc, 0xe6dc,
  0xde9a, 0xe6fc, 0xdedb, 0xef1c, 0xde7a, 0xe6db, 0xe6db, 0xe6db, 0xe6db, 0xe6db, 0xe6db, 0xe6db, 0xe6bb, 0xde9a, 0xe6db, 0xe6db,
  0xe659, 0xcd96, 0xeeda, 0xdeba, 0xe6fb, 0xd5f7, 0xde18, 0xe6ba, 0xde9a, 0xde9a, 0xde99, 0xde99, 0xde79, 0xd679, 0xd679, 0xd678,
  0xde58, 0xd658, 0xd658, 0xd657, 0xce37, 0xce37, 0xd637, 0xd617, 0xcdf6, 0xce16, 0xcdf5, 0xcdd5, 0xcdd5, 0xc5b5, 0xc595, 0xbd95,
  0xd658, 0xe6db, 0xe6fb, 0x7bef, 0x0020, 0x0000, 0x0000, 0x0000, 0x0000, 0x0000, 0x0000, 0x0000, 0x0000, 0x0000, 0x0000, 0x0000,
  0x0000, 0x0000, 0x0000, 0x0000, 0x0000, 0x0000, 0x0000, 0x0000, 0x0000, 0x0000, 0x0000, 0x0000, 0x0000, 0x0000, 0x0000, 0x0000,
  0x0000, 0x0000, 0x0000, 0x0000, 0x0000, 0x0000, 0x0000, 0x0000, 0x0000, 0x0000, 0x0000, 0x0000, 0x0000, 0x0000, 0x0000, 0x0000,
  0x0000, 0x0000, 0x0000, 0x0000, 0x0000, 0x0000, 0x0000, 0x0000, 0x0000, 0x0000, 0x0000, 0x0000, 0x0000, 0x0000, 0x0000, 0x0000,
  0x0000, 0x0000, 0x0000, 0x0000, 0x0000, 0x0000, 0x0000, 0x0000, 0x0000, 0x0000, 0x0000, 0x0000, 0x0000, 0x0000, 0x0000, 0x0000,
  0x0000, 0x0000, 0x0000, 0x0000, 0x0000, 0x0000, 0x0000, 0x0000, 0x0000, 0x0000, 0x0000, 0x0000, 0x0000, 0x0000, 0x0000, 0x0000,
  0x0000, 0x0000, 0x0000, 0x0000, 0x0000, 0x0000, 0x0000, 0x0000, 0x0000, 0x0000, 0x0000, 0x0020, 0x0000, 0x31a6, 0xdedb, 0xdeba,
  0xd699, 0xce17, 0xbdb5, 0xc594, 0xc5b4, 0xc5d5, 0xc5d5, 0xcdf5, 0xcdf6, 0xce16, 0xce16, 0xce17, 0xce37, 0xd637, 0xd637, 0xd637,
  0xd637, 0xd658, 0xde58, 0xde59, 0xde59, 0xde99, 0xd618, 0xd5f7, 0xe6ba, 0xd5f7, 0xc596, 0xde79, 0xe6ba, 0xe6ba, 0xde9a, 0xdeba,
  0xdeba, 0xe6ba, 0xe6ba, 0xe6da, 0xe6db, 0xe6db, 0xe6db, 0xe6db, 0xe6db, 0xde9b, 0xe6bb, 0xe6db, 0xe6db, 0xe6db, 0xe6db, 0xe6db,
  0xe6db, 0xe6db, 0xde9b, 0xde9a, 0xeefc, 0xeefc, 0xe6db, 0xe6db, 0xe6db, 0xe6db, 0xe6fc, 0xe6db, 0xe6db, 0xe6db, 0xe6db, 0xe6dc,
  0xde9a, 0xde7a, 0xe6db, 0xe6db, 0xe6db, 0xe6db, 0xe6db, 0xe6db, 0xe6da, 0xe6ba, 0xe6da, 0xe6db, 0xde59, 0xd5b7, 0xeebb, 0xdeba,
  0xdeda, 0xde9a, 0xd5d7, 0xd618, 0xde99, 0xe699, 0xde79, 0xde79, 0xde59, 0xde58, 0xde58, 0xd658, 0xd658, 0xd658, 0xd637, 0xce37,
  0xce17, 0xce16, 0xce17, 0xce16, 0xcdf6, 0xcdf6, 0xcdf6, 0xcdd5, 0xc5b4, 0xbd95, 0xc5d6, 0xd658, 0xd699, 0xdefb, 0x94b2, 0x0000,
  0x0000, 0x0000, 0x0000, 0x0000, 0x0000, 0x0000, 0x0000, 0x0000, 0x0000, 0x0000, 0x0000, 0x0000, 0x0000, 0x0000, 0x0000, 0x0000,
  0x0000, 0x0000, 0x0000, 0x0000, 0x0000, 0x0000, 0x0000, 0x0000, 0x0000, 0x0000, 0x0000, 0x0000, 0x0000, 0x0000, 0x0000, 0x0000,
  0x0000, 0x0000, 0x0000, 0x0000, 0x0000, 0x0000, 0x0000, 0x0000, 0x0000, 0x0000, 0x0000, 0x0000, 0x0000, 0x0000, 0x0000, 0x0000,
  0x0000, 0x0000, 0x0000, 0x0000, 0x0000, 0x0000, 0x0000, 0x0000, 0x0000, 0x0000, 0x0000, 0x0000, 0x0000, 0x0000, 0x0000, 0x0000,
  0x0000, 0x0000, 0x0000, 0x0000, 0x0000, 0x0000, 0x0000, 0x0000, 0x0000, 0x0000, 0x0000, 0x0000, 0x0000, 0x0000, 0x0000, 0x0000,
  0x0000, 0x0000, 0x0000, 0x0000, 0x0000, 0x0000, 0x0000, 0x0000, 0x0000, 0x0000, 0x0000, 0x0000, 0x0000, 0x0000, 0x0000, 0x0000,
  0x0000, 0x0000, 0x0000, 0x0000, 0x0000, 0x0000, 0x0000, 0x0000, 0x0000, 0x0000, 0x0020, 0x8c51, 0xffbd, 0xd678, 0xd658, 0xc5d5,
  0xbd74, 0xc5b4, 0xc5b4, 0xc5d4, 0xcdd5, 0xcdf5, 0xcdf6, 0xcdf6, 0xce17, 0xce17, 0xce37, 0xd637, 0xd637, 0xd637, 0xd638, 0xde38,
  0xde58, 0xd658, 0xcdf7, 0xde58, 0xde58, 0xe699, 0xd638, 0xc596, 0xcdd7, 0xd638, 0xe6ba, 0xe6ba, 0xde9a, 0xdeba, 0xdeba, 0xe6ba,
  0xe6da, 0xe6da, 0xe6ba, 0xe6db, 0xe6bb, 0xde9a, 0xe6bb, 0xe6db, 0xe6db, 0xe6db, 0xe6db, 0xe6db, 0xe6db, 0xe6bb, 0xdebb, 0xe6bb,
  0xe6db, 0xe6db, 0xe6db, 0xe6db, 0xe6db, 0xe6db, 0xe6db, 0xe6db, 0xe6bb, 0xe6bb, 0xe6bb, 0xe6bb, 0xe6db, 0xde7a, 0xde9a, 0xe6bb,
  0xe6db, 0xe6db, 0xe6db, 0xe6db, 0xe6ba, 0xdeba, 0xe6ba, 0xe6ba, 0xde59, 0xcd96, 0xe6ba, 0xde99, 0xd6b9, 0xde99, 0xe679, 0xd617,
  0xcdd6, 0xd638, 0xde58, 0xde58, 0xde58, 0xd638, 0xd638, 0xd638, 0xd637, 0xd637, 0xd637, 0xce17, 0xce16, 0xcdf6, 0xcdf6, 0xcdd6,
  0xcdd5, 0xc5b5, 0xc5b5, 0xc594, 0xbd74, 0xce17, 0xd658, 0xe6da, 0xf77d, 0x2124, 0x0000, 0x0020, 0x0000, 0x0000, 0x0000, 0x0000,
  0x0000, 0x0000, 0x0000, 0x0000, 0x0000, 0x0000, 0x0000, 0x0000, 0x0000, 0x0000, 0x0000, 0x0000, 0x0000, 0x0000, 0x0000, 0x0000,
  0x0000, 0x0000, 0x0000, 0x0000, 0x0000, 0x0000, 0x0000, 0x0000, 0x0000, 0x0000, 0x0000, 0x0000, 0x0000, 0x0000, 0x0000, 0x0000,
  0x0000, 0x0000, 0x0000, 0x0000, 0x0000, 0x0000, 0x0000, 0x0000, 0x0000, 0x0000, 0x0000, 0x0000, 0x0000, 0x0000, 0x0000, 0x0000,
  0x0000, 0x0000, 0x0000, 0x0000, 0x0000, 0x0000, 0x0000, 0x0000, 0x0000, 0x0000, 0x0000, 0x0000, 0x0000, 0x0000, 0x0000, 0x0000,
  0x0000, 0x0000, 0x0000, 0x0000, 0x0000, 0x0000, 0x0000, 0x0000, 0x0000, 0x0000, 0x0000, 0x0000, 0x0000, 0x0000, 0x0000, 0x0000,
  0x0000, 0x0000, 0x0000, 0x0000, 0x0000, 0x0000, 0x0000, 0x0000, 0x0000, 0x0000, 0x0000, 0x0000, 0x0000, 0x0000, 0x0000, 0x0000,
  0x0000, 0x0000, 0x0000, 0x0000, 0x0000, 0x0000, 0x0000, 0x0861, 0x6b6d, 0xe71b, 0xdeb9, 0xd658, 0xc5f6, 0xbd94, 0xc5b4, 0xc5b3,
  0xc5b4, 0xcdb5, 0xcdd5, 0xcdf6, 0xcdf6, 0xce16, 0xce16, 0xd617, 0xd617, 0xd637, 0xd638, 0xd638, 0xd658, 0xce17, 0xd637, 0xde58,
  0xde78, 0xde79, 0xde79, 0xe699, 0xde58, 0xc5d6, 0xcdf7, 0xe699, 0xde9a, 0xde9a, 0xde9a, 0xdeba, 0xe6ba, 0xe6ba, 0xe6ba, 0xe6ba,
  0xdeba, 0xde9a, 0xe6bb, 0xe6db, 0xe6bb, 0xe6bb, 0xe6bb, 0xe6db, 0xe6bb, 0xdeba, 0xe6db, 0xe6db, 0xe6bb, 0xe6bb, 0xe6bb, 0xe6bb,
  0xe6bb, 0xe6bb, 0xe6db, 0xe6bb, 0xe6bb, 0xe6bb, 0xe6bb, 0xe6db, 0xe6db, 0xde7a, 0xe6bb, 0xe6db, 0xe6ba, 0xe6ba, 0xdeba, 0xdeba,
  0xde9a, 0xde9a, 0xdeba, 0xde9a, 0xe699, 0xcdd7, 0xe679, 0xde99, 0xde99, 0xde99, 0xde79, 0xe699, 0xde79, 0xd617, 0xcdf7, 0xd658,
  0xd658, 0xd638, 0xd638, 0xd617, 0xd617, 0xce17, 0xce17, 0xce16, 0xcdf6, 0xcdf6, 0xcdd5, 0xcdd5, 0xc5b5, 0xc5b5, 0xbd95, 0xbdb5,
  0xce37, 0xd658, 0xef5c, 0xc638, 0x528a, 0x0841, 0x0000, 0x0000, 0x0000, 0x0000, 0x0000, 0x0000, 0x0000, 0x0000, 0x0000, 0x0000,
  0x0000, 0x0000, 0x0000, 0x0000, 0x0000, 0x0000, 0x0000, 0x0000, 0x0000, 0x0000, 0x0000, 0x0000, 0x0000, 0x0000, 0x0000, 0x0000,
  0x0000, 0x0000, 0x0000, 0x0000, 0x0000, 0x0000, 0x0000, 0x0000, 0x0000, 0x0000, 0x0000, 0x0000, 0x0000, 0x0000, 0x0000, 0x0000,
  0x0000, 0x0000, 0x0000, 0x0000, 0x0000, 0x0000, 0x0000, 0x0000, 0x0000, 0x0000, 0x0000, 0x0000, 0x0000, 0x0000, 0x0000, 0x0000,
  0x0000, 0x0000, 0x0000, 0x0000, 0x0000, 0x0000, 0x0000, 0x0000, 0x0000, 0x0000, 0x0000, 0x0000, 0x0000, 0x0000, 0x0000, 0x0000,
  0x0000, 0x0000, 0x0000, 0x0000, 0x0000, 0x0000, 0x0000, 0x0000, 0x0000, 0x0000, 0x0000, 0x0000, 0x0000, 0x0000, 0x0000, 0x0000,
  0x0000, 0x0000, 0x0000, 0x0000, 0x0000, 0x0000, 0x0000, 0x0000, 0x0000, 0x0000, 0x0000, 0x0000, 0x0000, 0x0000, 0x0000, 0x0000,
  0x0000, 0x0000, 0x0000, 0x0000, 0x0000, 0x52aa, 0xef5c, 0xe6fb, 0xd678, 0xce36, 0xc5d4, 0xc5b4, 0xc5b4, 0xcdb5, 0xcdd5, 0xcdd5,
  0xcdd6, 0xcdf6, 0xcdf6, 0xce16, 0xce16, 0xd617, 0xd617, 0xd637, 0xd637, 0xd617, 0xd658, 0xd658, 0xd658, 0xd678, 0xde78, 0xde79,
  0xde79, 0xe699, 0xd5f7, 0xd617, 0xde99, 0xde99, 0xde99, 0xdeb9, 0xde99, 0xdeba, 0xdeba, 0xdeba, 0xde9a, 0xde9a, 0xdeba, 0xe6ba,
  0xe6ba, 0xe6ba, 0xe6ba, 0xe6bb, 0xe6ba, 0xe6ba, 0xe6db, 0xe6db, 0xe6db, 0xe6db, 0xe6db, 0xe6db, 0xe6db, 0xe6db, 0xe6bb, 0xe6ba,
  0xe6ba, 0xe6ba, 0xe6bb, 0xe6db, 0xdeba, 0xde9a, 0xdeba, 0xe6ba, 0xdeba, 0xdeba, 0xdeba, 0xde99, 0xde99, 0xde99, 0xde99, 0xde79,
  0xe699, 0xd617, 0xd617, 0xe679, 0xde78, 0xd679, 0xd678, 0xde58, 0xde58, 0xde58, 0xd658, 0xd617, 0xd637, 0xd637, 0xd617, 0xd617,
  0xd617, 0xce16, 0xce16, 0xcdf6, 0xcdf5, 0xcdd5, 0xcdb5, 0xcdb5, 0xc5b4, 0xbd94, 0xc5d6, 0xce58, 0xd699, 0xef5d, 0xb575, 0x2945,
  0x0000, 0x0000, 0x0000, 0x0000, 0x0000, 0x0000, 0x0000, 0x0000, 0x0000, 0x0000, 0x0000, 0x0000, 0x0000, 0x0000, 0x0000, 0x0000,
  0x0000, 0x0000, 0x0000, 0x0000, 0x0000, 0x0000, 0x0000, 0x0000, 0x0000, 0x0000, 0x0000, 0x0000, 0x0000, 0x0000, 0x0000, 0x0000,
  0x0000, 0x0000, 0x0000, 0x0000, 0x0000, 0x0000, 0x0000, 0x0000, 0x0000, 0x0000, 0x0000, 0x0000, 0x0000, 0x0000, 0x0000, 0x0000,
  0x0000, 0x0000, 0x0000, 0x0000, 0x0000, 0x0000, 0x0000, 0x0000, 0x0000, 0x0000, 0x0000, 0x0000, 0x0000, 0x0000, 0x0000, 0x0000,
  0x0000, 0x0000, 0x0000, 0x0000, 0x0000, 0x0000, 0x0000, 0x0000, 0x0000, 0x0000, 0x0000, 0x0000, 0x0000, 0x0000, 0x0000, 0x0000,
  0x0000, 0x0000, 0x0000, 0x0000, 0x0000, 0x0000, 0x0000, 0x0000, 0x0000, 0x0000, 0x0000, 0x0000, 0x0000, 0x0000, 0x0000, 0x0000,
  0x0000, 0x0000, 0x0000, 0x0000, 0x0000, 0x0000, 0x0000, 0x0000, 0x0000, 0x0000, 0x0000, 0x0000, 0x0000, 0x0000, 0x0000, 0x0000,
  0x0020, 0x0000, 0x2944, 0xbdd6, 0xf79d, 0xd678, 0xce57, 0xc5f6, 0xbd94, 0xc594, 0xc5b5, 0xc5b5, 0xc5d5, 0xcdd5, 0xcdf6, 0xcdf6,
  0xcdf6, 0xd616, 0xce17, 0xce17, 0xd617, 0xd617, 0xd637, 0xd658, 0xd658, 0xd658, 0xd658, 0xde78, 0xde58, 0xde58, 0xde58, 0xd617,
  0xde58, 0xde99, 0xde99, 0xde99, 0xde99, 0xde99, 0xdeb9, 0xde9a, 0xde9a, 0xde9a, 0xdeba, 0xdeba, 0xdeba, 0xdeba, 0xdeba, 0xe6ba,
  0xdeba, 0xdeba, 0xe6ba, 0xe6ba, 0xe6ba, 0xe6ba, 0xe6da, 0xe6da, 0xe6da, 0xe6da, 0xe6ba, 0xdeba, 0xdeba, 0xdeba, 0xde9a, 0xde9a,
  0xde9a, 0xde9a, 0xde9a, 0xdeba, 0xdeba, 0xdeba, 0xdeb9, 0xde99, 0xde99, 0xde99, 0xde99, 0xd679, 0xde99, 0xd638, 0xc534, 0xe638,
  0xe679, 0xde78, 0xd658, 0xd658, 0xde58, 0xd657, 0xd637, 0xce16, 0xd617, 0xd637, 0xce17, 0xd617, 0xd5f6, 0xcdf6, 0xcdf6, 0xcdf5,
  0xcdd5, 0xcdd5, 0xc5b5, 0xbd94, 0xc5b5, 0xce17, 0xd658, 0xdeda, 0xe71b, 0x5aeb, 0x0020, 0x0000, 0x0020, 0x0000, 0x0000, 0x0000,
  0x0000, 0x0000, 0x0000, 0x0000, 0x0000, 0x0000, 0x0000, 0x0000, 0x0000, 0x0000, 0x0000, 0x0000, 0x0000, 0x0000, 0x0000, 0x0000,
  0x0000, 0x0000, 0x0000, 0x0000, 0x0000, 0x0000, 0x0000, 0x0000, 0x0000, 0x0000, 0x0000, 0x0000, 0x0000, 0x0000, 0x0000, 0x0000,
  0x0000, 0x0000, 0x0000, 0x0000, 0x0000, 0x0000, 0x0000, 0x0000, 0x0000, 0x0000, 0x0000, 0x0000, 0x0000, 0x0000, 0x0000, 0x0000,
  0x0000, 0x0000, 0x0000, 0x0000, 0x0000, 0x0000, 0x0000, 0x0000, 0x0000, 0x0000, 0x0000, 0x0000, 0x0000, 0x0000, 0x0000, 0x0000,
  0x0000, 0x0000, 0x0000, 0x0000, 0x0000, 0x0000, 0x0000, 0x0000, 0x0000, 0x0000, 0x0000, 0x0000, 0x0000, 0x0000, 0x0000, 0x0000,
  0x0000, 0x0000, 0x0000, 0x0000, 0x0000, 0x0000, 0x0000, 0x0000, 0x0000, 0x0000, 0x0000, 0x0000, 0x0000, 0x0000, 0x0000, 0x0000,
  0x0000, 0x0000, 0x0000, 0x0000, 0x0000, 0x0000, 0x0000, 0x0000, 0x0000, 0x0000, 0x0000, 0x0000, 0x0000, 0x0020, 0x0000, 0x1082,
  0x9491, 0xef5c, 0xe71b, 0xd679, 0xce16, 0xbdb4, 0xbd94, 0xc594, 0xc5b5, 0xc5b5, 0xcdd5, 0xcdd5, 0xcdd5, 0xcdf6, 0xcdf6, 0xce16,
  0xd617, 0xd5f6, 0xce17, 0xd637, 0xd617, 0xd637, 0xd637, 0xd658, 0xd638, 0xd658, 0xde78, 0xd637, 0xd658, 0xd678, 0xde79, 0xde99,
  0xde79, 0xde99, 0xde99, 0xde99, 0xde79, 0xde99, 0xde9a, 0xde9a, 0xde9a, 0xde9a, 0xde9a, 0xde9a, 0xde9a, 0xde9a, 0xdeba, 0xdeba,
  0xdeba, 0xdeba, 0xde9a, 0xde9a, 0xde9a, 0xde9a, 0xde9a, 0xde99, 0xde9a, 0xdeba, 0xde99, 0xde79, 0xde79, 0xde99, 0xde9a, 0xde99,
  0xde99, 0xde99, 0xde99, 0xde79, 0xde99, 0xde79, 0xd678, 0xd678, 0xd658, 0xde58, 0xc534, 0xcd34, 0xe618, 0xde58, 0xd658, 0xd637,
  0xd637, 0xd637, 0xd617, 0xce16, 0xce17, 0xce16, 0xcdf6, 0xcdf6, 0xcdd6, 0xcdd5, 0xcdd5, 0xcdb5, 0xcdb4, 0xc5b4, 0xbd95, 0xc5d6,
  0xce38, 0xdeba, 0xe71b, 0xad75, 0x2104, 0x0000, 0x0000, 0x0000, 0x0000, 0x0000, 0x0000, 0x0000, 0x0000, 0x0000, 0x0000, 0x0000,
  0x0000, 0x0000, 0x0000, 0x0000, 0x0000, 0x0000, 0x0000, 0x0000, 0x0000, 0x0000, 0x0000, 0x0000, 0x0000, 0x0000, 0x0000, 0x0000,
  0x0000, 0x0000, 0x0000, 0x0000, 0x0000, 0x0000, 0x0000, 0x0000, 0x0000, 0x0000, 0x0000, 0x0000, 0x0000, 0x0000, 0x0000, 0x0000,
  0x0000, 0x0000, 0x0000, 0x0000, 0x0000, 0x0000, 0x0000, 0x0000, 0x0000, 0x0000, 0x0000, 0x0000, 0x0000, 0x0000, 0x0000, 0x0000,
  0x0000, 0x0000, 0x0000, 0x0000, 0x0000, 0x0000, 0x0000, 0x0000, 0x0000, 0x0000, 0x0000, 0x0000, 0x0000, 0x0000, 0x0000, 0x0000,
  0x0000, 0x0000, 0x0000, 0x0000, 0x0000, 0x0000, 0x0000, 0x0000, 0x0000, 0x0000, 0x0000, 0x0000, 0x0000, 0x0000, 0x0000, 0x0000,
  0x0000, 0x0000, 0x0000, 0x0000, 0x0000, 0x0000, 0x0000, 0x0000, 0x0000, 0x0000, 0x0000, 0x0000, 0x0000, 0x0000, 0x0000, 0x0000,
  0x0000, 0x0000, 0x0000, 0x0000, 0x0000, 0x0000, 0x0000, 0x0000, 0x0000, 0x0000, 0x0000, 0x0000, 0x0000, 0x528a, 0xb5b7, 0xef3c,
  0xdeda, 0xce57, 0xc5f5, 0xc5b4, 0xc594, 0xc5b4, 0xc5b5, 0xcdb5, 0xcdd5, 0xcdd5, 0xcdf6, 0xcdf6, 0xcdf6, 0xcdf6, 0xce16, 0xce17,
  0xd617, 0xd617, 0xd637, 0xd637, 0xd638, 0xd637, 0xd638, 0xd637, 0xd637, 0xd678, 0xd678, 0xd678, 0xd678, 0xde78, 0xde99, 0xde79,
  0xd679, 0xde79, 0xde99, 0xde99, 0xde99, 0xde99, 0xde99, 0xde9a, 0xde99, 0xde99, 0xde9a, 0xde99, 0xde99, 0xde99, 0xde99, 0xde99,
  0xde99, 0xde99, 0xde9a, 0xde99, 0xde99, 0xdeba, 0xde9a, 0xde79, 0xde99, 0xde99, 0xde99, 0xde79, 0xde79, 0xde99, 0xde99, 0xd678,
  0xd678, 0xd678, 0xd678, 0xd658, 0xd658, 0xde58, 0xd5b6, 0xd575, 0xd5d6, 0xd617, 0xd637, 0xd637, 0xd617, 0xce16, 0xce16, 0xce16,
  0xcdf6, 0xcdf6, 0xcdf6, 0xcdd5, 0xcdd5, 0xc5b5, 0xc5b5, 0xc5b4, 0xc594, 0xc5b4, 0xc617, 0xce58, 0xe6fb, 0xd6ba, 0x632c, 0x0000,
  0x0000, 0x0000, 0x0000, 0x0000, 0x0000, 0x0000, 0x0000, 0x0000, 0x0000, 0x0000, 0x0000, 0x0000, 0x0000, 0x0000, 0x0000, 0x0000,
  0x0000, 0x0000, 0x0000, 0x0000, 0x0000, 0x0000, 0x0000, 0x0000, 0x0000, 0x0000, 0x0000, 0x0000, 0x0000, 0x0000, 0x0000, 0x0000,
  0x0000, 0x0000, 0x0000, 0x0000, 0x0000, 0x0000, 0x0000, 0x0000, 0x0000, 0x0000, 0x0000, 0x0000, 0x0000, 0x0000, 0x0000, 0x0000,
  0x0000, 0x0000, 0x0000, 0x0000, 0x0000, 0x0000, 0x0000, 0x0000, 0x0000, 0x0000, 0x0000, 0x0000, 0x0000, 0x0000, 0x0000, 0x0000,
  0x0000, 0x0000, 0x0000, 0x0000, 0x0000, 0x0000, 0x0000, 0x0000, 0x0000, 0x0000, 0x0000, 0x0000, 0x0000, 0x0000, 0x0000, 0x0000,
  0x0000, 0x0000, 0x0000, 0x0000, 0x0000, 0x0000, 0x0000, 0x0000, 0x0000, 0x0000, 0x0000, 0x0000, 0x0000, 0x0000, 0x0000, 0x0000,
  0x0000, 0x0000, 0x0000, 0x0000, 0x0000, 0x0000, 0x0000, 0x0000, 0x0000, 0x0000, 0x0000, 0x0000, 0x0000, 0x0000, 0x0000, 0x0000,
  0x0000, 0x0000, 0x0000, 0x0000, 0x0000, 0x0000, 0x0000, 0x0000, 0x0000, 0x0000, 0x0000, 0x73ae, 0xdedb, 0xe71c, 0xd699, 0xce37,
  0xc5d6, 0xbdb5, 0xc5b5, 0xc5b4, 0xc5b4, 0xc5b4, 0xc5d5, 0xcdd5, 0xcdf5, 0xcdf5, 0xce16, 0xce16, 0xce16, 0xce17, 0xd617, 0xd637,
  0xd637, 0xd637, 0xd637, 0xd637, 0xd637, 0xd658, 0xd658, 0xd658, 0xd658, 0xd678, 0xd678, 0xd678, 0xd679, 0xd699, 0xde99, 0xd699,
  0xd699, 0xd699, 0xd699, 0xde99, 0xde99, 0xde99, 0xde99, 0xde99, 0xde99, 0xde99, 0xde99, 0xde99, 0xde99, 0xde99, 0xde99, 0xde99,
  0xde99, 0xde99, 0xde79, 0xde79, 0xde79, 0xde79, 0xde79, 0xde79, 0xd679, 0xde78, 0xde78, 0xd678, 0xd678, 0xd678, 0xd658, 0xd658,
  0xd658, 0xde58, 0xd637, 0xcdd6, 0xd617, 0xcdf6, 0xd617, 0xce16, 0xce16, 0xce16, 0xcdf6, 0xcdf6, 0xcdf5, 0xcdf5, 0xcdd5, 0xc5b4,
  0xcdd5, 0xc5d5, 0xbd94, 0xbdb5, 0xc617, 0xce58, 0xd6ba, 0xdefb, 0xb596, 0x18e3, 0x0000, 0x0000, 0x0000, 0x0000, 0x0000, 0x0000,
  0x0000, 0x0000, 0x0000, 0x0000, 0x0000, 0x0000, 0x0000, 0x0000, 0x0000, 0x0000, 0x0000, 0x0000, 0x0000, 0x0000, 0x0000, 0x0000,
  0x0000, 0x0000, 0x0000, 0x0000, 0x0000, 0x0000, 0x0000, 0x0000, 0x0000, 0x0000, 0x0000, 0x0000, 0x0000, 0x0000, 0x0000, 0x0000,
  0x0000, 0x0000, 0x0000, 0x0000, 0x0000, 0x0000, 0x0000, 0x0000, 0x0000, 0x0000, 0x0000, 0x0000, 0x0000, 0x0000, 0x0000, 0x0000,
  0x0000, 0x0000, 0x0000, 0x0000, 0x0000, 0x0000, 0x0000, 0x0000, 0x0000, 0x0000, 0x0000, 0x0000, 0x0000, 0x0000, 0x0000, 0x0000,
  0x0000, 0x0000, 0x0000, 0x0000, 0x0000, 0x0000, 0x0000, 0x0000, 0x0000, 0x0000, 0x0000, 0x0000, 0x0000, 0x0000, 0x0000, 0x0000,
  0x0000, 0x0000, 0x0000, 0x0000, 0x0000, 0x0000, 0x0000, 0x0000, 0x0000, 0x0000, 0x0000, 0x0000, 0x0000, 0x0000, 0x0000, 0x0000,
  0x0000, 0x0000, 0x0000, 0x0000, 0x0000, 0x0000, 0x0000, 0x0000, 0x0000, 0x0000, 0x0000, 0x0000, 0x0000, 0x0000, 0x0000, 0x0000,
  0x0000, 0x0000, 0x0000, 0x0000, 0x0000, 0x0000, 0x0000, 0x0000, 0x2124, 0xb5b6, 0xef5c, 0xe6fb, 0xce58, 0xce37, 0xc5d5, 0xbdb5,
  0xc5b4, 0xc5b5, 0xc5d4, 0xc5d5, 0xc5d5, 0xcdf5, 0xcdf5, 0xcdf5, 0xcdf5, 0xcdf6, 0xce16, 0xce16, 0xd617, 0xd617, 0xd617, 0xd617,
  0xd637, 0xd637, 0xd657, 0xd658, 0xd657, 0xd658, 0xd658, 0xd658, 0xd658, 0xd678, 0xd678, 0xd678, 0xd678, 0xd678, 0xd678, 0xd679,
  0xd679, 0xd679, 0xd679, 0xd699, 0xd699, 0xd699, 0xd679, 0xd679, 0xd679, 0xd679, 0xd679, 0xd679, 0xd679, 0xde79, 0xde79, 0xde79,
  0xde79, 0xd679, 0xd678, 0xd658, 0xd658, 0xd678, 0xd658, 0xd658, 0xd658, 0xd658, 0xd657, 0xd637, 0xd617, 0xd637, 0xd637, 0xcdd5,
  0xd5f6, 0xd616, 0xce16, 0xcdf6, 0xcdf5, 0xcdf5, 0xcdf5, 0xcdf5, 0xcdd5, 0xc5d5, 0xc5d5, 0xc5d5, 0xc5b5, 0xc5b5, 0xc5f6, 0xce37,
  0xce78, 0xe73b, 0xd6ba, 0x738e, 0x0000, 0x0000, 0x0000, 0x0000, 0x0000, 0x0000, 0x0000, 0x0000, 0x0000, 0x0000, 0x0000, 0x0000,
  0x0000, 0x0000, 0x0000, 0x0000, 0x0000, 0x0000, 0x0000, 0x0000, 0x0000, 0x0000, 0x0000, 0x0000, 0x0000, 0x0000, 0x0000, 0x0000,
  0x0000, 0x0000, 0x0000, 0x0000, 0x0000, 0x0000, 0x0000, 0x0000, 0x0000, 0x0000, 0x0000, 0x0000, 0x0000, 0x0000, 0x0000, 0x0000,
  0x0000, 0x0000, 0x0000, 0x0000, 0x0000, 0x0000, 0x0000, 0x0000, 0x0000, 0x0000, 0x0000, 0x0000, 0x0000, 0x0000, 0x0000, 0x0000,
  0x0000, 0x0000, 0x0000, 0x0000, 0x0000, 0x0000, 0x0000, 0x0000, 0x0000, 0x0000, 0x0000, 0x0000, 0x0000, 0x0000, 0x0000, 0x0000,
  0x0000, 0x0000, 0x0000, 0x0000, 0x0000, 0x0000, 0x0000, 0x0000, 0x0000, 0x0000, 0x0000, 0x0000, 0x0000, 0x0000, 0x0000, 0x0000,
  0x0000, 0x0000, 0x0000, 0x0000, 0x0000, 0x0000, 0x0000, 0x0000, 0x0000, 0x0000, 0x0000, 0x0000, 0x0000, 0x0000, 0x0000, 0x0000,
  0x0000, 0x0000, 0x0000, 0x0000, 0x0000, 0x0000, 0x0000, 0x0000, 0x0000, 0x0000, 0x0000, 0x0000, 0x0000, 0x0000, 0x0000, 0x0000,
  0x0000, 0x0000, 0x0000, 0x0000, 0x0000, 0x0000, 0x7bce, 0xad95, 0xe75c, 0xdeba, 0xce78, 0xce37, 0xbdd5, 0xbd94, 0xbd94, 0xc5b4,
  0xc5b4, 0xc5d5, 0xc5d5, 0xcdd5, 0xcdd5, 0xcdd5, 0xcdf6, 0xcdf6, 0xce16, 0xd616, 0xd616, 0xd616, 0xd617, 0xd637, 0xd637, 0xd637,
  0xd617, 0xd637, 0xd637, 0xd637, 0xd638, 0xd658, 0xd658, 0xd658, 0xd658, 0xd658, 0xd658, 0xd658, 0xd658, 0xd658, 0xd658, 0xd658,
  0xd658, 0xd658, 0xd658, 0xd658, 0xd658, 0xd658, 0xd658, 0xd658, 0xd658, 0xd658, 0xd658, 0xd658, 0xd658, 0xd658, 0xd658, 0xd638,
  0xd637, 0xd637, 0xd637, 0xd637, 0xd637, 0xd637, 0xd617, 0xce17, 0xd616, 0xd616, 0xd616, 0xcdf6, 0xcdf6, 0xd616, 0xcdf6, 0xcdf5,
  0xcdd5, 0xc5d5, 0xc5d5, 0xc5d5, 0xc5d5, 0xc5b4, 0xbdb4, 0xbdb5, 0xc5d6, 0xce37, 0xd679, 0xe71b, 0xe71b, 0xad75, 0x2124, 0x0000,
  0x0000, 0x0000, 0x0000, 0x0000, 0x0000, 0x0000, 0x0000, 0x0000, 0x0000, 0x0000, 0x0000, 0x0000, 0x0000, 0x0000, 0x0000, 0x0000,
  0x0000, 0x0000, 0x0000, 0x0000, 0x0000, 0x0000, 0x0000, 0x0000, 0x0000, 0x0000, 0x0000, 0x0000, 0x0000, 0x0000, 0x0000, 0x0000,
  0x0000, 0x0000, 0x0000, 0x0000, 0x0000, 0x0000, 0x0000, 0x0000, 0x0000, 0x0000, 0x0000, 0x0000, 0x0000, 0x0000, 0x0000, 0x0000,
  0x0000, 0x0000, 0x0000, 0x0000, 0x0000, 0x0000, 0x0000, 0x0000, 0x0000, 0x0000, 0x0000, 0x0000, 0x0000, 0x0000, 0x0000, 0x0000,
  0x0000, 0x0000, 0x0000, 0x0000, 0x0000, 0x0000, 0x0000, 0x0000, 0x0000, 0x0000, 0x0000, 0x0000, 0x0000, 0x0000, 0x0000, 0x0000,
  0x0000, 0x0000, 0x0000, 0x0000, 0x0000, 0x0000, 0x0000, 0x0000, 0x0000, 0x0000, 0x0000, 0x0000, 0x0000, 0x0000, 0x0000, 0x0000,
  0x0000, 0x0000, 0x0000, 0x0000, 0x0000, 0x0000, 0x0000, 0x0000, 0x0000, 0x0000, 0x0000, 0x0000, 0x0000, 0x0000, 0x0000, 0x0000,
  0x0000, 0x0000, 0x0000, 0x0000, 0x0000, 0x0000, 0x0000, 0x0000, 0x0000, 0x0000, 0x0000, 0x0000, 0x0000, 0x0000, 0x0000, 0x0000,
  0x0000, 0x0000, 0x0000, 0x0000, 0x7bce, 0xce79, 0xe73c, 0xdeda, 0xce58, 0xc5f6, 0xc5b5, 0xbd94, 0xbd94, 0xc5b4, 0xc5b4, 0xc5d5,
  0xc5d5, 0xc5d5, 0xc5d5, 0xcdd5, 0xcdf6, 0xcdf6, 0xcdf6, 0xcdf6, 0xce16, 0xce16, 0xd617, 0xd637, 0xce16, 0xd616, 0xd637, 0xd637,
  0xce37, 0xd637, 0xd638, 0xd658, 0xd658, 0xd658, 0xd658, 0xd658, 0xd658, 0xd658, 0xd658, 0xd658, 0xd658, 0xd658, 0xd658, 0xd658,
  0xd658, 0xd658, 0xd658, 0xd658, 0xd658, 0xd658, 0xd638, 0xd638, 0xd638, 0xd638, 0xd638, 0xce37, 0xd637, 0xd637, 0xd637, 0xd617,
  0xd616, 0xd617, 0xce16, 0xce16, 0xce16, 0xce16, 0xcdf6, 0xd5f6, 0xcdd5, 0xcdf5, 0xc5d5, 0xcdd5, 0xcdd5, 0xc5d5, 0xc5b4, 0xc594,
  0xbdb5, 0xc5b5, 0xc5d6, 0xc617, 0xce79, 0xe6fb, 0xdf1b, 0xad55, 0x4208, 0x0000, 0x0000, 0x0000, 0x0000, 0x0000, 0x0000, 0x0000,
  0x0000, 0x0000, 0x0000, 0x0000, 0x0000, 0x0000, 0x0000, 0x0000, 0x0000, 0x0000, 0x0000, 0x0000, 0x0000, 0x0000, 0x0000, 0x0000,
  0x0000, 0x0000, 0x0000, 0x0000, 0x0000, 0x0000, 0x0000, 0x0000, 0x0000, 0x0000, 0x0000, 0x0000, 0x0000, 0x0000, 0x0000, 0x0000,
  0x0000, 0x0000, 0x0000, 0x0000, 0x0000, 0x0000, 0x0000, 0x0000, 0x0000, 0x0000, 0x0000, 0x0000, 0x0000, 0x0000, 0x0000, 0x0000,
  0x0000, 0x0000, 0x0000, 0x0000, 0x0000, 0x0000, 0x0000, 0x0000, 0x0000, 0x0000, 0x0000, 0x0000, 0x0000, 0x0000, 0x0000, 0x0000,
  0x0000, 0x0000, 0x0000, 0x0000, 0x0000, 0x0000, 0x0000, 0x0000, 0x0000, 0x0000, 0x0000, 0x0000, 0x0000, 0x0000, 0x0000, 0x0000,
  0x0000, 0x0000, 0x0000, 0x0000, 0x0000, 0x0000, 0x0000, 0x0000, 0x0000, 0x0000, 0x0000, 0x0000, 0x0000, 0x0000, 0x0000, 0x0000,
  0x0000, 0x0000, 0x0000, 0x0000, 0x0000, 0x0000, 0x0000, 0x0000, 0x0000, 0x0000, 0x0000, 0x0000, 0x0000, 0x0000, 0x0000, 0x0000,
  0x0000, 0x0000, 0x0000, 0x0000, 0x0000, 0x0000, 0x0000, 0x0000, 0x0000, 0x0000, 0x0000, 0x0000, 0x0000, 0x0000, 0x0000, 0x0000,
  0x0000, 0x10a2, 0x73ce, 0xd699, 0xe73c, 0xdeda, 0xd678, 0xce37, 0xc5d5, 0xbdb5, 0xbd94, 0xc5b4, 0xc5b4, 0xc5b5, 0xc5d5, 0xc5d5,
  0xc5d5, 0xcdd5, 0xcdf5, 0xcdf5, 0xcdf6, 0xcdf6, 0xcdf6, 0xce16, 0xcdf6, 0xce16, 0xd616, 0xd617, 0xd637, 0xd637, 0xce37, 0xd637,
  0xd637, 0xd637, 0xd637, 0xd637, 0xd637, 0xd637, 0xd637, 0xd637, 0xd637, 0xd637, 0xd637, 0xd637, 0xd637, 0xd637, 0xd637, 0xd637,
  0xd637, 0xd637, 0xd637, 0xd637, 0xd637, 0xd637, 0xce37, 0xce37, 0xce17, 0xd637, 0xd616, 0xd616, 0xd616, 0xce16, 0xcdf6, 0xcdf6,
  0xcdf6, 0xcdf5, 0xcdf5, 0xcdd5, 0xcdd5, 0xcdd5, 0xc5b5, 0xc5b4, 0xc5b4, 0xc5b4, 0xbd94, 0xc5d5, 0xc616, 0xce37, 0xce78, 0xdefb,
  0xe71b, 0xad55, 0x4208, 0x0000, 0x0000, 0x0000, 0x0000, 0x0000, 0x0000, 0x0000, 0x0000, 0x0000, 0x0000, 0x0000, 0x0000, 0x0000,
  0x0000, 0x0000, 0x0000, 0x0000, 0x0000, 0x0000, 0x0000, 0x0000, 0x0000, 0x0000, 0x0000, 0x0000, 0x0000, 0x0000, 0x0000, 0x0000,
  0x0000, 0x0000, 0x0000, 0x0000, 0x0000, 0x0000, 0x0000, 0x0000, 0x0000, 0x0000, 0x0000, 0x0000, 0x0000, 0x0000, 0x0000, 0x0000,
  0x0000, 0x0000, 0x0000, 0x0000, 0x0000, 0x0000, 0x0000, 0x0000, 0x0000, 0x0000, 0x0000, 0x0000, 0x0000, 0x0000, 0x0000, 0x0000,
  0x0000, 0x0000, 0x0000, 0x0000, 0x0000, 0x0000, 0x0000, 0x0000, 0x0000, 0x0000, 0x0000, 0x0000, 0x0000, 0x0000, 0x0000, 0x0000,
  0x0000, 0x0000, 0x0000, 0x0000, 0x0000, 0x0000, 0x0000, 0x0000, 0x0000, 0x0000, 0x0000, 0x0000, 0x0000, 0x0000, 0x0000, 0x0000,
  0x0000, 0x0000, 0x0000, 0x0000, 0x0000, 0x0000, 0x0000, 0x0000, 0x0000, 0x0000, 0x0000, 0x0000, 0x0000, 0x0000, 0x0000, 0x0000,
  0x0000, 0x0000, 0x0000, 0x0000, 0x0000, 0x0000, 0x0000, 0x0000, 0x0000, 0x0000, 0x0000, 0x0000, 0x0000, 0x0000, 0x0000, 0x0000,
  0x0000, 0x0000, 0x0000, 0x0000, 0x0000, 0x0000, 0x0000, 0x0000, 0x0000, 0x0000, 0x0000, 0x0000, 0x0020, 0x0000, 0x0000, 0x10a2,
  0x7bcf, 0xd699, 0xe73c, 0xd699, 0xce58, 0xce37, 0xce16, 0xc5d5, 0xbd94, 0xbd73, 0xc5b4, 0xc5d4, 0xc5d4, 0xc5d5, 0xc5d5, 0xc5d5,
  0xcdd5, 0xcdd5, 0xcdf5, 0xcdf6, 0xcdd5, 0xcdf6, 0xcdf6, 0xcdf6, 0xce16, 0xce16, 0xce16, 0xce17, 0xce17, 0xce17, 0xce17, 0xd617,
  0xd617, 0xd617, 0xd617, 0xd617, 0xd617, 0xd617, 0xd617, 0xd617, 0xd617, 0xd617, 0xd617, 0xd617, 0xd617, 0xce17, 0xce17, 0xce17,
  0xce17, 0xce17, 0xce17, 0xce16, 0xce16, 0xd616, 0xcdf6, 0xcdf6, 0xcdf6, 0xcdf6, 0xcdf5, 0xcdd5, 0xcdf5, 0xcdd5, 0xcdd5, 0xcdb5,
  0xc5b4, 0xc594, 0xc594, 0xbd94, 0xbd94, 0xc5d5, 0xc616, 0xc617, 0xd699, 0xdefb, 0xe71b, 0xad54, 0x3a07, 0x0000, 0x0000, 0x0000,
  0x0000, 0x0000, 0x0000, 0x0000, 0x0000, 0x0000, 0x0000, 0x0000, 0x0000, 0x0000, 0x0000, 0x0000, 0x0000, 0x0000, 0x0000, 0x0000,
  0x0000, 0x0000, 0x0000, 0x0000, 0x0000, 0x0000, 0x0000, 0x0000, 0x0000, 0x0000, 0x0000, 0x0000, 0x0000, 0x0000, 0x0000, 0x0000,
  0x0000, 0x0000, 0x0000, 0x0000, 0x0000, 0x0000, 0x0000, 0x0000, 0x0000, 0x0000, 0x0000, 0x0000, 0x0000, 0x0000, 0x0000, 0x0000,
  0x0000, 0x0000, 0x0000, 0x0000, 0x0000, 0x0000, 0x0000, 0x0000, 0x0000, 0x0000, 0x0000, 0x0000, 0x0000, 0x0000, 0x0000, 0x0000,
  0x0000, 0x0000, 0x0000, 0x0000, 0x0000, 0x0000, 0x0000, 0x0000, 0x0000, 0x0000, 0x0000, 0x0000, 0x0000, 0x0000, 0x0000, 0x0000,
  0x0000, 0x0000, 0x0000, 0x0000, 0x0000, 0x0000, 0x0000, 0x0000, 0x0000, 0x0000, 0x0000, 0x0000, 0x0000, 0x0000, 0x0000, 0x0000,
  0x0000, 0x0000, 0x0000, 0x0000, 0x0000, 0x0000, 0x0000, 0x0000, 0x0000, 0x0000, 0x0000, 0x0000, 0x0000, 0x0000, 0x0000, 0x0000,
  0x0000, 0x0000, 0x0000, 0x0000, 0x0000, 0x0000, 0x0000, 0x0000, 0x0000, 0x0000, 0x0000, 0x0000, 0x0000, 0x0000, 0x0000, 0x0000,
  0x0000, 0x0000, 0x0000, 0x0000, 0x0000, 0x0000, 0x0000, 0x0000, 0x0000, 0x0000, 0x0020, 0x0000, 0x0000, 0x18c3, 0x7bcf, 0xd6ba,
  0xe73c, 0xe71b, 0xdeb9, 0xce37, 0xce16, 0xcdf5, 0xc5b4, 0xc594, 0xc5b4, 0xc5b4, 0xc5b4, 0xc5d4, 0xc5b5, 0xcdb5, 0xcdd5, 0xcdd5,
  0xcdd5, 0xcdd5, 0xcdd5, 0xcdf5, 0xcdf6, 0xcdf6, 0xcdf6, 0xcdf6, 0xcdf6, 0xcdf6, 0xcdf6, 0xce16, 0xce16, 0xce16, 0xce16, 0xce16,
  0xce16, 0xce16, 0xce16, 0xce16, 0xce16, 0xce16, 0xce16, 0xce16, 0xce16, 0xce16, 0xcdf6, 0xcdf6, 0xcdf6, 0xce16, 0xcdf6, 0xc5f6,
  0xcdf6, 0xcdf5, 0xcdd5, 0xcdd5, 0xcdd5, 0xcdd5, 0xcdb5, 0xcdb5, 0xc5d5, 0xc5d5, 0xc5b4, 0xc5b4, 0xc594, 0xc594, 0xc5d4, 0xce16,
  0xce37, 0xce58, 0xd698, 0xe71b, 0xc658, 0xa534, 0x39e7, 0x0000, 0x0000, 0x0000, 0x0000, 0x0000, 0x0000, 0x0000, 0x0000, 0x0000,
  0x0000, 0x0000, 0x0000, 0x0000, 0x0000, 0x0000, 0x0000, 0x0000, 0x0000, 0x0000, 0x0000, 0x0000, 0x0000, 0x0000, 0x0000, 0x0000,
  0x0000, 0x0000, 0x0000, 0x0000, 0x0000, 0x0000, 0x0000, 0x0000, 0x0000, 0x0000, 0x0000, 0x0000, 0x0000, 0x0000, 0x0000, 0x0000,
  0x0000, 0x0000, 0x0000, 0x0000, 0x0000, 0x0000, 0x0000, 0x0000, 0x0000, 0x0000, 0x0000, 0x0000, 0x0000, 0x0000, 0x0000, 0x0000,
  0x0000, 0x0000, 0x0000, 0x0000, 0x0000, 0x0000, 0x0000, 0x0000, 0x0000, 0x0000, 0x0000, 0x0000, 0x0000, 0x0000, 0x0000, 0x0000,
  0x0000, 0x0000, 0x0000, 0x0000, 0x0000, 0x0000, 0x0000, 0x0000, 0x0000, 0x0000, 0x0000, 0x0000, 0x0000, 0x0000, 0x0000, 0x0000,
  0x0000, 0x0000, 0x0000, 0x0000, 0x0000, 0x0000, 0x0000, 0x0000, 0x0000, 0x0000, 0x0000, 0x0000, 0x0000, 0x0000, 0x0000, 0x0000,
  0x0000, 0x0000, 0x0000, 0x0000, 0x0000, 0x0000, 0x0000, 0x0000, 0x0000, 0x0000, 0x0000, 0x0000, 0x0000, 0x0000, 0x0000, 0x0000,
  0x0000, 0x0000, 0x0000, 0x0000, 0x0000, 0x0000, 0x0000, 0x0000, 0x0000, 0x0000, 0x0000, 0x0000, 0x0000, 0x0000, 0x0000, 0x0000,
  0x0000, 0x0000, 0x0000, 0x0000, 0x0000, 0x0000, 0x0000, 0x0000, 0x0000, 0x0000, 0x0000, 0x18c3, 0x39c7, 0x7bcf, 0xd6ba, 0xe73c,
  0xdefa, 0xce58, 0xce38, 0xce17, 0xc5d6, 0xc5b5, 0xbd94, 0xc594, 0xc5b4, 0xc5b4, 0xc5b4, 0xc5b4, 0xcdb5, 0xcdb4, 0xcdb5, 0xcdd5,
  0xcdd5, 0xcdd5, 0xcdd5, 0xcdd5, 0xcdd5, 0xcdd5, 0xcdd5, 0xcdf6, 0xcdf6, 0xcdf6, 0xcdf6, 0xcdf6, 0xcdf6, 0xcdf6, 0xcdf6, 0xcdf6,
  0xcdf6, 0xcdf6, 0xcdf6, 0xcdf6, 0xcdf6, 0xcdf5, 0xcdd5, 0xcdd5, 0xcdd5, 0xcdd5, 0xcdd5, 0xcdf5, 0xcdf5, 0xcdd5, 0xcdd5, 0xcdd5,
  0xcdd5, 0xcdd5, 0xc5b4, 0xc5b4, 0xc594, 0xbd94, 0xc594, 0xc5b5, 0xc5f6, 0xc5f6, 0xce37, 0xd679, 0xdeda, 0xdefb, 0xce79, 0x4a49,
  0x18c3, 0x0000, 0x0000, 0x0000, 0x0000, 0x0000, 0x0000, 0x0000, 0x0000, 0x0000, 0x0000, 0x0000, 0x0000, 0x0000, 0x0000, 0x0000,
  0x0000, 0x0000, 0x0000, 0x0000, 0x0000, 0x0000, 0x0000, 0x0000, 0x0000, 0x0000, 0x0000, 0x0000, 0x0000, 0x0000, 0x0000, 0x0000,
  0x0000, 0x0000, 0x0000, 0x0000, 0x0000, 0x0000, 0x0000, 0x0000, 0x0000, 0x0000, 0x0000, 0x0000, 0x0000, 0x0000, 0x0000, 0x0000,
  0x0000, 0x0000, 0x0000, 0x0000, 0x0000, 0x0000, 0x0000, 0x0000, 0x0000, 0x0000, 0x0000, 0x0000, 0x0000, 0x0000, 0x0000, 0x0000,
  0x0000, 0x0000, 0x0000, 0x0000, 0x0000, 0x0000, 0x0000, 0x0000, 0x0000, 0x0000, 0x0000, 0x0000, 0x0000, 0x0000, 0x0000, 0x0000,
  0x0000, 0x0000, 0x0000, 0x0000, 0x0000, 0x0000, 0x0000, 0x0000, 0x0000, 0x0000, 0x0000, 0x0000, 0x0000, 0x0000, 0x0000, 0x0000,
  0x0000, 0x0000, 0x0000, 0x0000, 0x0000, 0x0000, 0x0000, 0x0000, 0x0000, 0x0000, 0x0000, 0x0000, 0x0000, 0x0000, 0x0000, 0x0000,
  0x0000, 0x0000, 0x0000, 0x0000, 0x0000, 0x0000, 0x0000, 0x0000, 0x0000, 0x0000, 0x0000, 0x0000, 0x0000, 0x0000, 0x0000, 0x0000,
  0x0000, 0x0000, 0x0000, 0x0000, 0x0000, 0x0000, 0x0000, 0x0000, 0x0000, 0x0000, 0x0000, 0x0000, 0x0000, 0x0000, 0x0000, 0x0000,
  0x0000, 0x0000, 0x0000, 0x0000, 0x0000, 0x0000, 0x0000, 0x0000, 0x0000, 0x0000, 0x18e3, 0x7bef, 0xb596, 0xf79e, 0xef3c, 0xdeba,
  0xd679, 0xce37, 0xce17, 0xc5d6, 0xc5b4, 0xc594, 0xc594, 0xc594, 0xc5b4, 0xcdd5, 0xcdd5, 0xc5b4, 0xcdb4, 0xcdb4, 0xcdb4, 0xc5b4,
  0xcdb4, 0xcdd4, 0xcdd5, 0xcdd5, 0xcdd5, 0xcdd5, 0xcdd5, 0xcdd5, 0xcdd5, 0xcdd5, 0xcdd5, 0xcdd5, 0xcdd5, 0xcdd5, 0xcdd5, 0xcdd5,
  0xcdd5, 0xcdd5, 0xcdd5, 0xcdd5, 0xcdd5, 0xc5b4, 0xc5b4, 0xcdb4, 0xcdd4, 0xc5b4, 0xc5d5, 0xc5b4, 0xc594, 0xc594, 0xc5b4, 0xc5b4,
  0xc5b5, 0xcdf6, 0xce17, 0xce37, 0xd679, 0xdefb, 0xe71b, 0xdedb, 0xb596, 0x4a49, 0x18c3, 0x0000, 0x0000, 0x0000, 0x0000, 0x0000,
  0x0000, 0x0000, 0x0000, 0x0000, 0x0000, 0x0000, 0x0000, 0x0000, 0x0000, 0x0000, 0x0000, 0x0000, 0x0000, 0x0000, 0x0000, 0x0000,
  0x0000, 0x0000, 0x0000, 0x0000, 0x0000, 0x0000, 0x0000, 0x0000, 0x0000, 0x0000, 0x0000, 0x0000, 0x0000, 0x0000, 0x0000, 0x0000,
  0x0000, 0x0000, 0x0000, 0x0000, 0x0000, 0x0000, 0x0000, 0x0000, 0x0000, 0x0000, 0x0000, 0x0000, 0x0000, 0x0000, 0x0000, 0x0000,
  0x0000, 0x0000, 0x0000, 0x0000, 0x0000, 0x0000, 0x0000, 0x0000, 0x0000, 0x0000, 0x0000, 0x0000, 0x0000, 0x0000, 0x0000, 0x0000,
  0x0000, 0x0000, 0x0000, 0x0000, 0x0000, 0x0000, 0x0000, 0x0000, 0x0000, 0x0000, 0x0000, 0x0000, 0x0000, 0x0000, 0x0000, 0x0000,
  0x0000, 0x0000, 0x0000, 0x0000, 0x0000, 0x0000, 0x0000, 0x0000, 0x0000, 0x0000, 0x0000, 0x0000, 0x0000, 0x0000, 0x0000, 0x0000,
  0x0000, 0x0000, 0x0000, 0x0000, 0x0000, 0x0000, 0x0000, 0x0000, 0x0000, 0x0000, 0x0000, 0x0000, 0x0000, 0x0000, 0x0000, 0x0000,
  0x0000, 0x0000, 0x0000, 0x0000, 0x0000, 0x0000, 0x0000, 0x0000, 0x0000, 0x0000, 0x0000, 0x0000, 0x0000, 0x0000, 0x0000, 0x0000,
  0x0000, 0x0000, 0x0000, 0x0000, 0x0000, 0x0000, 0x0000, 0x0000, 0x0000, 0x0000, 0x0000, 0x0000, 0x0000, 0x0000, 0x0000, 0x0000,
  0x0000, 0x0000, 0x0000, 0x0000, 0x0000, 0x0000, 0x0000, 0x0000, 0x0841, 0x7bcf, 0x73ae, 0xb5b6, 0xdeba, 0xef3c, 0xdeba, 0xdeba,
  0xd658, 0xce16, 0xcdf6, 0xc5d6, 0xc5d5, 0xbd95, 0xbd95, 0xc5b5, 0xbd94, 0xc594, 0xc594, 0xc594, 0xc5b5, 0xc5b5, 0xc5d5, 0xcdb5,
  0xcdb5, 0xcdb5, 0xcdb5, 0xc5b4, 0xc5b4, 0xc5b4, 0xc5b5, 0xc5b5, 0xc5b5, 0xc5b5, 0xc5b5, 0xc5b5, 0xc5b5, 0xc5b5, 0xc5b5, 0xc5b5,
  0xc5b5, 0xc5b4, 0xc5b4, 0xc594, 0xbd94, 0xc5b5, 0xbdb5, 0xc5b5, 0xc5d5, 0xc5d6, 0xcdf6, 0xce17, 0xde99, 0xde99, 0xe6fb, 0xe6da,
  0xce58, 0x8430, 0x73ae, 0x2124, 0x0000, 0x0000, 0x0000, 0x0000, 0x0000, 0x0000, 0x0000, 0x0000, 0x0000, 0x0000, 0x0000, 0x0000,
  0x0000, 0x0000, 0x0000, 0x0000, 0x0000, 0x0000, 0x0000, 0x0000, 0x0000, 0x0000, 0x0000, 0x0000, 0x0000, 0x0000, 0x0000, 0x0000,
  0x0000, 0x0000, 0x0000, 0x0000, 0x0000, 0x0000, 0x0000, 0x0000, 0x0000, 0x0000, 0x0000, 0x0000, 0x0000, 0x0000, 0x0000, 0x0000,
  0x0000, 0x0000, 0x0000, 0x0000, 0x0000, 0x0000, 0x0000, 0x0000, 0x0000, 0x0000, 0x0000, 0x0000, 0x0000, 0x0000, 0x0000, 0x0000,
  0x0000, 0x0000, 0x0000, 0x0000, 0x0000, 0x0000, 0x0000, 0x0000, 0x0000, 0x0000, 0x0000, 0x0000, 0x0000, 0x0000, 0x0000, 0x0000,
  0x0000, 0x0000, 0x0000, 0x0000, 0x0000, 0x0000, 0x0000, 0x0000, 0x0000, 0x0000, 0x0000, 0x0000, 0x0000, 0x0000, 0x0000, 0x0000,
  0x0000, 0x0000, 0x0000, 0x0000, 0x0000, 0x0000, 0x0000, 0x0000, 0x0000, 0x0000, 0x0000, 0x0000, 0x0000, 0x0000, 0x0000, 0x0000,
  0x0000, 0x0000, 0x0000, 0x0000, 0x0000, 0x0000, 0x0000, 0x0000, 0x0000, 0x0000, 0x0000, 0x0000, 0x0000, 0x0000, 0x0000, 0x0000,
  0x0000, 0x0000, 0x0000, 0x0000, 0x0000, 0x0000, 0x0000, 0x0000, 0x0000, 0x0000, 0x0000, 0x0000, 0x0000, 0x0000, 0x0000, 0x0000,
  0x0000, 0x0000, 0x0000, 0x0000, 0x0000, 0x0000, 0x0000, 0x0000, 0x0000, 0x0000, 0x0000, 0x0000, 0x0000, 0x0000, 0x0000, 0x0000,
  0x0000, 0x0000, 0x0000, 0x0020, 0x0000, 0x0000, 0x0000, 0x0020, 0x2965, 0x6b6d, 0xbdd7, 0xc5f8, 0xdeba, 0xe71b, 0xdeda, 0xd699,
  0xce58, 0xce38, 0xc617, 0xc5f6, 0xce16, 0xc5d6, 0xbd95, 0xbdb5, 0xbdb5, 0xbdb5, 0xbdb5, 0xc594, 0xc594, 0xc594, 0xc594, 0xc594,
  0xc594, 0xc594, 0xc594, 0xc595, 0xc595, 0xc595, 0xc595, 0xc595, 0xc595, 0xbd94, 0xbd95, 0xbd95, 0xbdb5, 0xbdb5, 0xc5b5, 0xc5f6,
  0xc5f6, 0xc5f6, 0xc617, 0xce38, 0xd679, 0xdeb9, 0xdeda, 0xef3b, 0xc5f7, 0xc618, 0x9471, 0x528a, 0x0861, 0x0000, 0x0000, 0x0000,
  0x0000, 0x0000, 0x0000, 0x0000, 0x0000, 0x0000, 0x0000, 0x0000, 0x0000, 0x0000, 0x0000, 0x0000, 0x0000, 0x0000, 0x0000, 0x0000,
  0x0000, 0x0000, 0x0000, 0x0000, 0x0000, 0x0000, 0x0000, 0x0000, 0x0000, 0x0000, 0x0000, 0x0000, 0x0000, 0x0000, 0x0000, 0x0000,
  0x0000, 0x0000, 0x0000, 0x0000, 0x0000, 0x0000, 0x0000, 0x0000, 0x0000, 0x0000, 0x0000, 0x0000, 0x0000, 0x0000, 0x0000, 0x0000,
  0x0000, 0x0000, 0x0000, 0x0000, 0x0000, 0x0000, 0x0000, 0x0000, 0x0000, 0x0000, 0x0000, 0x0000, 0x0000, 0x0000, 0x0000, 0x0000,
  0x0000, 0x0000, 0x0000, 0x0000, 0x0000, 0x0000, 0x0000, 0x0000, 0x0000, 0x0000, 0x0000, 0x0000, 0x0000, 0x0000, 0x0000, 0x0000,
  0x0000, 0x0000, 0x0000, 0x0000, 0x0000, 0x0000, 0x0000, 0x0000, 0x0000, 0x0000, 0x0000, 0x0000, 0x0000, 0x0000, 0x0000, 0x0000,
  0x0000, 0x0000, 0x0000, 0x0000, 0x0000, 0x0000, 0x0000, 0x0000, 0x0000, 0x0000, 0x0000, 0x0000, 0x0000, 0x0000, 0x0000, 0x0000,
  0x0000, 0x0000, 0x0000, 0x0000, 0x0000, 0x0000, 0x0000, 0x0000, 0x0000, 0x0000, 0x0000, 0x0000, 0x0000, 0x0000, 0x0000, 0x0000,
  0x0000, 0x0000, 0x0000, 0x0000, 0x0000, 0x0000, 0x0000, 0x0000, 0x0000, 0x0000, 0x0000, 0x0000, 0x0000, 0x0000, 0x0000, 0x0000,
  0x0000, 0x0000, 0x0000, 0x0000, 0x0000, 0x0000, 0x0000, 0x0000, 0x0000, 0x0000, 0x0000, 0x0000, 0x0000, 0x0000, 0x0000, 0x0000,
  0x0000, 0x0020, 0x0020, 0x0000, 0x0000, 0x0000, 0x0000, 0x0000, 0x31a6, 0x73ae, 0xbdd6, 0xce58, 0xef5c, 0xe71b, 0xe71b, 0xe6fb,
  0xdeb9, 0xce58, 0xce58, 0xce37, 0xce17, 0xc617, 0xc5f7, 0xcdf6, 0xc5d5, 0xbdb5, 0xbdb5, 0xc5b5, 0xc5d5, 0xc5d5, 0xc5b5, 0xc5b5,
  0xc5b5, 0xc5b5, 0xbd95, 0xc5b5, 0xc5d6, 0xc5f6, 0xc5f7, 0xc617, 0xce37, 0xce37, 0xce58, 0xce58, 0xce58, 0xdeda, 0xdefb, 0xe71b,
  0xc638, 0xb595, 0xa4f3, 0x4a69, 0x0861, 0x0000, 0x0000, 0x0000, 0x0000, 0x0000, 0x0020, 0x0000, 0x0000, 0x0000, 0x0000, 0x0000,
  0x0000, 0x0000, 0x0000, 0x0000, 0x0000, 0x0000, 0x0000, 0x0000, 0x0000, 0x0000, 0x0000, 0x0000, 0x0000, 0x0000, 0x0000, 0x0000,
  0x0000, 0x0000, 0x0000, 0x0000, 0x0000, 0x0000, 0x0000, 0x0000, 0x0000, 0x0000, 0x0000, 0x0000, 0x0000, 0x0000, 0x0000, 0x0000,
  0x0000, 0x0000, 0x0000, 0x0000, 0x0000, 0x0000, 0x0000, 0x0000, 0x0000, 0x0000, 0x0000, 0x0000, 0x0000, 0x0000, 0x0000, 0x0000,
  0x0000, 0x0000, 0x0000, 0x0000, 0x0000, 0x0000, 0x0000, 0x0000, 0x0000, 0x0000, 0x0000, 0x0000, 0x0000, 0x0000, 0x0000, 0x0000,
  0x0000, 0x0000, 0x0000, 0x0000, 0x0000, 0x0000, 0x0000, 0x0000, 0x0000, 0x0000, 0x0000, 0x0000, 0x0000, 0x0000, 0x0000, 0x0000,
  0x0000, 0x0000, 0x0000, 0x0000, 0x0000, 0x0000, 0x0000, 0x0000, 0x0000, 0x0000, 0x0000, 0x0000, 0x0000, 0x0000, 0x0000, 0x0000,
  0x0000, 0x0000, 0x0000, 0x0000, 0x0000, 0x0000, 0x0000, 0x0000, 0x0000, 0x0000, 0x0000, 0x0000, 0x0000, 0x0000, 0x0000, 0x0000,
  0x0000, 0x0000, 0x0000, 0x0000, 0x0000, 0x0000, 0x0000, 0x0000, 0x0000, 0x0000, 0x0000, 0x0000, 0x0000, 0x0000, 0x0000, 0x0000,
  0x0000, 0x0000, 0x0000, 0x0000, 0x0000, 0x0000, 0x0000, 0x0000, 0x0000, 0x0000, 0x0000, 0x0000, 0x0000, 0x0000, 0x0000, 0x0000,
  0x0000, 0x0000, 0x0000, 0x0000, 0x0000, 0x0000, 0x0000, 0x0000, 0x0000, 0x0000, 0x0000, 0x0000, 0x0000, 0x0000, 0x0000, 0x0000,
  0x0000, 0x0020, 0x0000, 0x0000, 0x0000, 0x0000, 0x0000, 0x18e3, 0x3a07, 0x528a, 0xa554, 0x9cd3, 0xbdf7, 0xef5c, 0xdefb, 0xe71b,
  0xe71c, 0xdf1b, 0xdefb, 0xe71b, 0xdeda, 0xd679, 0xd699, 0xd679, 0xd679, 0xd679, 0xd679, 0xd679, 0xd679, 0xd679, 0xd679, 0xd699,
  0xe6fb, 0xdefb, 0xdefb, 0xe71b, 0xe73c, 0xdedb, 0xdefb, 0xe73c, 0xd69a, 0xa534, 0x8410, 0x39e7, 0x18c3, 0x0000, 0x0000, 0x0000,
  0x0000, 0x0000, 0x0000, 0x0000, 0x0000, 0x0000, 0x0000, 0x0000, 0x0000, 0x0000, 0x0000, 0x0000, 0x0000, 0x0000, 0x0000, 0x0000,
  0x0000, 0x0000, 0x0000, 0x0000, 0x0000, 0x0000, 0x0000, 0x0000, 0x0000, 0x0000, 0x0000, 0x0000, 0x0000, 0x0000, 0x0000, 0x0000,
  0x0000, 0x0000, 0x0000, 0x0000, 0x0000, 0x0000, 0x0000, 0x0000, 0x0000, 0x0000, 0x0000, 0x0000, 0x0000, 0x0000, 0x0000, 0x0000,
  0x0000, 0x0000, 0x0000, 0x0000, 0x0000, 0x0000, 0x0000, 0x0000, 0x0000, 0x0000, 0x0000, 0x0000, 0x0000, 0x0000, 0x0000, 0x0000,
  0x0000, 0x0000, 0x0000, 0x0000, 0x0000, 0x0000, 0x0000, 0x0000, 0x0000, 0x0000, 0x0000, 0x0000, 0x0000, 0x0000, 0x0000, 0x0000,
  0x0000, 0x0000, 0x0000, 0x0000, 0x0000, 0x0000, 0x0000, 0x0000, 0x0000, 0x0000, 0x0000, 0x0000, 0x0000, 0x0000, 0x0000, 0x0000,
  0x0000, 0x0000, 0x0000, 0x0000, 0x0000, 0x0000, 0x0000, 0x0000, 0x0000, 0x0000, 0x0000, 0x0000, 0x0000, 0x0000, 0x0000, 0x0000,
  0x0000, 0x0000, 0x0000, 0x0000, 0x0000, 0x0000, 0x0000, 0x0000, 0x0000, 0x0000, 0x0000, 0x0000, 0x0000, 0x0000, 0x0000, 0x0000,
  0x0000, 0x0000, 0x0000, 0x0000, 0x0000, 0x0000, 0x0000, 0x0000, 0x0000, 0x0000, 0x0000, 0x0000, 0x0000, 0x0000, 0x0000, 0x0000,
  0x0000, 0x0000, 0x0000, 0x0000, 0x0000, 0x0000, 0x0000, 0x0000, 0x0000, 0x0000, 0x0000, 0x0000, 0x0000, 0x0000, 0x0000, 0x0000,
  0x0000, 0x0000, 0x0000, 0x0000, 0x0000, 0x0000, 0x0000, 0x0000, 0x0000, 0x0000, 0x0000, 0x0000, 0x0000, 0x0000, 0x0000, 0x0000,
  0x0000, 0x0000, 0x0000, 0x0000, 0x0000, 0x0000, 0x0000, 0x0000, 0x0861, 0x3186, 0x2124, 0x73ae, 0x94b2, 0x8c51, 0x8430, 0x8410,
  0x94b3, 0xdedb, 0xd6bb, 0xd6ba, 0xd6ba, 0xd6ba, 0xd6ba, 0xd6ba, 0xd6ba, 0xd6ba, 0xdedb, 0xbdf7, 0x8410, 0x8430, 0x8451, 0x8c71,
  0x94b2, 0x39e7, 0x2945, 0x2965, 0x2124, 0x0000, 0x0000, 0x0000, 0x0000, 0x0000, 0x0000, 0x0000, 0x0000, 0x0000, 0x0000, 0x0000,
  0x0000, 0x0000, 0x0000, 0x0000, 0x0000, 0x0000, 0x0000, 0x0000, 0x0000, 0x0000, 0x0000, 0x0000, 0x0000, 0x0000, 0x0000, 0x0000,
  0x0000, 0x0000, 0x0000, 0x0000, 0x0000, 0x0000, 0x0000, 0x0000, 0x0000, 0x0000, 0x0000, 0x0000, 0x0000, 0x0000, 0x0000, 0x0000,
  0x0000, 0x0000, 0x0000, 0x0000, 0x0000, 0x0000, 0x0000, 0x0000, 0x0000, 0x0000, 0x0000, 0x0000, 0x0000, 0x0000, 0x0000, 0x0000,
  0x0000, 0x0000, 0x0000, 0x0000, 0x0000, 0x0000, 0x0000, 0x0000, 0x0000, 0x0000, 0x0000, 0x0000, 0x0000, 0x0000, 0x0000, 0x0000,
  0x0000, 0x0000, 0x0000, 0x0000, 0x0000, 0x0000, 0x0000, 0x0000, 0x0000, 0x0000, 0x0000, 0x0000, 0x0000, 0x0000, 0x0000, 0x0000,
  0x0000, 0x0000, 0x0000, 0x0000, 0x0000, 0x0000, 0x0000, 0x0000, 0x0000, 0x0000, 0x0000, 0x0000, 0x0000, 0x0000, 0x0000, 0x0000,
  0x0000, 0x0000, 0x0000, 0x0000, 0x0000, 0x0000, 0x0000, 0x0000, 0x0000, 0x0000, 0x0000, 0x0000, 0x0000, 0x0000, 0x0000, 0x0000,
  0x0000, 0x0000, 0x0000, 0x0000, 0x0000, 0x0000, 0x0000, 0x0000, 0x0000, 0x0000, 0x0000, 0x0000, 0x0000, 0x0000, 0x0000, 0x0000,
  0x0000, 0x0000, 0x0000, 0x0000, 0x0000, 0x0000, 0x0000, 0x0000, 0x0000, 0x0000, 0x0000, 0x0000, 0x0000, 0x0000, 0x0000, 0x0000,
  0x0000, 0x0000, 0x0000, 0x0000, 0x0000, 0x0000, 0x0000, 0x0000, 0x0000, 0x0000, 0x0000, 0x0000, 0x0000, 0x0000, 0x0000, 0x0000,
  0x0000, 0x0000, 0x0000, 0x0000, 0x0000, 0x0000, 0x0000, 0x0000, 0x0000, 0x0000, 0x0000, 0x0000, 0x0000, 0x0000, 0x0000, 0x0000,
  0x0000, 0x0000, 0x0000, 0x0000, 0x0000, 0x0000, 0x0000, 0x0000, 0x0000, 0x0000, 0x0000, 0x0000, 0x0000, 0x2104, 0x18e3, 0x18e3,
  0x18e3, 0x18e3, 0x18e3, 0x18e3, 0x18e3, 0x18c3, 0x2104, 0x1082, 0x0000, 0x0000, 0x0000, 0x0000, 0x0000, 0x0000, 0x0000, 0x0000,
  0x0000, 0x0000, 0x0000, 0x0000, 0x0000, 0x0000, 0x0000, 0x0000, 0x0000, 0x0000, 0x0000, 0x0000, 0x0000, 0x0000, 0x0000, 0x0000,
  0x0000, 0x0000, 0x0000, 0x0000, 0x0000, 0x0000, 0x0000, 0x0000, 0x0000, 0x0000, 0x0000, 0x0000, 0x0000, 0x0000, 0x0000, 0x0000,
  0x0000, 0x0000, 0x0000, 0x0000, 0x0000, 0x0000, 0x0000, 0x0000, 0x0000, 0x0000, 0x0000, 0x0000, 0x0000, 0x0000, 0x0000, 0x0000,
  0x0000, 0x0000, 0x0000, 0x0000, 0x0000, 0x0000, 0x0000, 0x0000, 0x0000, 0x0000, 0x0000, 0x0000, 0x0000, 0x0000, 0x0000, 0x0000,
  0x0000, 0x0000, 0x0000, 0x0000, 0x0000, 0x0000, 0x0000, 0x0000, 0x0000, 0x0000, 0x0000, 0x0000, 0x0000, 0x0000, 0x0000, 0x0000,
  0x0000, 0x0000, 0x0000, 0x0000, 0x0000, 0x0000, 0x0000, 0x0000, 0x0000, 0x0000, 0x0000, 0x0000, 0x0000, 0x0000, 0x0000, 0x0000,
};
