#pragma once

#include <stdint.h>

constexpr int16_t image_eyeball_width = 220;
constexpr int16_t image_eyeball_height = 176;

const uint16_t image_eyeball[] = {
  0x0000, 0x0000, 0x0000, 0x0000, 0x0000, 0x0000, 0x0000, 0x0000, 0x0000, 0x0000, 0x0000, 0x0000, 0x0000, 0x0000, 0x0000, 0x0000,
  0x0000, 0x0000, 0x0000, 0x0000, 0x0000, 0x0000, 0x0000, 0x0000, 0x0000, 0x0000, 0x0000, 0x0000, 0x0000, 0x0000, 0x0000, 0x0000,
  0x0000, 0x0000, 0x0000, 0x0000, 0x0000, 0x0000, 0x0000, 0x0000, 0x0000, 0x0000, 0x0000, 0x0000, 0x0000, 0x0000, 0x0000, 0x0000,
  0x0000, 0x0000, 0x0000, 0x0000, 0x0000, 0x0000, 0x0000, 0x0000, 0x0000, 0x0000, 0x0000, 0x0000, 0x0000, 0x0000, 0x0000, 0x0000,
  0x0000, 0x0000, 0x0000, 0x0000, 0x0000, 0x0000, 0x0000, 0x0000, 0x0000, 0x0000, 0x0000, 0x0000, 0x0000, 0x0000, 0x0000, 0x0000,
  0x0000, 0x0000, 0x0000, 0x0000, 0x0000, 0x0000, 0x0000, 0x0000, 0x0000, 0x0000, 0x0000, 0x0000, 0x0000, 0x0000, 0x0000, 0x0000,
  0x0000, 0x0000, 0x0000, 0x0000, 0x0000, 0x0000, 0x0000, 0x18c3, 0x0000, 0x18e3, 0x2124, 0x18e3, 0x18e3, 0x18e3, 0x18e3, 0x18e3,
  0x18e3, 0x2104, 0x18c3, 0x0000, 0x0000, 0x0000, 0x0000, 0x0000, 0x0000, 0x0000, 0x0000, 0x0000, 0x0000, 0x0000, 0x0000, 0x0000,
  0x0000, 0x0000, 0x0000, 0x0000, 0x0000, 0x0000, 0x0000, 0x0000, 0x0000, 0x0000, 0x0000, 0x0000, 0x0000, 0x0000, 0x0000, 0x0000,
  0x0000, 0x0000, 0x0000, 0x0000, 0x0000, 0x0000, 0x0000, 0x0000, 0x0000, 0x0000, 0x0000, 0x0000, 0x0000, 0x0000, 0x0000, 0x0000,
  0x0000, 0x0000, 0x0000, 0x0000, 0x0000, 0x0000, 0x0000, 0x0000, 0x0000, 0x0000, 0x0000, 0x0000, 0x0000, 0x0000, 0x0000, 0x0000,
  0x0000, 0x0000, 0x0000, 0x0000, 0x0000, 0x0000, 0x0000, 0x0000, 0x0000, 0x0000, 0x0000, 0x0000, 0x0000, 0x0000, 0x0000, 0x0000,
  0x0000, 0x0000, 0x0000, 0x0000, 0x0000, 0x0000, 0x0000, 0x0000, 0x0000, 0x0000, 0x0000, 0x0000, 0x0000, 0x0000, 0x0000, 0x0000,
  0x0000, 0x0000, 0x0000, 0x0000, 0x0000, 0x0000, 0x0000, 0x0000, 0x0000, 0x0000, 0x0000, 0x0000, 0x0000, 0x0000, 0x0000, 0x0000,
  0x0000, 0x0000, 0x0000, 0x0000, 0x0000, 0x0000, 0x0000, 0x0000, 0x0000, 0x0000, 0x0000, 0x0000, 0x0000, 0x0000, 0x0000, 0x0000,
  0x0000, 0x0000, 0x0000, 0x0000, 0x0000, 0x0000, 0x0000, 0x0000, 0x0000, 0x0000, 0x0000, 0x0000, 0x0000, 0x0000, 0x0000, 0x0000,
  0x0000, 0x0000, 0x0000, 0x0000, 0x0000, 0x0000, 0x0000, 0x0000, 0x0000, 0x0000, 0x0000, 0x0000, 0x0000, 0x0000, 0x0000, 0x0000,
  0x0000, 0x0000, 0x0000, 0x0000, 0x0000, 0x0000, 0x0000, 0x0000, 0x0000, 0x0000, 0x0000, 0x0000, 0x0000, 0x0000, 0x0000, 0x0000,
  0x0000, 0x0000, 0x0000, 0x0000, 0x0000, 0x0000, 0x0000, 0x0000, 0x0000, 0x0000, 0x0000, 0x0000, 0x0000, 0x0000, 0x0000, 0x0000,
  0x0000, 0x0000, 0x0000, 0x0000, 0x0000, 0x0000, 0x0000, 0x0020, 0x0000, 0x0000, 0x0000, 0x0000, 0x0000, 0x2945, 0x3186, 0x0020,
  0x52aa, 0x31a6, 0x39a6, 0x73ae, 0x2965, 0x6b4d, 0xad54, 0xe73c, 0xe6fb, 0xe6fb, 0xe71b, 0xe71b, 0xdefa, 0xef5c, 0x8c71, 0x2944,
  0x2965, 0x3186, 0x18c3, 0x632c, 0x10a2, 0x2104, 0x3185, 0x0000, 0x0000, 0x0000, 0x0000, 0x0000, 0x0000, 0x0000, 0x0000, 0x0000,
  0x0000, 0x0000, 0x0000, 0x0000, 0x0000, 0x0000, 0x0000, 0x0000, 0x0000, 0x0000, 0x0000, 0x0000, 0x0000, 0x0000, 0x0000, 0x0000,
  0x0000, 0x0000, 0x0000, 0x0000, 0x0000, 0x0000, 0x0000, 0x0000, 0x0000, 0x0000, 0x0000, 0x0000, 0x0000, 0x0000, 0x0000, 0x0000,
  0x0000, 0x0000, 0x0000, 0x0000, 0x0000, 0x0000, 0x0000, 0x0000, 0x0000, 0x0000, 0x0000, 0x0000, 0x0000, 0x0000, 0x0000, 0x0000,
  0x0000, 0x0000, 0x0000, 0x0000, 0x0000, 0x0000, 0x0000, 0x0000, 0x0000, 0x0000, 0x0000, 0x0000, 0x0000, 0x0000, 0x0000, 0x0000,
  0x0000, 0x0000, 0x0000, 0x0000, 0x0000, 0x0000, 0x0000, 0x0000, 0x0000, 0x0000, 0x0000, 0x0000, 0x0000, 0x0000, 0x0000, 0x0000,
  0x0000, 0x0000, 0x0000, 0x0000, 0x0000, 0x0000, 0x0000, 0x0000, 0x0000, 0x0000, 0x0000, 0x0000, 0x0000, 0x0000, 0x0000, 0x0000,
  0x0000, 0x0000, 0x0000, 0x0000, 0x0000, 0x0000, 0x0000, 0x0000, 0x0000, 0x0000, 0x0000, 0x0000, 0x0000, 0x0000, 0x0000, 0x0000,
  0x0000, 0x0000, 0x0000, 0x0000, 0x0000, 0x0000, 0x0000, 0x0000, 0x0000, 0x0000, 0x0000, 0x0000, 0x0000, 0x0000, 0x0000, 0x0000,
  0x0000, 0x0000, 0x0000, 0x0000, 0x0000, 0x0000, 0x0000, 0x0000, 0x0000, 0x0000, 0x0000, 0x0000, 0x0000, 0x0000, 0x0000, 0x0000,
  0x0000, 0x0000, 0x0000, 0x0000, 0x0000, 0x0000, 0x0000, 0x0000, 0x0000, 0x0000, 0x0000, 0x0000, 0x0000, 0x0000, 0x0000, 0x0000,
  0x0000, 0x0000, 0x0000, 0x0000, 0x0000, 0x0000, 0x0000, 0x0000, 0x0000, 0x0000, 0x0000, 0x0000, 0x0000, 0x0000, 0x0000, 0x0000,
  0x0000, 0x0000, 0x0000, 0x0000, 0x0000, 0x0000, 0x1082, 0x4228, 0x41e7, 0xc5f7, 0xffbd, 0xad13, 0x9cb2, 0x9cb2, 0xce58, 0xce16,
  0xd677, 0xbdb5, 0xb573, 0xbd94, 0xbd94, 0xbd94, 0xbd94, 0xbd94, 0xbd94, 0xbd94, 0xbdb4, 0xd657, 0xd677, 0xde99, 0xb574, 0x9cd2,
  0x9c91, 0xdeba, 0xef5c, 0x4208, 0x4a28, 0x528a, 0x0000, 0x0000, 0x0000, 0x0000, 0x0000, 0x0000, 0x0000, 0x0000, 0x0000, 0x0000,
  0x0000, 0x0000, 0x0000, 0x0000, 0x0000, 0x0000, 0x0000, 0x0000, 0x0000, 0x0000, 0x0000, 0x0000, 0x0000, 0x0000, 0x0000, 0x0000,
  0x0000, 0x0000, 0x0000, 0x0000, 0x0000, 0x0000, 0x0000, 0x0000, 0x0000, 0x0000, 0x0000, 0x0000, 0x0000, 0x0000, 0x0000, 0x0000,
  0x0000, 0x0000, 0x0000, 0x0000, 0x0000, 0x0000, 0x0000, 0x0000, 0x0000, 0x0000, 0x0000, 0x0000, 0x0000, 0x0000, 0x0000, 0x0000,
  0x0000, 0x0000, 0x0000, 0x0000, 0x0000, 0x0000, 0x0000, 0x0000, 0x0000, 0x0000, 0x0000, 0x0000, 0x0000, 0x0000, 0x0000, 0x0000,
  0x0000, 0x0000, 0x0000, 0x0000, 0x0000, 0x0000, 0x0000, 0x0000, 0x0000, 0x0000, 0x0000, 0x0000, 0x0000, 0x0000, 0x0000, 0x0000,
  0x0000, 0x0000, 0x0000, 0x0000, 0x0000, 0x0000, 0x0000, 0x0000, 0x0000, 0x0000, 0x0000, 0x0000, 0x0000, 0x0000, 0x0000, 0x0000,
  0x0000, 0x0000, 0x0000, 0x0000, 0x0000, 0x0000, 0x0000, 0x0000, 0x0000, 0x0000, 0x0000, 0x0000, 0x0000, 0x0000, 0x0000, 0x0000,
  0x0000, 0x0000, 0x0000, 0x0000, 0x0000, 0x0000, 0x0000, 0x0000, 0x0000, 0x0000, 0x0000, 0x0000, 0x0000, 0x0000, 0x0000, 0x0000,
  0x0000, 0x0000, 0x0000, 0x0000, 0x0000, 0x0000, 0x0000, 0x0000, 0x0000, 0x0000, 0x0000, 0x0000, 0x0000, 0x0000, 0x0000, 0x0000,
  0x0000, 0x0000, 0x0000, 0x0000, 0x0000, 0x0000, 0x0000, 0x0000, 0x0000, 0x0000, 0x0000, 0x0000, 0x0000, 0x0000, 0x0000, 0x0000,
  0x0000, 0x0000, 0x0000, 0x0000, 0x0000, 0x0000, 0x0000, 0x0000, 0x0000, 0x0000, 0x0000, 0x2944, 0x18c3, 0x0000, 0x2124, 0x52aa,
  0x8c50, 0xb574, 0xb554, 0xdeb9, 0xd657, 0xc5d5, 0xbd95, 0xcdf6, 0xcdf6, 0xc5d6, 0xbd94, 0xbdb4, 0xbdb4, 0xbdb4, 0xbdb4, 0xc5b4,
  0xc5b4, 0xc5b4, 0xc5b4, 0xc5b4, 0xc5b4, 0xc5b4, 0xc5b4, 0xc5b4, 0xbd93, 0xbd73, 0xc5d5, 0xcdf6, 0xce16, 0xc5b5, 0xc5b5, 0xd658,
  0xce37, 0x9cb1, 0xad33, 0x840f, 0x5269, 0x4a48, 0x0000, 0x0000, 0x0000, 0x0020, 0x0020, 0x0000, 0x0000, 0x0000, 0x0000, 0x0000,
  0x0000, 0x0000, 0x0000, 0x0000, 0x0000, 0x0000, 0x0000, 0x0000, 0x0000, 0x0000, 0x0000, 0x0000, 0x0000, 0x0000, 0x0000, 0x0000,
  0x0000, 0x0000, 0x0000, 0x0000, 0x0000, 0x0000, 0x0000, 0x0000, 0x0000, 0x0000, 0x0000, 0x0000, 0x0000, 0x0000, 0x0000, 0x0000,
  0x0000, 0x0000, 0x0000, 0x0000, 0x0000, 0x0000, 0x0000, 0x0000, 0x0000, 0x0000, 0x0000, 0x0000, 0x0000, 0x0000, 0x0000, 0x0000,
  0x0000, 0x0000, 0x0000, 0x0000, 0x0000, 0x0000, 0x0000, 0x0000, 0x0000, 0x0000, 0x0000, 0x0000, 0x0000, 0x0000, 0x0000, 0x0000,
  0x0000, 0x0000, 0x0000, 0x0000, 0x0000, 0x0000, 0x0000, 0x0000, 0x0000, 0x0000, 0x0000, 0x0000, 0x0000, 0x0000, 0x0000, 0x0000,
  0x0000, 0x0000, 0x0000, 0x0000, 0x0000, 0x0000, 0x0000, 0x0000, 0x0000, 0x0000, 0x0000, 0x0000, 0x0000, 0x0000, 0x0000, 0x0000,
  0x0000, 0x0000, 0x0000, 0x0000, 0x0000, 0x0000, 0x0000, 0x0000, 0x0000, 0x0000, 0x0000, 0x0000, 0x0000, 0x0000, 0x0000, 0x0000,
  0x0000, 0x0000, 0x0000, 0x0000, 0x0000, 0x0000, 0x0000, 0x0000, 0x0000, 0x0000, 0x0000, 0x0000, 0x0000, 0x0000, 0x0000, 0x0000,
  0x0000, 0x0000, 0x0000, 0x0000, 0x0000, 0x0000, 0x0000, 0x0000, 0x0000, 0x0000, 0x0000, 0x0000, 0x0000, 0x0000, 0x0000, 0x0000,
  0x0000, 0x0000, 0x0000, 0x0000, 0x0000, 0x0000, 0x0000, 0x0000, 0x0000, 0x0000, 0x0000, 0x0000, 0x0000, 0x0000, 0x0000, 0x0000,
  0x0000, 0x0000, 0x0000, 0x0000, 0x1082, 0x0861, 0x4228, 0x8c30, 0xbd95, 0xc5d5, 0xc5d5, 0xde98, 0xce16, 0xc5f5, 0xc5d4, 0xbd73,
  0xbd74, 0xc594, 0xc595, 0xc594, 0xc595, 0xc594, 0xc5b5, 0xc5d4, 0xc5d4, 0xc5d4, 0xc5d4, 0xc5d4, 0xc5d4, 0xc5d4, 0xcdd4, 0xcdd4,
  0xcdd4, 0xcdd4, 0xc5b4, 0xc5b4, 0xc5b4, 0xc5b4, 0xc595, 0xc594, 0xc594, 0xc5b5, 0xc5b5, 0xc594, 0xc594, 0xc5d5, 0xc5d5, 0xce16,
  0xde77, 0xd657, 0xb553, 0xc5d6, 0x7bad, 0xa4f2, 0x39e7, 0x18c3, 0x0000, 0x0000, 0x0000, 0x0000, 0x0000, 0x0000, 0x0000, 0x0000,
  0x0000, 0x0000, 0x0000, 0x0000, 0x0000, 0x0000, 0x0000, 0x0000, 0x0000, 0x0000, 0x0000, 0x0000, 0x0000, 0x0000, 0x0000, 0x0000,
  0x0000, 0x0000, 0x0000, 0x0000, 0x0000, 0x0000, 0x0000, 0x0000, 0x0000, 0x0000, 0x0000, 0x0000, 0x0000, 0x0000, 0x0000, 0x0000,
  0x0000, 0x0000, 0x0000, 0x0000, 0x0000, 0x0000, 0x0000, 0x0000, 0x0000, 0x0000, 0x0000, 0x0000, 0x0000, 0x0000, 0x0000, 0x0000,
  0x0000, 0x0000, 0x0000, 0x0000, 0x0000, 0x0000, 0x0000, 0x0000, 0x0000, 0x0000, 0x0000, 0x0000, 0x0000, 0x0000, 0x0000, 0x0000,
  0x0000, 0x0000, 0x0000, 0x0000, 0x0000, 0x0000, 0x0000, 0x0000, 0x0000, 0x0000, 0x0000, 0x0000, 0x0000, 0x0000, 0x0000, 0x0000,
  0x0000, 0x0000, 0x0000, 0x0000, 0x0000, 0x0000, 0x0000, 0x0000, 0x0000, 0x0000, 0x0000, 0x0000, 0x0000, 0x0000, 0x0000, 0x0000,
  0x0000, 0x0000, 0x0000, 0x0000, 0x0000, 0x0000, 0x0000, 0x0000, 0x0000, 0x0000, 0x0000, 0x0000, 0x0000, 0x0000, 0x0000, 0x0000,
  0x0000, 0x0000, 0x0000, 0x0000, 0x0000, 0x0000, 0x0000, 0x0000, 0x0000, 0x0000, 0x0000, 0x0000, 0x0000, 0x0000, 0x0000, 0x0000,
  0x0000, 0x0000, 0x0000, 0x0000, 0x0000, 0x0000, 0x0000, 0x0000, 0x0000, 0x0000, 0x0000, 0x0000, 0x0000, 0x0000, 0x0000, 0x0000,
  0x0000, 0x0000, 0x0000, 0x0000, 0x0000, 0x0000, 0x0000, 0x0000, 0x0000, 0x0000, 0x0000, 0x0000, 0x0000, 0x39e7, 0x18c3, 0x6b2c,
  0x8c30, 0x9cd1, 0xc5d5, 0xd636, 0xcdf5, 0xc5b4, 0xc594, 0xbd93, 0xbd94, 0xc5b4, 0xc5b4, 0xc5b4, 0xcdb5, 0xcdb5, 0xcdb5, 0xcdb5,
  0xcdd5, 0xcdd5, 0xcdd5, 0xcdd5, 0xcdd5, 0xcdd5, 0xcdd5, 0xcdf5, 0xcdf5, 0xcdf5, 0xcdd5, 0xcdd5, 0xcdd5, 0xcdd5, 0xcdd5, 0xcdd5,
  0xcdd5, 0xcdd5, 0xcdd5, 0xcdd5, 0xcdd5, 0xcdd5, 0xcdd5, 0xcdd5, 0xcdb5, 0xc5b4, 0xc5b4, 0xbd94, 0xbd73, 0xbd94, 0xc5d4, 0xc5d5,
  0xd657, 0xcdf5, 0xb594, 0x8c2f, 0x630b, 0x18c3, 0x2945, 0x2965, 0x0000, 0x0020, 0x0000, 0x0000, 0x0000, 0x0000, 0x0000, 0x0000,
  0x0000, 0x0000, 0x0000, 0x0000, 0x0000, 0x0000, 0x0000, 0x0000, 0x0000, 0x0000, 0x0000, 0x0000, 0x0000, 0x0000, 0x0000, 0x0000,
  0x0000, 0x0000, 0x0000, 0x0000, 0x0000, 0x0000, 0x0000, 0x0000, 0x0000, 0x0000, 0x0000, 0x0000, 0x0000, 0x0000, 0x0000, 0x0000,
  0x0000, 0x0000, 0x0000, 0x0000, 0x0000, 0x0000, 0x0000, 0x0000, 0x0000, 0x0000, 0x0000, 0x0000, 0x0000, 0x0000, 0x0000, 0x0000,
  0x0000, 0x0000, 0x0000, 0x0000, 0x0000, 0x0000, 0x0000, 0x0000, 0x0000, 0x0000, 0x0000, 0x0000, 0x0000, 0x0000, 0x0000, 0x0000,
  0x0000, 0x0000, 0x0000, 0x0000, 0x0000, 0x0000, 0x0000, 0x0000, 0x0000, 0x0000, 0x0000, 0x0000, 0x0000, 0x0000, 0x0000, 0x0000,
  0x0000, 0x0000, 0x0000, 0x0000, 0x0000, 0x0000, 0x0000, 0x0000, 0x0000, 0x0000, 0x0000, 0x0000, 0x0000, 0x0000, 0x0000, 0x0000,
  0x0000, 0x0000, 0x0000, 0x0000, 0x0000, 0x0000, 0x0000, 0x0000, 0x0000, 0x0000, 0x0000, 0x0000, 0x0000, 0x0000, 0x0000, 0x0000,
  0x0000, 0x0000, 0x0000, 0x0000, 0x0000, 0x0000, 0x0000, 0x0000, 0x0000, 0x0000, 0x0000, 0x0000, 0x0000, 0x0000, 0x0000, 0x0000,
  0x0000, 0x0000, 0x0000, 0x0000, 0x0000, 0x0000, 0x0000, 0x0000, 0x0000, 0x0000, 0x0000, 0x0000, 0x0000, 0x0000, 0x0000, 0x0000,
  0x0000, 0x0000, 0x0000, 0x0000, 0x0000, 0x0000, 0x0000, 0x2104, 0x94b2, 0xef5c, 0xd698, 0xde98, 0xd677, 0xcdf5, 0xc594, 0xbd93,
  0xc594, 0xc5b4, 0xcdb5, 0xcdb5, 0xcdb5, 0xcdb5, 0xcdd6, 0xcdd6, 0xcdd5, 0xcdd5, 0xcdd5, 0xcdd5, 0xcdd5, 0xcdd5, 0xcdd5, 0xcdf6,
  0xcdf6, 0xcdf6, 0xcdf6, 0xcdf6, 0xcdf6, 0xcdf6, 0xcdf6, 0xcdf6, 0xcdf6, 0xcdf6, 0xcdf6, 0xcdf6, 0xcdf6, 0xcdf6, 0xcdd5, 0xcdd5,
  0xcdd5, 0xcdd5, 0xcdd5, 0xcdd5, 0xcdd6, 0xcdd6, 0xcdb5, 0xcdd6, 0xcdd6, 0xcdd5, 0xc5b5, 0xc594, 0xbd73, 0xc594, 0xc5d4, 0xce36,
  0xd677, 0xce37, 0xa513, 0x6b4c, 0x2104, 0x0000, 0x0000, 0x0000, 0x0000, 0x0000, 0x0000, 0x0000, 0x0000, 0x0000, 0x0000, 0x0000,
  0x0000, 0x0000, 0x0000, 0x0000, 0x0000, 0x0000, 0x0000, 0x0000, 0x0000, 0x0000, 0x0000, 0x0000, 0x0000, 0x0000, 0x0000, 0x0000,
  0x0000, 0x0000, 0x0000, 0x0000, 0x0000, 0x0000, 0x0000, 0x0000, 0x0000, 0x0000, 0x0000, 0x0000, 0x0000, 0x0000, 0x0000, 0x0000,
  0x0000, 0x0000, 0x0000, 0x0000, 0x0000, 0x0000, 0x0000, 0x0000, 0x0000, 0x0000, 0x0000, 0x0000, 0x0000, 0x0000, 0x0000, 0x0000,
  0x0000, 0x0000, 0x0000, 0x0000, 0x0000, 0x0000, 0x0000, 0x0000, 0x0000, 0x0000, 0x0000, 0x0000, 0x0000, 0x0000, 0x0000, 0x0000,
  0x0000, 0x0000, 0x0000, 0x0000, 0x0000, 0x0000, 0x0000, 0x0000, 0x0000, 0x0000, 0x0000, 0x0000, 0x0000, 0x0000, 0x0000, 0x0000,
  0x0000, 0x0000, 0x0000, 0x0000, 0x0000, 0x0000, 0x0000, 0x0000, 0x0000, 0x0000, 0x0000, 0x0000, 0x0000, 0x0000, 0x0000, 0x0000,
  0x0000, 0x0000, 0x0000, 0x0000, 0x0000, 0x0000, 0x0000, 0x0000, 0x0000, 0x0000, 0x0000, 0x0000, 0x0000, 0x0000, 0x0000, 0x0000,
  0x0000, 0x0000, 0x0000, 0x0000, 0x0000, 0x0000, 0x0000, 0x0000, 0x0000, 0x0000, 0x0000, 0x0000, 0x0000, 0x0000, 0x0000, 0x0000,
  0x0000, 0x0000, 0x0000, 0x0000, 0x0000, 0x0000, 0x0000, 0x0000, 0x0000, 0x0000, 0x0000, 0x0000, 0x0000, 0x0000, 0x0000, 0x0000,
  0x1061, 0x4208, 0x5289, 0xe6fa, 0xe6da, 0xc5b5, 0xbd94, 0xbd73, 0xbd73, 0xc594, 0xc5b4, 0xc5b4, 0xcdb5, 0xcdd5, 0xcdd5, 0xcdd5,
  0xcdd5, 0xcdd5, 0xcdf5, 0xcdf6, 0xcdf6, 0xcdf6, 0xcdf6, 0xcdf6, 0xcdf6, 0xcdf6, 0xce16, 0xcdf6, 0xcdf6, 0xce17, 0xce17, 0xce17,
  0xce17, 0xce17, 0xce17, 0xce17, 0xce17, 0xce17, 0xce17, 0xce17, 0xce17, 0xce16, 0xce16, 0xce16, 0xce16, 0xcdf6, 0xcdf6, 0xcdf6,
  0xcdf6, 0xcdd6, 0xcdd6, 0xcdd6, 0xcdb6, 0xcdd6, 0xcdd6, 0xcdb5, 0xcdb5, 0xcdb4, 0xc5b4, 0xbd74, 0xbd94, 0xbd94, 0xcdf6, 0xd637,
  0xd679, 0x8c30, 0x2104, 0x0000, 0x0000, 0x0000, 0x0000, 0x0000, 0x0000, 0x0000, 0x0000, 0x0000, 0x0000, 0x0000, 0x0000, 0x0000,
  0x0000, 0x0000, 0x0000, 0x0000, 0x0000, 0x0000, 0x0000, 0x0000, 0x0000, 0x0000, 0x0000, 0x0000, 0x0000, 0x0000, 0x0000, 0x0000,
  0x0000, 0x0000, 0x0000, 0x0000, 0x0000, 0x0000, 0x0000, 0x0000, 0x0000, 0x0000, 0x0000, 0x0000, 0x0000, 0x0000, 0x0000, 0x0000,
  0x0000, 0x0000, 0x0000, 0x0000, 0x0000, 0x0000, 0x0000, 0x0000, 0x0000, 0x0000, 0x0000, 0x0000, 0x0000, 0x0000, 0x0000, 0x0000,
  0x0000, 0x0000, 0x0000, 0x0000, 0x0000, 0x0000, 0x0000, 0x0000, 0x0000, 0x0000, 0x0000, 0x0000, 0x0000, 0x0000, 0x0000, 0x0000,
  0x0000, 0x0000, 0x0000, 0x0000, 0x0000, 0x0000, 0x0000, 0x0000, 0x0000, 0x0000, 0x0000, 0x0000, 0x0000, 0x0000, 0x0000, 0x0000,
  0x0000, 0x0000, 0x0000, 0x0000, 0x0000, 0x0000, 0x0000, 0x0000, 0x0000, 0x0000, 0x0000, 0x0000, 0x0000, 0x0000, 0x0000, 0x0000,
  0x0000, 0x0000, 0x0000, 0x0000, 0x0000, 0x0000, 0x0000, 0x0000, 0x0000, 0x0000, 0x0000, 0x0000, 0x0000, 0x0000, 0x0000, 0x0000,
  0x0000, 0x0000, 0x0000, 0x0000, 0x0000, 0x0000, 0x0000, 0x0000, 0x0000, 0x0000, 0x0000, 0x0000, 0x0000, 0x0000, 0x0000, 0x0000,
  0x0000, 0x0000, 0x0000, 0x0000, 0x0000, 0x0000, 0x0000, 0x0020, 0x0000, 0x0000, 0x0000, 0x3186, 0xbd95, 0xce37, 0xde78, 0xc594,
  0xbd74, 0xc594, 0xc594, 0xc5b4, 0xc5b4, 0xcdb5, 0xcdd5, 0xcdd5, 0xcdd5, 0xcdd5, 0xcdf5, 0xcdf5, 0xcdf5, 0xcdf5, 0xce16, 0xce16,
  0xcdf6, 0xce17, 0xce17, 0xce17, 0xce17, 0xce17, 0xd617, 0xd617, 0xd617, 0xd617, 0xd617, 0xd637, 0xd637, 0xd637, 0xd637, 0xd637,
  0xd637, 0xd637, 0xd637, 0xd637, 0xd637, 0xd637, 0xce16, 0xce16, 0xce16, 0xce16, 0xce16, 0xce16, 0xcdf6, 0xd5f6, 0xcdf6, 0xcdf6,
  0xcdf6, 0xcdf6, 0xcdd6, 0xcdd6, 0xcdd5, 0xcdd5, 0xcdb5, 0xcdb5, 0xcdb5, 0xc5b5, 0xc594, 0xbd74, 0xbd74, 0xd637, 0xc5d6, 0xb554,
  0x8c30, 0x2104, 0x0000, 0x0000, 0x0000, 0x0000, 0x0000, 0x0000, 0x0000, 0x0000, 0x0000, 0x0000, 0x0000, 0x0000, 0x0000, 0x0000,
  0x0000, 0x0000, 0x0000, 0x0000, 0x0000, 0x0000, 0x0000, 0x0000, 0x0000, 0x0000, 0x0000, 0x0000, 0x0000, 0x0000, 0x0000, 0x0000,
  0x0000, 0x0000, 0x0000, 0x0000, 0x0000, 0x0000, 0x0000, 0x0000, 0x0000, 0x0000, 0x0000, 0x0000, 0x0000, 0x0000, 0x0000, 0x0000,
  0x0000, 0x0000, 0x0000, 0x0000, 0x0000, 0x0000, 0x0000, 0x0000, 0x0000, 0x0000, 0x0000, 0x0000, 0x0000, 0x0000, 0x0000, 0x0000,
  0x0000, 0x0000, 0x0000, 0x0000, 0x0000, 0x0000, 0x0000, 0x0000, 0x0000, 0x0000, 0x0000, 0x0000, 0x0000, 0x0000, 0x0000, 0x0000,
  0x0000, 0x0000, 0x0000, 0x0000, 0x0000, 0x0000, 0x0000, 0x0000, 0x0000, 0x0000, 0x0000, 0x0000, 0x0000, 0x0000, 0x0000, 0x0000,
  0x0000, 0x0000, 0x0000, 0x0000, 0x0000, 0x0000, 0x0000, 0x0000, 0x0000, 0x0000, 0x0000, 0x0000, 0x0000, 0x0000, 0x0000, 0x0000,
  0x0000, 0x0000, 0x0000, 0x0000, 0x0000, 0x0000, 0x0000, 0x0000, 0x0000, 0x0000, 0x0000, 0x0000, 0x0000, 0x0000, 0x0000, 0x0000,
  0x0000, 0x0000, 0x0000, 0x0000, 0x0000, 0x0000, 0x0000, 0x0000, 0x0000, 0x0000, 0x0000, 0x0000, 0x0000, 0x0000, 0x0000, 0x0000,
  0x0000, 0x0000, 0x0000, 0x0000, 0x0000, 0x2124, 0xb595, 0xce17, 0xd637, 0xc5b5, 0xbd74, 0xc594, 0xc5b5, 0xc5b5, 0xcdd5, 0xcdd5,
  0xcdd5, 0xcdd5, 0xcdf5, 0xcdf5, 0xcdf6, 0xcdf6, 0xcdf6, 0xce16, 0xce16, 0xce16, 0xd636, 0xce37, 0xd617, 0xd637, 0xd637, 0xd637,
  0xd637, 0xd637, 0xd637, 0xd638, 0xde58, 0xd638, 0xd638, 0xd638, 0xd658, 0xd658, 0xd658, 0xd658, 0xd658, 0xd658, 0xd658, 0xd658,
  0xd658, 0xd637, 0xd637, 0xd637, 0xd637, 0xd637, 0xd637, 0xd637, 0xd637, 0xd637, 0xd617, 0xd617, 0xd617, 0xd617, 0xd5f6, 0xcdf6,
  0xcdf6, 0xcdf6, 0xcdd5, 0xcdd5, 0xcdd5, 0xcdd5, 0xcdd5, 0xc5b5, 0xc594, 0xbd74, 0xc5d5, 0xcdf6, 0xd678, 0xde99, 0x6b6d, 0x0841,
  0x0000, 0x0000, 0x0000, 0x0000, 0x0000, 0x0000, 0x0000, 0x0000, 0x0000, 0x0000, 0x0000, 0x0000, 0x0000, 0x0000, 0x0000, 0x0000,
  0x0000, 0x0000, 0x0000, 0x0000, 0x0000, 0x0000, 0x0000, 0x0000, 0x0000, 0x0000, 0x0000, 0x0000, 0x0000, 0x0000, 0x0000, 0x0000,
  0x0000, 0x0000, 0x0000, 0x0000, 0x0000, 0x0000, 0x0000, 0x0000, 0x0000, 0x0000, 0x0000, 0x0000, 0x0000, 0x0000, 0x0000, 0x0000,
  0x0000, 0x0000, 0x0000, 0x0000, 0x0000, 0x0000, 0x0000, 0x0000, 0x0000, 0x0000, 0x0000, 0x0000, 0x0000, 0x0000, 0x0000, 0x0000,
  0x0000, 0x0000, 0x0000, 0x0000, 0x0000, 0x0000, 0x0000, 0x0000, 0x0000, 0x0000, 0x0000, 0x0000, 0x0000, 0x0000, 0x0000, 0x0000,
  0x0000, 0x0000, 0x0000, 0x0000, 0x0000, 0x0000, 0x0000, 0x0000, 0x0000, 0x0000, 0x0000, 0x0000, 0x0000, 0x0000, 0x0000, 0x0000,
  0x0000, 0x0000, 0x0000, 0x0000, 0x0000, 0x0000, 0x0000, 0x0000, 0x0000, 0x0000, 0x0000, 0x0000, 0x0000, 0x0000, 0x0000, 0x0000,
  0x0000, 0x0000, 0x0000, 0x0000, 0x0000, 0x0000, 0x0000, 0x0000, 0x0000, 0x0000, 0x0000, 0x0000, 0x0000, 0x0000, 0x0000, 0x0000,
  0x0000, 0x0000, 0x0000, 0x0000, 0x0000, 0x0000, 0x0000, 0x0000, 0x0000, 0x0000, 0x0000, 0x0000, 0x0020, 0x0020, 0x0020, 0x738d,
  0xb574, 0xcdf6, 0xce16, 0xbd95, 0xbd94, 0xc5b4, 0xc5b4, 0xcdb5, 0xcdd5, 0xcdd5, 0xcdd5, 0xcdf5, 0xcdf5, 0xcdf6, 0xcdf6, 0xce16,
  0xd616, 0xd616, 0xd616, 0xd617, 0xd637, 0xd637, 0xd657, 0xd657, 0xd637, 0xd657, 0xd658, 0xd658, 0xd658, 0xd658, 0xd658, 0xde58,
  0xe679, 0xde38, 0xde58, 0xd658, 0xd658, 0xd658, 0xd658, 0xd658, 0xd658, 0xd658, 0xd658, 0xd658, 0xd658, 0xd658, 0xd658, 0xd658,
  0xd658, 0xd658, 0xd658, 0xd657, 0xd657, 0xd658, 0xd638, 0xd637, 0xd637, 0xd637, 0xd617, 0xd617, 0xce16, 0xce16, 0xcdf6, 0xcdf6,
  0xcdf6, 0xcdf6, 0xcdd6, 0xcdd5, 0xcdd5, 0xcdb5, 0xc5b5, 0xc594, 0xbd73, 0xc5b5, 0xce16, 0xce37, 0x62eb, 0x1082, 0x0000, 0x0000,
  0x0000, 0x0000, 0x0000, 0x0000, 0x0000, 0x0000, 0x0000, 0x0000, 0x0000, 0x0000, 0x0000, 0x0000, 0x0000, 0x0000, 0x0000, 0x0000,
  0x0000, 0x0000, 0x0000, 0x0000, 0x0000, 0x0000, 0x0000, 0x0000, 0x0000, 0x0000, 0x0000, 0x0000, 0x0000, 0x0000, 0x0000, 0x0000,
  0x0000, 0x0000, 0x0000, 0x0000, 0x0000, 0x0000, 0x0000, 0x0000, 0x0000, 0x0000, 0x0000, 0x0000, 0x0000, 0x0000, 0x0000, 0x0000,
  0x0000, 0x0000, 0x0000, 0x0000, 0x0000, 0x0000, 0x0000, 0x0000, 0x0000, 0x0000, 0x0000, 0x0000, 0x0000, 0x0000, 0x0000, 0x0000,
  0x0000, 0x0000, 0x0000, 0x0000, 0x0000, 0x0000, 0x0000, 0x0000, 0x0000, 0x0000, 0x0000, 0x0000, 0x0000, 0x0000, 0x0000, 0x0000,
  0x0000, 0x0000, 0x0000, 0x0000, 0x0000, 0x0000, 0x0000, 0x0000, 0x0000, 0x0000, 0x0000, 0x0000, 0x0000, 0x0000, 0x0000, 0x0000,
  0x0000, 0x0000, 0x0000, 0x0000, 0x0000, 0x0000, 0x0000, 0x0000, 0x0000, 0x0000, 0x0000, 0x0000, 0x0000, 0x0000, 0x0000, 0x0000,
  0x0000, 0x0000, 0x0000, 0x0000, 0x0000, 0x0000, 0x0000, 0x0000, 0x0000, 0x0000, 0x0000, 0x0000, 0x0000, 0x0000, 0x0000, 0x0000,
  0x0000, 0x0000, 0x0000, 0x0000, 0x0000, 0x0000, 0x0000, 0x0000, 0x0000, 0x4208, 0x9471, 0xdeb9, 0xcdf6, 0xc5b5, 0xc594, 0xc5b5,
  0xcdd5, 0xcdb5, 0xcdb5, 0xcdd5, 0xcdd5, 0xcdf5, 0xcdf6, 0xcdf6, 0xce16, 0xce16, 0xd616, 0xd636, 0xd617, 0xd637, 0xd617, 0xd637,
  0xd637, 0xd637, 0xd657, 0xd658, 0xd658, 0xd658, 0xd658, 0xd678, 0xd678, 0xd678, 0xde78, 0xde58, 0xde38, 0xde38, 0xde79, 0xde79,
  0xde79, 0xde79, 0xd679, 0xd679, 0xd679, 0xd679, 0xd678, 0xd679, 0xd679, 0xd678, 0xd678, 0xd678, 0xd678, 0xd658, 0xd658, 0xd658,
  0xd658, 0xd658, 0xd638, 0xd637, 0xd637, 0xd638, 0xd637, 0xd617, 0xd637, 0xd617, 0xce16, 0xce16, 0xce16, 0xce16, 0xcdf6, 0xcdf6,
  0xcdd6, 0xcdd5, 0xcdd5, 0xcdd5, 0xc5d5, 0xc594, 0xbd94, 0xc5d5, 0xcdf6, 0xd658, 0x52aa, 0x0020, 0x0000, 0x0000, 0x0000, 0x0000,
  0x0000, 0x0000, 0x0000, 0x0000, 0x0000, 0x0000, 0x0000, 0x0000, 0x0000, 0x0000, 0x0000, 0x0000, 0x0000, 0x0000, 0x0000, 0x0000,
  0x0000, 0x0000, 0x0000, 0x0000, 0x0000, 0x0000, 0x0000, 0x0000, 0x0000, 0x0000, 0x0000, 0x0000, 0x0000, 0x0000, 0x0000, 0x0000,
  0x0000, 0x0000, 0x0000, 0x0000, 0x0000, 0x0000, 0x0000, 0x0000, 0x0000, 0x0000, 0x0000, 0x0000, 0x0000, 0x0000, 0x0000, 0x0000,
  0x0000, 0x0000, 0x0000, 0x0000, 0x0000, 0x0000, 0x0000, 0x0000, 0x0000, 0x0000, 0x0000, 0x0000, 0x0000, 0x0000, 0x0000, 0x0000,
  0x0000, 0x0000, 0x0000, 0x0000, 0x0000, 0x0000, 0x0000, 0x0000, 0x0000, 0x0000, 0x0000, 0x0000, 0x0000, 0x0000, 0x0000, 0x0000,
  0x0000, 0x0000, 0x0000, 0x0000, 0x0000, 0x0000, 0x0000, 0x0000, 0x0000, 0x0000, 0x0000, 0x0000, 0x0000, 0x0000, 0x0000, 0x0000,
  0x0000, 0x0000, 0x0000, 0x0000, 0x0000, 0x0000, 0x0000, 0x0000, 0x0000, 0x0000, 0x0000, 0x0000, 0x0000, 0x0000, 0x0000, 0x0000,
  0x0000, 0x0000, 0x0000, 0x0000, 0x0000, 0x0000, 0x0000, 0x0000, 0x0000, 0x0000, 0x0000, 0x0000, 0x0000, 0x0000, 0x0000, 0x0000,
  0x0020, 0x0000, 0x18e3, 0x39c6, 0x83ef, 0xc5f6, 0xce16, 0xbd74, 0xbd94, 0xc5b5, 0xcdb5, 0xcdd5, 0xcdd5, 0xcdd5, 0xcdd5, 0xcdf5,
  0xcdf6, 0xce16, 0xce16, 0xce16, 0xce36, 0xd637, 0xd637, 0xd657, 0xd617, 0xd637, 0xde58, 0xd658, 0xd658, 0xd658, 0xd658, 0xd678,
  0xd678, 0xd678, 0xd678, 0xd678, 0xde79, 0xde79, 0xde79, 0xde59, 0xde58, 0xde38, 0xde79, 0xde79, 0xde79, 0xde79, 0xde99, 0xde99,
  0xde99, 0xde99, 0xde79, 0xd679, 0xd679, 0xde99, 0xde79, 0xde79, 0xde79, 0xd679, 0xd679, 0xd679, 0xd679, 0xde58, 0xd658, 0xd658,
  0xd658, 0xd658, 0xd638, 0xd638, 0xd637, 0xd637, 0xd637, 0xd637, 0xd637, 0xce17, 0xce17, 0xcdf6, 0xd5f6, 0xcdf6, 0xcdf6, 0xcdd5,
  0xcdd5, 0xcdd5, 0xc5b4, 0xc5b4, 0xbd94, 0xc5b5, 0xd657, 0xb554, 0x5289, 0x0020, 0x0000, 0x0000, 0x0000, 0x0000, 0x0000, 0x0000,
  0x0000, 0x0000, 0x0000, 0x0000, 0x0000, 0x0000, 0x0000, 0x0000, 0x0000, 0x0000, 0x0000, 0x0000, 0x0000, 0x0000, 0x0000, 0x0000,
  0x0000, 0x0000, 0x0000, 0x0000, 0x0000, 0x0000, 0x0000, 0x0000, 0x0000, 0x0000, 0x0000, 0x0000, 0x0000, 0x0000, 0x0000, 0x0000,
  0x0000, 0x0000, 0x0000, 0x0000, 0x0000, 0x0000, 0x0000, 0x0000, 0x0000, 0x0000, 0x0000, 0x0000, 0x0000, 0x0000, 0x0000, 0x0000,
  0x0000, 0x0000, 0x0000, 0x0000, 0x0000, 0x0000, 0x0000, 0x0000, 0x0000, 0x0000, 0x0000, 0x0000, 0x0000, 0x0000, 0x0000, 0x0000,
  0x0000, 0x0000, 0x0000, 0x0000, 0x0000, 0x0000, 0x0000, 0x0000, 0x0000, 0x0000, 0x0000, 0x0000, 0x0000, 0x0000, 0x0000, 0x0000,
  0x0000, 0x0000, 0x0000, 0x0000, 0x0000, 0x0000, 0x0000, 0x0000, 0x0000, 0x0000, 0x0000, 0x0000, 0x0000, 0x0000, 0x0000, 0x0000,
  0x0000, 0x0000, 0x0000, 0x0000, 0x0000, 0x0000, 0x0000, 0x0000, 0x0000, 0x0000, 0x0000, 0x0000, 0x0000, 0x0000, 0x0000, 0x0000,
  0x0000, 0x0000, 0x0000, 0x0000, 0x0000, 0x0000, 0x0000, 0x0000, 0x0000, 0x0000, 0x0000, 0x0000, 0x0000, 0x31a6, 0xe6fa, 0xe6b8,
  0xd636, 0xc5b4, 0xbd74, 0xc5b4, 0xc5b4, 0xc5b5, 0xcdd5, 0xcdf5, 0xcdf6, 0xcdf6, 0xcdf6, 0xd616, 0xd616, 0xce17, 0xce37, 0xd637,
  0xd637, 0xd657, 0xd657, 0xd658, 0xd657, 0xd637, 0xde58, 0xde58, 0xde58, 0xde78, 0xde78, 0xde99, 0xd699, 0xd699, 0xd699, 0xde99,
  0xde99, 0xde99, 0xde99, 0xe69a, 0xde59, 0xd618, 0xde79, 0xde99, 0xde99, 0xde99, 0xde99, 0xde99, 0xde99, 0xde9a, 0xde99, 0xd679,
  0xde99, 0xde99, 0xde99, 0xde99, 0xde99, 0xde99, 0xde99, 0xde99, 0xde99, 0xde79, 0xde79, 0xd679, 0xd679, 0xd679, 0xd658, 0xd658,
  0xd658, 0xd658, 0xd658, 0xd657, 0xd657, 0xd637, 0xce37, 0xd637, 0xd617, 0xd616, 0xd5f6, 0xcdf6, 0xcdf5, 0xcdd5, 0xcdd5, 0xcdd5,
  0xcdd5, 0xc5b4, 0xbd73, 0xcdf5, 0xde77, 0xbd74, 0x528a, 0x0000, 0x0000, 0x0020, 0x0000, 0x0000, 0x0000, 0x0000, 0x0000, 0x0000,
  0x0000, 0x0000, 0x0000, 0x0000, 0x0000, 0x0000, 0x0000, 0x0000, 0x0000, 0x0000, 0x0000, 0x0000, 0x0000, 0x0000, 0x0000, 0x0000,
  0x0000, 0x0000, 0x0000, 0x0000, 0x0000, 0x0000, 0x0000, 0x0000, 0x0000, 0x0000, 0x0000, 0x0000, 0x0000, 0x0000, 0x0000, 0x0000,
  0x0000, 0x0000, 0x0000, 0x0000, 0x0000, 0x0000, 0x0000, 0x0000, 0x0000, 0x0000, 0x0000, 0x0000, 0x0000, 0x0000, 0x0000, 0x0000,
  0x0000, 0x0000, 0x0000, 0x0000, 0x0000, 0x0000, 0x0000, 0x0000, 0x0000, 0x0000, 0x0000, 0x0000, 0x0000, 0x0000, 0x0000, 0x0000,
  0x0000, 0x0000, 0x0000, 0x0000, 0x0000, 0x0000, 0x0000, 0x0000, 0x0000, 0x0000, 0x0000, 0x0000, 0x0000, 0x0000, 0x0000, 0x0000,
  0x0000, 0x0000, 0x0000, 0x0000, 0x0000, 0x0000, 0x0000, 0x0000, 0x0000, 0x0000, 0x0000, 0x0000, 0x0000, 0x0000, 0x0000, 0x0000,
  0x0000, 0x0000, 0x0000, 0x0000, 0x0000, 0x0000, 0x0000, 0x0000, 0x0000, 0x0000, 0x0000, 0x0000, 0x0000, 0x0000, 0x0000, 0x0000,
  0x0000, 0x0000, 0x0000, 0x0000, 0x0000, 0x0000, 0x1082, 0x39e7, 0x5289, 0xd679, 0xd637, 0xbd73, 0xbd73, 0xc5b4, 0xc5b4, 0xc5d5,
  0xcdd5, 0xcdf5, 0xcdf6, 0xcdf6, 0xcdf6, 0xce17, 0xd617, 0xd617, 0xd637, 0xd637, 0xd637, 0xd658, 0xd658, 0xd658, 0xd678, 0xd678,
  0xde79, 0xd618, 0xde58, 0xde79, 0xde79, 0xde99, 0xde99, 0xde99, 0xde99, 0xde99, 0xde99, 0xdeb9, 0xdeba, 0xdeb9, 0xde99, 0xde9a,
  0xde79, 0xcdd7, 0xde39, 0xe69a, 0xde9a, 0xde9a, 0xde9a, 0xde9a, 0xde9a, 0xde9a, 0xde9a, 0xde79, 0xde9a, 0xdeba, 0xde9a, 0xde9a,
  0xde9a, 0xde9a, 0xde9a, 0xde9a, 0xde99, 0xde99, 0xde99, 0xde79, 0xde79, 0xde79, 0xde79, 0xd679, 0xde78, 0xd678, 0xd658, 0xd658,
  0xd658, 0xd658, 0xd658, 0xd637, 0xd637, 0xd637, 0xd617, 0xce16, 0xce16, 0xcdf6, 0xcdf6, 0xcdd5, 0xcdd5, 0xcdd5, 0xcdd5, 0xc594,
  0xbd73, 0xd5f5, 0xef1b, 0x840f, 0x0000, 0x0000, 0x0000, 0x0000, 0x0861, 0x2104, 0x0000, 0x0000, 0x0000, 0x0000, 0x0000, 0x0000,
  0x0000, 0x0000, 0x0000, 0x0000, 0x0000, 0x0000, 0x0000, 0x0000, 0x0000, 0x0000, 0x0000, 0x0000, 0x0000, 0x0000, 0x0000, 0x0000,
  0x0000, 0x0000, 0x0000, 0x0000, 0x0000, 0x0000, 0x0000, 0x0000, 0x0000, 0x0000, 0x0000, 0x0000, 0x0000, 0x0000, 0x0000, 0x0000,
  0x0000, 0x0000, 0x0000, 0x0000, 0x0000, 0x0000, 0x0000, 0x0000, 0x0000, 0x0000, 0x0000, 0x0000, 0x0000, 0x0000, 0x0000, 0x0000,
  0x0000, 0x0000, 0x0000, 0x0000, 0x0000, 0x0000, 0x0000, 0x0000, 0x0000, 0x0000, 0x0000, 0x0000, 0x0000, 0x0000, 0x0000, 0x0000,
  0x0000, 0x0000, 0x0000, 0x0000, 0x0000, 0x0000, 0x0000, 0x0000, 0x0000, 0x0000, 0x0000, 0x0000, 0x0000, 0x0000, 0x0000, 0x0000,
  0x0000, 0x0000, 0x0000, 0x0000, 0x0000, 0x0000, 0x0000, 0x0000, 0x0000, 0x0000, 0x0000, 0x0000, 0x0000, 0x0000, 0x0000, 0x0000,
  0x0000, 0x0000, 0x0000, 0x0000, 0x0000, 0x0000, 0x0000, 0x0000, 0x0000, 0x0000, 0x0000, 0x0000, 0x0000, 0x0000, 0x0000, 0x0020,
  0x0000, 0x39e7, 0x5aeb, 0xded9, 0xde98, 0xc5b5, 0xbd94, 0xc5b4, 0xc5b4, 0xc5d5, 0xc5d5, 0xc5d5, 0xc5f6, 0xcdf6, 0xcdf6, 0xce17,
  0xce17, 0xd637, 0xd637, 0xd657, 0xd658, 0xd638, 0xd658, 0xd658, 0xd658, 0xd658, 0xd658, 0xd658, 0xde79, 0xde59, 0xd618, 0xe679,
  0xde99, 0xde99, 0xd699, 0xdeb9, 0xdeba, 0xdeba, 0xdeba, 0xdeba, 0xdeba, 0xdeba, 0xdeda, 0xdeba, 0xdedb, 0xd659, 0xd5f8, 0xe6bb,
  0xdeba, 0xe6bb, 0xe69a, 0xe6ba, 0xe6ba, 0xdeba, 0xd679, 0xde9a, 0xd638, 0xe6ba, 0xe6ba, 0xdeba, 0xe6ba, 0xe69a, 0xde9a, 0xde9a,
  0xde9a, 0xde99, 0xde99, 0xde99, 0xde9a, 0xde9a, 0xde99, 0xde79, 0xde99, 0xde79, 0xd678, 0xd678, 0xd678, 0xd678, 0xd658, 0xd658,
  0xd657, 0xd657, 0xd637, 0xce37, 0xce17, 0xce17, 0xcdf6, 0xcdf6, 0xcdd6, 0xcdd5, 0xcdd5, 0xcdb5, 0xc5b4, 0xc594, 0xbd74, 0xce16,
  0xb594, 0x5aaa, 0x0000, 0x0000, 0x0841, 0x1082, 0x0000, 0x0000, 0x0000, 0x0000, 0x0000, 0x0000, 0x0000, 0x0000, 0x0000, 0x0000,
  0x0000, 0x0000, 0x0000, 0x0000, 0x0000, 0x0000, 0x0000, 0x0000, 0x0000, 0x0000, 0x0000, 0x0000, 0x0000, 0x0000, 0x0000, 0x0000,
  0x0000, 0x0000, 0x0000, 0x0000, 0x0000, 0x0000, 0x0000, 0x0000, 0x0000, 0x0000, 0x0000, 0x0000, 0x0000, 0x0000, 0x0000, 0x0000,
  0x0000, 0x0000, 0x0000, 0x0000, 0x0000, 0x0000, 0x0000, 0x0000, 0x0000, 0x0000, 0x0000, 0x0000, 0x0000, 0x0000, 0x0000, 0x0000,
  0x0000, 0x0000, 0x0000, 0x0000, 0x0000, 0x0000, 0x0000, 0x0000, 0x0000, 0x0000, 0x0000, 0x0000, 0x0000, 0x0000, 0x0000, 0x0000,
  0x0000, 0x0000, 0x0000, 0x0000, 0x0000, 0x0000, 0x0000, 0x0000, 0x0000, 0x0000, 0x0000, 0x0000, 0x0000, 0x0000, 0x0000, 0x0000,
  0x0000, 0x0000, 0x0000, 0x0000, 0x0000, 0x0000, 0x0000, 0x0000, 0x0000, 0x0000, 0x0000, 0x0000, 0x0000, 0x0000, 0x0000, 0x0000,
  0x0000, 0x0000, 0x0000, 0x0000, 0x0000, 0x0000, 0x0000, 0x0000, 0x0000, 0x0000, 0x0000, 0x0000, 0x2103, 0x632c, 0xe6fa, 0xc5d5,
  0xb573, 0xc5b4, 0xc5b4, 0xc5b5, 0xcdd5, 0xcdf5, 0xcdd5, 0xcdf6, 0xce16, 0xce16, 0xce17, 0xd637, 0xd637, 0xd638, 0xd658, 0xd658,
  0xd658, 0xd658, 0xd658, 0xd658, 0xd658, 0xd678, 0xd678, 0xd678, 0xd638, 0xe69a, 0xd5f8, 0xde59, 0xe69a, 0xdeba, 0xdeba, 0xdeba,
  0xdeda, 0xdeda, 0xdeda, 0xdeba, 0xdeda, 0xdeba, 0xde9a, 0xe6db, 0xe6bb, 0xe6bb, 0xde39, 0xe69a, 0xe6db, 0xe6db, 0xe6ba, 0xe6da,
  0xe6da, 0xe6da, 0xe6ba, 0xdeba, 0xce17, 0xde9a, 0xe6db, 0xde9a, 0xe69a, 0xe6ba, 0xde9a, 0xde9a, 0xdeba, 0xde9a, 0xde9a, 0xde9a,
  0xdeba, 0xdeba, 0xde9a, 0xde99, 0xde99, 0xde99, 0xde99, 0xde99, 0xde99, 0xde79, 0xd678, 0xd658, 0xd658, 0xd658, 0xd658, 0xd637,
  0xd637, 0xce37, 0xce17, 0xd617, 0xd5f6, 0xcdf6, 0xcdf5, 0xcdd5, 0xcdd5, 0xcdb5, 0xc5b4, 0xbd94, 0xc5d5, 0xe6fa, 0x6b6c, 0x2965,
  0x0020, 0x0000, 0x0000, 0x0000, 0x0000, 0x0000, 0x0000, 0x0000, 0x0000, 0x0000, 0x0000, 0x0000, 0x0000, 0x0000, 0x0000, 0x0000,
  0x0000, 0x0000, 0x0000, 0x0000, 0x0000, 0x0000, 0x0000, 0x0000, 0x0000, 0x0000, 0x0000, 0x0000, 0x0000, 0x0000, 0x0000, 0x0000,
  0x0000, 0x0000, 0x0000, 0x0000, 0x0000, 0x0000, 0x0000, 0x0000, 0x0000, 0x0000, 0x0000, 0x0000, 0x0000, 0x0000, 0x0000, 0x0000,
  0x0000, 0x0000, 0x0000, 0x0000, 0x0000, 0x0000, 0x0000, 0x0000, 0x0000, 0x0000, 0x0000, 0x0000, 0x0000, 0x0000, 0x0000, 0x0000,
  0x0000, 0x0000, 0x0000, 0x0000, 0x0000, 0x0000, 0x0000, 0x0000, 0x0000, 0x0000, 0x0000, 0x0000, 0x0000, 0x0000, 0x0000, 0x0000,
  0x0000, 0x0000, 0x0000, 0x0000, 0x0000, 0x0000, 0x0000, 0x0000, 0x0000, 0x0000, 0x0000, 0x0000, 0x0000, 0x0000, 0x0000, 0x0000,
  0x0000, 0x0000, 0x0000, 0x0000, 0x0000, 0x0000, 0x0000, 0x0000, 0x0000, 0x0000, 0x0000, 0x0000, 0x0000, 0x0000, 0x0000, 0x0000,
  0x0000, 0x0000, 0x0000, 0x0000, 0x0000, 0x0000, 0x0000, 0x9471, 0xad33, 0xc5f6, 0xbd94, 0xc5b4, 0xc5b4, 0xc5d5, 0xcdd5, 0xcdd5,
  0xcdf5, 0xcdf6, 0xcdf6, 0xce16, 0xce17, 0xce37, 0xd637, 0xd638, 0xd658, 0xd658, 0xd658, 0xd658, 0xd658, 0xd658, 0xd658, 0xde79,
  0xde99, 0xde99, 0xde99, 0xdeb9, 0xd679, 0xde59, 0xde38, 0xd5d7, 0xe6ba, 0xdeba, 0xdeba, 0xdeba, 0xdedb, 0xdedb, 0xdedb, 0xdeda,
  0xe6fb, 0xdedb, 0xde9a, 0xde79, 0xe69a, 0xeedb, 0xe67a, 0xd618, 0xe6db, 0xe6bb, 0xe6db, 0xe6db, 0xe6db, 0xe6bb, 0xe6ba, 0xe6bb,
  0xeefb, 0xd639, 0xe69a, 0xe6db, 0xe6bb, 0xe6bb, 0xdeba, 0xdeba, 0xe6db, 0xdeba, 0xdeba, 0xdeba, 0xe6ba, 0xe6ba, 0xdeba, 0xde9a,
  0xde99, 0xde99, 0xde99, 0xde99, 0xde99, 0xde99, 0xde79, 0xd679, 0xd658, 0xd658, 0xd658, 0xd658, 0xd658, 0xd638, 0xd637, 0xd637,
  0xd617, 0xce16, 0xce16, 0xcdf6, 0xcdf5, 0xcdd5, 0xcdd5, 0xc5d5, 0xc5b4, 0xbd94, 0xce16, 0xce17, 0x630b, 0x0000, 0x0000, 0x0000,
  0x0000, 0x0000, 0x0000, 0x0000, 0x0000, 0x0000, 0x0000, 0x0000, 0x0000, 0x0000, 0x0000, 0x0000, 0x0000, 0x0000, 0x0000, 0x0000,
  0x0000, 0x0000, 0x0000, 0x0000, 0x0000, 0x0000, 0x0000, 0x0000, 0x0000, 0x0000, 0x0000, 0x0000, 0x0000, 0x0000, 0x0000, 0x0000,
  0x0000, 0x0000, 0x0000, 0x0000, 0x0000, 0x0000, 0x0000, 0x0000, 0x0000, 0x0000, 0x0000, 0x0000, 0x0000, 0x0000, 0x0000, 0x0000,
  0x0000, 0x0000, 0x0000, 0x0000, 0x0000, 0x0000, 0x0000, 0x0000, 0x0000, 0x0000, 0x0000, 0x0000, 0x0000, 0x0000, 0x0000, 0x0000,
  0x0000, 0x0000, 0x0000, 0x0000, 0x0000, 0x0000, 0x0000, 0x0000, 0x0000, 0x0000, 0x0000, 0x0000, 0x0000, 0x0000, 0x0000, 0x0000,
  0x0000, 0x0000, 0x0000, 0x0000, 0x0000, 0x0000, 0x0000, 0x0000, 0x0000, 0x0000, 0x0000, 0x0000, 0x0000, 0x0000, 0x0000, 0x0000,
  0x0000, 0x0000, 0x0000, 0x0000, 0x0000, 0x0000, 0x0000, 0x0000, 0x0000, 0x0000, 0x0000, 0x0000, 0x0000, 0x0000, 0x0000, 0x0000,
  0x0020, 0x0861, 0x4a69, 0xe6fa, 0xce36, 0xbd94, 0xbd94, 0xc5b4, 0xc5d5, 0xcdd5, 0xcdf5, 0xcdf6, 0xcdf6, 0xce16, 0xd617, 0xd617,
  0xd637, 0xd658, 0xd658, 0xd658, 0xd678, 0xd678, 0xd679, 0xde79, 0xde79, 0xd679, 0xde99, 0xde9a, 0xde99, 0xde9a, 0xdeba, 0xdeba,
  0xe6da, 0xcdf7, 0xe659, 0xcdb6, 0xeeba, 0xe6ba, 0xe6da, 0xdeda, 0xdedb, 0xdedb, 0xdedb, 0xdedb, 0xe6db, 0xe6db, 0xe6db, 0xe6bb,
  0xde59, 0xe67a, 0xeedb, 0xd618, 0xde7a, 0xeefb, 0xe6db, 0xe6db, 0xe6db, 0xe6db, 0xe6db, 0xe6db, 0xe6fb, 0xe6ba, 0xcdf8, 0xeedb,
  0xe6db, 0xe6db, 0xe6bb, 0xde9a, 0xe6bb, 0xdeba, 0xdeba, 0xe6db, 0xe6ba, 0xe6ba, 0xdeba, 0xdeba, 0xdeba, 0xdeba, 0xde9a, 0xde9a,
  0xde99, 0xde99, 0xde99, 0xde79, 0xde79, 0xde79, 0xd679, 0xd658, 0xd658, 0xd658, 0xd638, 0xd637, 0xd637, 0xd637, 0xd617, 0xce16,
  0xcdf6, 0xcdf5, 0xcdf5, 0xcdd5, 0xc5d5, 0xc5b4, 0xbd94, 0xc5b5, 0xe6d9, 0x630b, 0x0000, 0x0000, 0x0000, 0x0000, 0x0000, 0x0000,
  0x0000, 0x0000, 0x0000, 0x0000, 0x0000, 0x0000, 0x0000, 0x0000, 0x0000, 0x0000, 0x0000, 0x0000, 0x0000, 0x0000, 0x0000, 0x0000,
  0x0000, 0x0000, 0x0000, 0x0000, 0x0000, 0x0000, 0x0000, 0x0000, 0x0000, 0x0000, 0x0000, 0x0000, 0x0000, 0x0000, 0x0000, 0x0000,
  0x0000, 0x0000, 0x0000, 0x0000, 0x0000, 0x0000, 0x0000, 0x0000, 0x0000, 0x0000, 0x0000, 0x0000, 0x0000, 0x0000, 0x0000, 0x0000,
  0x0000, 0x0000, 0x0000, 0x0000, 0x0000, 0x0000, 0x0000, 0x0000, 0x0000, 0x0000, 0x0000, 0x0000, 0x0000, 0x0000, 0x0000, 0x0000,
  0x0000, 0x0000, 0x0000, 0x0000, 0x0000, 0x0000, 0x0000, 0x0000, 0x0000, 0x0000, 0x0000, 0x0000, 0x0000, 0x0000, 0x0000, 0x0000,
  0x0000, 0x0000, 0x0000, 0x0000, 0x0000, 0x0000, 0x0000, 0x0000, 0x0000, 0x0000, 0x0000, 0x0000, 0x0000, 0x0000, 0x0000, 0x0000,
  0x0000, 0x0000, 0x0000, 0x0000, 0x0000, 0x0000, 0x0000, 0x0000, 0x0000, 0x0000, 0x0020, 0x0000, 0x5aaa, 0xdeda, 0xe6da, 0xbd94,
  0xbd74, 0xc5b4, 0xc5b5, 0xc5d5, 0xc5d5, 0xcdf5, 0xcdf6, 0xcdf6, 0xcdf6, 0xd617, 0xd637, 0xd637, 0xd638, 0xd658, 0xd658, 0xd679,
  0xd679, 0xde79, 0xde79, 0xde99, 0xde99, 0xde9a, 0xde9a, 0xdeba, 0xdeba, 0xdeba, 0xdeba, 0xdeba, 0xe6db, 0xde59, 0xddf8, 0xd596,
  0xe69a, 0xe6db, 0xe6da, 0xdeda, 0xdedb, 0xdedb, 0xdedb, 0xe6db, 0xe6db, 0xe6db, 0xe6db, 0xe6db, 0xeefc, 0xde39, 0xe67a, 0xe67a,
  0xd5f8, 0xeedb, 0xe6db, 0xe6fb, 0xe6fb, 0xe6fb, 0xe6fb, 0xe6fb, 0xe6db, 0xeefc, 0xde79, 0xd639, 0xe6db, 0xe6fb, 0xe6db, 0xdeba,
  0xe6db, 0xe6bb, 0xde9a, 0xe6db, 0xe6bb, 0xe6bb, 0xe6bb, 0xe6bb, 0xe6ba, 0xdeba, 0xdeba, 0xdeba, 0xde9a, 0xde9a, 0xde9a, 0xde99,
  0xde99, 0xde79, 0xde79, 0xd679, 0xde79, 0xd679, 0xd658, 0xd658, 0xd637, 0xd637, 0xd637, 0xd617, 0xce16, 0xcdf6, 0xcdf6, 0xcdf5,
  0xc5d5, 0xc5d5, 0xc5d5, 0xc5b4, 0xbd94, 0xcdf6, 0xc5f7, 0x2965, 0x0000, 0x0000, 0x0000, 0x0000, 0x0000, 0x0000, 0x0000, 0x0000,
  0x0000, 0x0000, 0x0000, 0x0000, 0x0000, 0x0000, 0x0000, 0x0000, 0x0000, 0x0000, 0x0000, 0x0000, 0x0000, 0x0000, 0x0000, 0x0000,
  0x0000, 0x0000, 0x0000, 0x0000, 0x0000, 0x0000, 0x0000, 0x0000, 0x0000, 0x0000, 0x0000, 0x0000, 0x0000, 0x0000, 0x0000, 0x0000,
  0x0000, 0x0000, 0x0000, 0x0000, 0x0000, 0x0000, 0x0000, 0x0000, 0x0000, 0x0000, 0x0000, 0x0000, 0x0000, 0x0000, 0x0000, 0x0000,
  0x0000, 0x0000, 0x0000, 0x0000, 0x0000, 0x0000, 0x0000, 0x0000, 0x0000, 0x0000, 0x0000, 0x0000, 0x0000, 0x0000, 0x0000, 0x0000,
  0x0000, 0x0000, 0x0000, 0x0000, 0x0000, 0x0000, 0x0000, 0x0000, 0x0000, 0x0000, 0x0000, 0x0000, 0x0000, 0x0000, 0x0000, 0x0000,
  0x0000, 0x0000, 0x0000, 0x0000, 0x0000, 0x0000, 0x0000, 0x0000, 0x0000, 0x0000, 0x0000, 0x0000, 0x0000, 0x0000, 0x0000, 0x0000,
  0x0000, 0x0000, 0x0000, 0x0000, 0x0000, 0x0020, 0x0000, 0x18c3, 0x8c0f, 0xde78, 0xb574, 0xc5b5, 0xc5b5, 0xc5b5, 0xc5f5, 0xc5f5,
  0xcdf6, 0xce16, 0xce16, 0xcdd6, 0xd616, 0xd637, 0xd637, 0xd637, 0xd658, 0xd678, 0xd679, 0xd679, 0xde99, 0xde99, 0xde99, 0xde9a,
  0xdeba, 0xdeba, 0xdeba, 0xdeba, 0xdeba, 0xdeda, 0xdeda, 0xdeda, 0xe6da, 0xe69a, 0xd5d7, 0xd5b7, 0xde39, 0xeefb, 0xe6da, 0xdedb,
  0xe6db, 0xe6db, 0xe6db, 0xe6fb, 0xe6fb, 0xe6fb, 0xe6fb, 0xe6fb, 0xeedb, 0xeedb, 0xd618, 0xee9a, 0xcd97, 0xeebb, 0xe6fc, 0xe6fc,
  0xe6fc, 0xe6fc, 0xe6fc, 0xe6fc, 0xe6fc, 0xe6fb, 0xeefb, 0xd618, 0xe6fb, 0xe6fb, 0xe6db, 0xe6ba, 0xdedb, 0xe6db, 0xde7a, 0xe6bb,
  0xe6db, 0xe6bb, 0xe6bb, 0xe6bb, 0xe6db, 0xe6ba, 0xe6ba, 0xe6ba, 0xdeba, 0xdeba, 0xdeba, 0xdeba, 0xde9a, 0xde99, 0xde99, 0xde79,
  0xde79, 0xde79, 0xd658, 0xd658, 0xd658, 0xd658, 0xd657, 0xd637, 0xce37, 0xce16, 0xce16, 0xce16, 0xcdf6, 0xcdf6, 0xc5d5, 0xc5b5,
  0xc5d5, 0xbd94, 0xd637, 0xb574, 0x4228, 0x0000, 0x0020, 0x0000, 0x0000, 0x0000, 0x0000, 0x0000, 0x0000, 0x0000, 0x0000, 0x0000,
  0x0000, 0x0000, 0x0000, 0x0000, 0x0000, 0x0000, 0x0000, 0x0000, 0x0000, 0x0000, 0x0000, 0x0000, 0x0000, 0x0000, 0x0000, 0x0000,
  0x0000, 0x0000, 0x0000, 0x0000, 0x0000, 0x0000, 0x0000, 0x0000, 0x0000, 0x0000, 0x0000, 0x0000, 0x0000, 0x0000, 0x0000, 0x0000,
  0x0000, 0x0000, 0x0000, 0x0000, 0x0000, 0x0000, 0x0000, 0x0000, 0x0000, 0x0000, 0x0000, 0x0000, 0x0000, 0x0000, 0x0000, 0x0000,
  0x0000, 0x0000, 0x0000, 0x0000, 0x0000, 0x0000, 0x0000, 0x0000, 0x0000, 0x0000, 0x0000, 0x0000, 0x0000, 0x0000, 0x0000, 0x0000,
  0x0000, 0x0000, 0x0000, 0x0000, 0x0000, 0x0000, 0x0000, 0x0000, 0x0000, 0x0000, 0x0000, 0x0000, 0x0000, 0x0000, 0x0000, 0x0000,
  0x0000, 0x0000, 0x0000, 0x0000, 0x0000, 0x0000, 0x0000, 0x0000, 0x0000, 0x0000, 0x0000, 0x0000, 0x0000, 0x0000, 0x0000, 0x0000,
  0x0000, 0x0000, 0x5aaa, 0xe6da, 0xd637, 0xbd74, 0xc5b5, 0xc5b5, 0xc5d5, 0xc5d5, 0xc5f6, 0xce16, 0xce16, 0xce37, 0xd637, 0xcdd6,
  0xd617, 0xde58, 0xd638, 0xd658, 0xde58, 0xd679, 0xd679, 0xde99, 0xde99, 0xde9a, 0xde9a, 0xdeba, 0xdeba, 0xdeba, 0xdeda, 0xdeda,
  0xdeda, 0xdedb, 0xe6db, 0xe6db, 0xe6db, 0xe69a, 0xddd7, 0xd597, 0xd5f8, 0xeefb, 0xe6fb, 0xe6fb, 0xe6db, 0xe6db, 0xe6fb, 0xe6fb,
  0xe6fc, 0xe6fc, 0xe6fc, 0xe6fb, 0xe6db, 0xeefc, 0xe69a, 0xd5b7, 0xddb7, 0xde18, 0xef1c, 0xe6fc, 0xe6fc, 0xe6fc, 0xe6fc, 0xe6fc,
  0xe6fc, 0xe6fc, 0xeedb, 0xcdf8, 0xe6db, 0xe6fc, 0xeefb, 0xe6db, 0xe6fb, 0xe6fc, 0xd65a, 0xe6bb, 0xe6db, 0xe6db, 0xe6db, 0xe6db,
  0xe6db, 0xe6db, 0xe6db, 0xe6da, 0xe6ba, 0xe6da, 0xdeba, 0xe6ba, 0xdeba, 0xde9a, 0xde99, 0xde9a, 0xde99, 0xde79, 0xde79, 0xd678,
  0xd678, 0xd658, 0xd658, 0xd658, 0xd657, 0xd637, 0xce37, 0xce37, 0xce16, 0xcdf6, 0xc5f6, 0xc5d5, 0xc5d5, 0xc5d5, 0xbd74, 0xc5f6,
  0xde99, 0x2945, 0x0000, 0x0000, 0x0000, 0x0000, 0x0000, 0x0000, 0x0000, 0x0000, 0x0000, 0x0000, 0x0000, 0x0000, 0x0000, 0x0000,
  0x0000, 0x0000, 0x0000, 0x0000, 0x0000, 0x0000, 0x0000, 0x0000, 0x0000, 0x0000, 0x0000, 0x0000, 0x0000, 0x0000, 0x0000, 0x0000,
  0x0000, 0x0000, 0x0000, 0x0000, 0x0000, 0x0000, 0x0000, 0x0000, 0x0000, 0x0000, 0x0000, 0x0000, 0x0000, 0x0000, 0x0000, 0x0000,
  0x0000, 0x0000, 0x0000, 0x0000, 0x0000, 0x0000, 0x0000, 0x0000, 0x0000, 0x0000, 0x0000, 0x0000, 0x0000, 0x0000, 0x0000, 0x0000,
  0x0000, 0x0000, 0x0000, 0x0000, 0x0000, 0x0000, 0x0000, 0x0000, 0x0000, 0x0000, 0x0000, 0x0000, 0x0000, 0x0000, 0x0000, 0x0000,
  0x0000, 0x0000, 0x0000, 0x0000, 0x0000, 0x0000, 0x0000, 0x0000, 0x0000, 0x0000, 0x0000, 0x0000, 0x0000, 0x0000, 0x0000, 0x0000,
  0x0000, 0x0000, 0x0000, 0x0000, 0x0000, 0x0000, 0x0000, 0x0000, 0x0000, 0x0000, 0x0020, 0x0000, 0x39c7, 0x7bae, 0xe6d9, 0xc5d5,
  0xbd73, 0xc5b5, 0xc5b5, 0xc5d5, 0xcdf5, 0xcdf6, 0xcdf6, 0xce37, 0xce37, 0xce37, 0xd658, 0xd5d6, 0xde17, 0xde58, 0xd658, 0xde79,
  0xde79, 0xde99, 0xde99, 0xde99, 0xdeba, 0xdeba, 0xdeba, 0xdeba, 0xdeda, 0xdedb, 0xdedb, 0xdedb, 0xdedb, 0xe6db, 0xe6db, 0xdedb,
  0xeefb, 0xe679, 0xddd7, 0xddb7, 0xddd7, 0xf6fc, 0xe6fc, 0xeedb, 0xeedb, 0xeedb, 0xe6fb, 0xe71c, 0xe71c, 0xe6fc, 0xe71c, 0xe6fc,
  0xe6fc, 0xe6fb, 0xf6fc, 0xdd76, 0xdd76, 0xd596, 0xf71c, 0xe6fc, 0xe6fc, 0xe6dc, 0xe6fc, 0xef1c, 0xe6db, 0xf71c, 0xe679, 0xcdb7,
  0xef1c, 0xe6fc, 0xeedb, 0xde79, 0xdeba, 0xd67a, 0xdedb, 0xef1c, 0xe6db, 0xe6fb, 0xe6fb, 0xe6fb, 0xe6db, 0xe6db, 0xe6db, 0xe6db,
  0xe6db, 0xe6db, 0xe6ba, 0xdeba, 0xdeba, 0xdeba, 0xdeba, 0xde9a, 0xe69a, 0xde59, 0xde79, 0xde99, 0xde79, 0xde78, 0xd678, 0xd658,
  0xd658, 0xd638, 0xd637, 0xd637, 0xd617, 0xce16, 0xcdf6, 0xcdf6, 0xc5d5, 0xc5d5, 0xc5b5, 0xc594, 0xbd93, 0xce36, 0x5aca, 0x0020,
  0x0000, 0x0000, 0x0000, 0x0000, 0x0000, 0x0000, 0x0000, 0x0000, 0x0000, 0x0000, 0x0000, 0x0000, 0x0000, 0x0000, 0x0000, 0x0000,
  0x0000, 0x0000, 0x0000, 0x0000, 0x0000, 0x0000, 0x0000, 0x0000, 0x0000, 0x0000, 0x0000, 0x0000, 0x0000, 0x0000, 0x0000, 0x0000,
  0x0000, 0x0000, 0x0000, 0x0000, 0x0000, 0x0000, 0x0000, 0x0000, 0x0000, 0x0000, 0x0000, 0x0000, 0x0000, 0x0000, 0x0000, 0x0000,
  0x0000, 0x0000, 0x0000, 0x0000, 0x0000, 0x0000, 0x0000, 0x0000, 0x0000, 0x0000, 0x0000, 0x0000, 0x0000, 0x0000, 0x0000, 0x0000,
  0x0000, 0x0000, 0x0000, 0x0000, 0x0000, 0x0000, 0x0000, 0x0000, 0x0000, 0x0000, 0x0000, 0x0000, 0x0000, 0x0000, 0x0000, 0x0000,
  0x0000, 0x0000, 0x0000, 0x0000, 0x0000, 0x0000, 0x0000, 0x0000, 0x0000, 0x0000, 0x0000, 0x0000, 0x0000, 0x0000, 0x0000, 0x0000,
  0x0000, 0x0000, 0x0000, 0x0000, 0x0000, 0x0020, 0x0000, 0x2124, 0xff9d, 0xeefa, 0xc594, 0xbd94, 0xc5b4, 0xc5b5, 0xcdd5, 0xcdf6,
  0xcdf6, 0xce16, 0xce17, 0xce37, 0xce37, 0xd658, 0xd658, 0xd5f7, 0xddf7, 0xde58, 0xd658, 0xde79, 0xde99, 0xde9a, 0xdeba, 0xdeba,
  0xdeba, 0xdeba, 0xdeba, 0xdeda, 0xdeda, 0xe6db, 0xe6db, 0xe6db, 0xe6db, 0xe6db, 0xe6db, 0xe6db, 0xf71c, 0xd5d7, 0xe618, 0xddb7,
  0xd5b7, 0xf71c, 0xe6fc, 0xe6fc, 0xe6fc, 0xe6fc, 0xe6fc, 0xe71c, 0xe71c, 0xe6fc, 0xe6fc, 0xe6fc, 0xe6fc, 0xdf1c, 0xef3c, 0xe618,
  0xd535, 0xcd55, 0xeebb, 0xeefc, 0xe6fc, 0xe6fc, 0xe6fc, 0xef1c, 0xeefb, 0xeebb, 0xc596, 0xee9a, 0xeefc, 0xe6dc, 0xeefc, 0xd5d7,
  0xd618, 0xe6fc, 0xe71c, 0xe6db, 0xe6fc, 0xe6fb, 0xe6fb, 0xe6fb, 0xe6db, 0xe6db, 0xe6db, 0xe6db, 0xe6db, 0xe6ba, 0xe6db, 0xde9a,
  0xe6db, 0xdeba, 0xe6bb, 0xe6bb, 0xd618, 0xcdf8, 0xde9a, 0xde99, 0xde99, 0xde79, 0xde79, 0xd678, 0xd658, 0xd658, 0xd658, 0xd637,
  0xd617, 0xd617, 0xce16, 0xcdf6, 0xcdf6, 0xcdd6, 0xcdd5, 0xc5d5, 0xc5b4, 0xbd94, 0xde98, 0xad34, 0x0841, 0x0000, 0x0000, 0x0000,
  0x0000, 0x0000, 0x0000, 0x0000, 0x0000, 0x0000, 0x0000, 0x0000, 0x0000, 0x0000, 0x0000, 0x0000, 0x0000, 0x0000, 0x0000, 0x0000,
  0x0000, 0x0000, 0x0000, 0x0000, 0x0000, 0x0000, 0x0000, 0x0000, 0x0000, 0x0000, 0x0000, 0x0000, 0x0000, 0x0000, 0x0000, 0x0000,
  0x0000, 0x0000, 0x0000, 0x0000, 0x0000, 0x0000, 0x0000, 0x0000, 0x0000, 0x0000, 0x0000, 0x0000, 0x0000, 0x0000, 0x0000, 0x0000,
  0x0000, 0x0000, 0x0000, 0x0000, 0x0000, 0x0000, 0x0000, 0x0000, 0x0000, 0x0000, 0x0000, 0x0000, 0x0000, 0x0000, 0x0000, 0x0000,
  0x0000, 0x0000, 0x0000, 0x0000, 0x0000, 0x0000, 0x0000, 0x0000, 0x0000, 0x0000, 0x0000, 0x0000, 0x0000, 0x0000, 0x0000, 0x0000,
  0x0000, 0x0000, 0x0000, 0x0000, 0x0000, 0x0000, 0x0000, 0x0000, 0x0000, 0x0000, 0x0000, 0x0000, 0x0000, 0x0000, 0x0000, 0x0000,
  0x0020, 0x0000, 0x4208, 0xdeba, 0xde98, 0xbd53, 0xc594, 0xc5d4, 0xc5b4, 0xcdd5, 0xcdd6, 0xce16, 0xce16, 0xd617, 0xce37, 0xce37,
  0xd658, 0xd658, 0xd678, 0xd617, 0xddf7, 0xde38, 0xd638, 0xe69a, 0xde79, 0xdeba, 0xdeba, 0xdeba, 0xdeda, 0xdeba, 0xdeda, 0xdeda,
  0xe6db, 0xe6db, 0xe6db, 0xe6db, 0xe6fb, 0xe6fb, 0xe6fb, 0xe6fb, 0xeedb, 0xcd76, 0xfebb, 0xd576, 0xd5b7, 0xf71c, 0xe6fb, 0xdf1c,
  0xdf1d, 0xdf1d, 0xe6fc, 0xeefd, 0xf71d, 0xf71d, 0xf71d, 0xeefc, 0xeefb, 0xe71c, 0xe73c, 0xe69a, 0xccd4, 0xccf3, 0xf6bb, 0xef1c,
  0xe71c, 0xe71c, 0xe71c, 0xeefc, 0xf6fb, 0xcd76, 0xde39, 0xf71c, 0xeedb, 0xef1c, 0xeedb, 0xddf8, 0xeebb, 0xef1c, 0xe6fc, 0xe71c,
  0xe71c, 0xe6fc, 0xe6fc, 0xe6fc, 0xe6fb, 0xe6fb, 0xe6fb, 0xe6db, 0xe6db, 0xe6fb, 0xdeba, 0xde9a, 0xe6db, 0xe6db, 0xeedb, 0xd618,
  0xcdd7, 0xde9a, 0xdeba, 0xdeba, 0xde99, 0xde99, 0xde99, 0xde79, 0xd679, 0xd658, 0xde58, 0xd658, 0xd637, 0xd637, 0xd617, 0xd617,
  0xce16, 0xcdf6, 0xcdd6, 0xcdd5, 0xcdd4, 0xc5b4, 0xbd73, 0xde78, 0xad34, 0x2965, 0x0000, 0x0000, 0x0000, 0x0000, 0x0000, 0x0000,
  0x0000, 0x0000, 0x0000, 0x0000, 0x0000, 0x0000, 0x0000, 0x0000, 0x0000, 0x0000, 0x0000, 0x0000, 0x0000, 0x0000, 0x0000, 0x0000,
  0x0000, 0x0000, 0x0000, 0x0000, 0x0000, 0x0000, 0x0000, 0x0000, 0x0000, 0x0000, 0x0000, 0x0000, 0x0000, 0x0000, 0x0000, 0x0000,
  0x0000, 0x0000, 0x0000, 0x0000, 0x0000, 0x0000, 0x0000, 0x0000, 0x0000, 0x0000, 0x0000, 0x0000, 0x0000, 0x0000, 0x0000, 0x0000,
  0x0000, 0x0000, 0x0000, 0x0000, 0x0000, 0x0000, 0x0000, 0x0000, 0x0000, 0x0000, 0x0000, 0x0000, 0x0000, 0x0000, 0x0000, 0x0000,
  0x0000, 0x0000, 0x0000, 0x0000, 0x0000, 0x0000, 0x0000, 0x0000, 0x0000, 0x0000, 0x0000, 0x0000, 0x0000, 0x0000, 0x0000, 0x0000,
  0x0000, 0x0000, 0x0000, 0x0000, 0x0000, 0x0000, 0x0000, 0x0000, 0x0000, 0x0000, 0x0000, 0x0000, 0x0000, 0x39c6, 0xce79, 0xe6fa,
  0xbd73, 0xc5b4, 0xc5b4, 0xc5d4, 0xc5d5, 0xcdd5, 0xcdf6, 0xce16, 0xd617, 0xd637, 0xd637, 0xd658, 0xd658, 0xd678, 0xd678, 0xde58,
  0xd5d7, 0xe618, 0xddf8, 0xe69a, 0xde9a, 0xdeba, 0xdeba, 0xdebb, 0xdedb, 0xdedb, 0xdedb, 0xe6db, 0xe6db, 0xe6db, 0xe6fb, 0xe6fb,
  0xe6fb, 0xe6fb, 0xe6fb, 0xe6fc, 0xe69a, 0xc535, 0xfefc, 0xd576, 0xd576, 0xff1c, 0xe6fb, 0xe71c, 0xe71c, 0xeefc, 0xff1d, 0xf69b,
  0xddb7, 0xd576, 0xddb7, 0xf69a, 0xfefc, 0xeefc, 0xe71c, 0xf71c, 0xccb3, 0xcc72, 0xf6bb, 0xeefc, 0xe71c, 0xe71c, 0xe71c, 0xf73d,
  0xddf8, 0xcd76, 0xf73c, 0xef1c, 0xe6fb, 0xef3c, 0xde9a, 0xd618, 0xf6fc, 0xe6fc, 0xe71c, 0xe6fc, 0xe6fc, 0xe6fc, 0xe6fc, 0xe6fc,
  0xe6fb, 0xe6fb, 0xe6fb, 0xe6db, 0xe6fb, 0xdeba, 0xe6ba, 0xe6db, 0xe6fb, 0xe6bb, 0xcdd7, 0xd618, 0xe6db, 0xdeba, 0xdeba, 0xe6ba,
  0xde99, 0xde99, 0xde99, 0xde99, 0xde79, 0xde79, 0xde58, 0xde58, 0xd638, 0xd637, 0xd637, 0xd637, 0xd617, 0xcdf6, 0xcdf6, 0xcdd5,
  0xcdd5, 0xcdd4, 0xc5b4, 0xbd73, 0xde77, 0xc5f7, 0x0841, 0x0000, 0x0000, 0x0000, 0x0000, 0x0000, 0x0000, 0x0000, 0x0000, 0x0000,
  0x0000, 0x0000, 0x0000, 0x0000, 0x0000, 0x0000, 0x0000, 0x0000, 0x0000, 0x0000, 0x0000, 0x0000, 0x0000, 0x0000, 0x0000, 0x0000,
  0x0000, 0x0000, 0x0000, 0x0000, 0x0000, 0x0000, 0x0000, 0x0000, 0x0000, 0x0000, 0x0000, 0x0000, 0x0000, 0x0000, 0x0000, 0x0000,
  0x0000, 0x0000, 0x0000, 0x0000, 0x0000, 0x0000, 0x0000, 0x0000, 0x0000, 0x0000, 0x0000, 0x0000, 0x0000, 0x0000, 0x0000, 0x0000,
  0x0000, 0x0000, 0x0000, 0x0000, 0x0000, 0x0000, 0x0000, 0x0000, 0x0000, 0x0000, 0x0000, 0x0000, 0x0000, 0x0000, 0x0000, 0x0000,
  0x0000, 0x0000, 0x0000, 0x0000, 0x0000, 0x0000, 0x0000, 0x0000, 0x0000, 0x0000, 0x0000, 0x0000, 0x0000, 0x0000, 0x0000, 0x0000,
  0x0000, 0x0000, 0x0000, 0x0000, 0x0000, 0x0000, 0x0000, 0x0000, 0x4a28, 0xf79d, 0xd678, 0xb574, 0xc5b4, 0xc5b4, 0xc5d4, 0xcdd5,
  0xcdf5, 0xcdf6, 0xce16, 0xd617, 0xd637, 0xd637, 0xd658, 0xd658, 0xd679, 0xd679, 0xde99, 0xde99, 0xcd75, 0xdd96, 0xe618, 0xe69a,
  0xdeba, 0xdeda, 0xdebb, 0xdedb, 0xe6db, 0xe6db, 0xdedb, 0xe6db, 0xe6fb, 0xe6db, 0xe6fb, 0xe6fc, 0xe6fc, 0xe6fc, 0xe6fc, 0xe6fc,
  0xeedb, 0xbd14, 0xfedb, 0xee59, 0xbcb2, 0xfedb, 0xf71c, 0xf6fc, 0xff1c, 0xfebb, 0xd555, 0xabf0, 0xb410, 0xbc72, 0xac10, 0xabf0,
  0xe597, 0xfefc, 0xe6fb, 0xf6fc, 0xc452, 0xc411, 0xf6bb, 0xeefc, 0xef1c, 0xe71c, 0xef1c, 0xeedb, 0xc515, 0xee9a, 0xef3c, 0xe6fb,
  0xef1c, 0xef1b, 0xbdb6, 0xe6db, 0xef1c, 0xe71c, 0xe71c, 0xe71c, 0xe71c, 0xe6fc, 0xe6fc, 0xe6fc, 0xe6fb, 0xe6fb, 0xe6fb, 0xeefb,
  0xe6bb, 0xde9a, 0xeefb, 0xeefb, 0xe6db, 0xd638, 0xde7a, 0xeefb, 0xe6ba, 0xdeba, 0xe6db, 0xe6ba, 0xe6ba, 0xde9a, 0xde99, 0xde9a,
  0xde79, 0xde79, 0xde79, 0xde59, 0xd658, 0xd658, 0xd658, 0xd637, 0xd637, 0xd617, 0xce16, 0xcdf6, 0xcdf5, 0xcdd5, 0xcdd5, 0xcdb4,
  0xbd74, 0xce37, 0xad34, 0x0841, 0x0000, 0x0000, 0x0000, 0x0000, 0x0000, 0x0000, 0x0000, 0x0000, 0x0000, 0x0000, 0x0000, 0x0000,
  0x0000, 0x0000, 0x0000, 0x0000, 0x0000, 0x0000, 0x0000, 0x0000, 0x0000, 0x0000, 0x0000, 0x0000, 0x0000, 0x0000, 0x0000, 0x0000,
  0x0000, 0x0000, 0x0000, 0x0000, 0x0000, 0x0000, 0x0000, 0x0000, 0x0000, 0x0000, 0x0000, 0x0000, 0x0000, 0x0000, 0x0000, 0x0000,
  0x0000, 0x0000, 0x0000, 0x0000, 0x0000, 0x0000, 0x0000, 0x0000, 0x0000, 0x0000, 0x0000, 0x0000, 0x0000, 0x0000, 0x0000, 0x0000,
  0x0000, 0x0000, 0x0000, 0x0000, 0x0000, 0x0000, 0x0000, 0x0000, 0x0000, 0x0000, 0x0000, 0x0000, 0x0000, 0x0000, 0x0000, 0x0000,
  0x0000, 0x0000, 0x0000, 0x0000, 0x0000, 0x0000, 0x0000, 0x0000, 0x0000, 0x0000, 0x0000, 0x0000, 0x0000, 0x0000, 0x0000, 0x0000,
  0x0000, 0x0000, 0x0000, 0x18e3, 0xe6fb, 0xd658, 0xb554, 0xc5d5, 0xc5b4, 0xcdd5, 0xcdd5, 0xcdf6, 0xce16, 0xce16, 0xce37, 0xd637,
  0xd638, 0xd658, 0xd658, 0xd678, 0xd679, 0xde99, 0xd699, 0xde99, 0xd5d7, 0xccd4, 0xe5b7, 0xeedb, 0xe6ba, 0xe6da, 0xdedb, 0xe6db,
  0xe6db, 0xe6db, 0xe6db, 0xe6fb, 0xe6fc, 0xe6fb, 0xe6fc, 0xe6fc, 0xe71c, 0xe71c, 0xe6fc, 0xe6fc, 0xf73c, 0xd5d7, 0xc514, 0xf659,
  0xbc31, 0xc4b3, 0xf659, 0xf67a, 0xdd76, 0xac11, 0xac10, 0xdd96, 0xfebb, 0xfeba, 0xf69a, 0xc4d3, 0xab4e, 0xe5b7, 0xf71c, 0xfefc,
  0xcc93, 0xbc11, 0xf6dc, 0xeefc, 0xeefc, 0xe71c, 0xef1d, 0xe65a, 0xc535, 0xf6dc, 0xe71c, 0xf73c, 0xf6fc, 0xc576, 0xd618, 0xef3d,
  0xe6fc, 0xe71c, 0xe71c, 0xe71c, 0xe71c, 0xe71c, 0xe71c, 0xe71c, 0xeefc, 0xeefb, 0xeefc, 0xeefc, 0xde9a, 0xef1c, 0xe6db, 0xeefc,
  0xd618, 0xde59, 0xe6fb, 0xe6db, 0xe6db, 0xe6db, 0xe6db, 0xe6db, 0xe6ba, 0xe6ba, 0xe6ba, 0xde9a, 0xde9a, 0xde79, 0xde79, 0xd638,
  0xde59, 0xde79, 0xde58, 0xde58, 0xd638, 0xd637, 0xce37, 0xce16, 0xce16, 0xcdf5, 0xcdd5, 0xcdd5, 0xc5d5, 0xb574, 0xd658, 0xad34,
  0x0020, 0x0000, 0x0000, 0x0000, 0x0000, 0x0000, 0x0000, 0x0000, 0x0000, 0x0000, 0x0000, 0x0000, 0x0000, 0x0000, 0x0000, 0x0000,
  0x0000, 0x0000, 0x0000, 0x0000, 0x0000, 0x0000, 0x0000, 0x0000, 0x0000, 0x0000, 0x0000, 0x0000, 0x0000, 0x0000, 0x0000, 0x0000,
  0x0000, 0x0000, 0x0000, 0x0000, 0x0000, 0x0000, 0x0000, 0x0000, 0x0000, 0x0000, 0x0000, 0x0000, 0x0000, 0x0000, 0x0000, 0x0000,
  0x0000, 0x0000, 0x0000, 0x0000, 0x0000, 0x0000, 0x0000, 0x0000, 0x0000, 0x0000, 0x0000, 0x0000, 0x0000, 0x0000, 0x0000, 0x0000,
  0x0000, 0x0000, 0x0000, 0x0000, 0x0000, 0x0000, 0x0000, 0x0000, 0x0000, 0x0000, 0x0000, 0x0000, 0x0000, 0x0000, 0x0000, 0x0000,
  0x0000, 0x0000, 0x0000, 0x0000, 0x0000, 0x0000, 0x0000, 0x0000, 0x0000, 0x0000, 0x0000, 0x0000, 0x0020, 0x0000, 0x2925, 0xf75d,
  0xd638, 0xbd54, 0xc595, 0xc5b5, 0xcdb5, 0xcdd5, 0xcdd6, 0xce16, 0xd617, 0xd637, 0xd657, 0xd638, 0xd658, 0xd658, 0xd679, 0xd679,
  0xde99, 0xde9a, 0xd6b9, 0xdeb9, 0xee79, 0xccb3, 0xccd4, 0xee9a, 0xe6db, 0xe6da, 0xdedb, 0xe6db, 0xe6fc, 0xe6fb, 0xe6fb, 0xe6fc,
  0xe6fc, 0xe6fb, 0xe6fc, 0xe6fc, 0xe71c, 0xe71c, 0xef1c, 0xef1c, 0xeefc, 0xf6fc, 0xd576, 0xc492, 0xcc72, 0xc472, 0xb410, 0xb411,
  0xb432, 0xcd56, 0xf6dc, 0xf71c, 0xef1c, 0xef1c, 0xf71c, 0xfefc, 0xcc52, 0xabaf, 0xe699, 0xff3c, 0xbc92, 0xccf4, 0xf73c, 0xeefc,
  0xeefc, 0xe6fc, 0xf73d, 0xcd97, 0xd5d7, 0xff5d, 0xf71c, 0xde18, 0xbcd4, 0xdd97, 0xff1c, 0xeefc, 0xe6fc, 0xe71c, 0xe71c, 0xe71c,
  0xe71c, 0xe71c, 0xe71c, 0xe71c, 0xef1c, 0xef1c, 0xef1c, 0xef1c, 0xde9a, 0xe6bb, 0xef1c, 0xde59, 0xd5d7, 0xef1c, 0xe6fb, 0xe6fb,
  0xe71c, 0xe6db, 0xe69a, 0xde99, 0xde9a, 0xe6db, 0xe6ba, 0xe6ba, 0xde9a, 0xde9a, 0xd638, 0xd618, 0xe69a, 0xde79, 0xde59, 0xde58,
  0xde58, 0xd657, 0xd657, 0xce37, 0xce37, 0xcdf6, 0xcdf6, 0xcdd5, 0xcdd5, 0xc5d6, 0xb574, 0xce17, 0xc5f7, 0x2945, 0x0000, 0x0000,
  0x0000, 0x0000, 0x0000, 0x0000, 0x0000, 0x0000, 0x0000, 0x0000, 0x0000, 0x0000, 0x0000, 0x0000, 0x0000, 0x0000, 0x0000, 0x0000,
  0x0000, 0x0000, 0x0000, 0x0000, 0x0000, 0x0000, 0x0000, 0x0000, 0x0000, 0x0000, 0x0000, 0x0000, 0x0000, 0x0000, 0x0000, 0x0000,
  0x0000, 0x0000, 0x0000, 0x0000, 0x0000, 0x0000, 0x0000, 0x0000, 0x0000, 0x0000, 0x0000, 0x0000, 0x0000, 0x0000, 0x0000, 0x0000,
  0x0000, 0x0000, 0x0000, 0x0000, 0x0000, 0x0000, 0x0000, 0x0000, 0x0000, 0x0000, 0x0000, 0x0000, 0x0000, 0x0000, 0x0000, 0x0000,
  0x0000, 0x0000, 0x0000, 0x0000, 0x0000, 0x0000, 0x0000, 0x0000, 0x0000, 0x0000, 0x0000, 0x0000, 0x0000, 0x0000, 0x0000, 0x0000,
  0x0000, 0x0000, 0x0000, 0x0000, 0x0000, 0x0000, 0x0000, 0x0000, 0x0000, 0x4228, 0xd699, 0xde98, 0xbd94, 0xc595, 0xc5b5, 0xc5b5,
  0xcdf5, 0xcdf6, 0xce16, 0xce17, 0xce37, 0xd637, 0xd637, 0xd638, 0xd658, 0xd679, 0xd699, 0xd699, 0xde99, 0xde99, 0xdeb9, 0xde99,
  0xf6db, 0xe5d7, 0xbc72, 0xd5b7, 0xf6db, 0xeedb, 0xe6fb, 0xe6fb, 0xe6fb, 0xe6fb, 0xe6db, 0xeefb, 0xef1c, 0xef1c, 0xf71c, 0xf71c,
  0xff1c, 0xeefb, 0xef1c, 0xe71b, 0xe73c, 0xe71c, 0xf6fc, 0xfedc, 0xfedc, 0xf71c, 0xee7a, 0xe659, 0xeefc, 0xf73d, 0xef3c, 0xe71c,
  0xe71c, 0xe71c, 0xe71c, 0xf71c, 0xf67a, 0xab8e, 0xc4f3, 0xff1c, 0xbc52, 0xe5f8, 0xef5d, 0xe71c, 0xef1c, 0xe6fc, 0xff3d, 0xc4f4,
  0xe5d7, 0xf69b, 0xbc94, 0xc515, 0xe67a, 0xf71c, 0xeefc, 0xeefc, 0xeefc, 0xe71c, 0xe71c, 0xe71c, 0xe71c, 0xe71c, 0xe71c, 0xe71c,
  0xef1c, 0xe71c, 0xe71c, 0xef1c, 0xeedb, 0xde59, 0xee7a, 0xcd96, 0xe6bb, 0xeefb, 0xef1c, 0xe6fb, 0xde9a, 0xd679, 0xde9a, 0xe6bb,
  0xe6db, 0xe6db, 0xe6db, 0xe6db, 0xe6ba, 0xe6ba, 0xd618, 0xd638, 0xe69a, 0xde99, 0xde99, 0xde79, 0xde59, 0xde58, 0xd657, 0xd637,
  0xd637, 0xce16, 0xce16, 0xcdf6, 0xcdf5, 0xc5d5, 0xc5d5, 0xbd94, 0xd637, 0x9cd2, 0x5269, 0x0000, 0x0000, 0x0000, 0x0000, 0x0000,
  0x0000, 0x0000, 0x0000, 0x0000, 0x0000, 0x0000, 0x0000, 0x0000, 0x0000, 0x0000, 0x0000, 0x0000, 0x0000, 0x0000, 0x0000, 0x0000,
  0x0000, 0x0000, 0x0000, 0x0000, 0x0000, 0x0000, 0x0000, 0x0000, 0x0000, 0x0000, 0x0000, 0x0000, 0x0000, 0x0000, 0x0000, 0x0000,
  0x0000, 0x0000, 0x0000, 0x0000, 0x0000, 0x0000, 0x0000, 0x0000, 0x0000, 0x0000, 0x0000, 0x0000, 0x0000, 0x0000, 0x0000, 0x0000,
  0x0000, 0x0000, 0x0000, 0x0000, 0x0000, 0x0000, 0x0000, 0x0000, 0x0000, 0x0000, 0x0000, 0x0000, 0x0000, 0x0000, 0x0000, 0x0000,
  0x0000, 0x0000, 0x0000, 0x0000, 0x0000, 0x0000, 0x0000, 0x0000, 0x0000, 0x0000, 0x0000, 0x0000, 0x0000, 0x0000, 0x0000, 0x0000,
  0x0000, 0x0000, 0x0000, 0x0000, 0x39e7, 0xffdd, 0xe6f9, 0xbd73, 0xc5b4, 0xc5b4, 0xcdb5, 0xcdd6, 0xce16, 0xce16, 0xce16, 0xce37,
  0xd637, 0xd637, 0xd658, 0xde59, 0xd658, 0xd658, 0xd699, 0xd699, 0xdeba, 0xdeba, 0xdeba, 0xdeda, 0xe6ba, 0xf6bb, 0xd577, 0xb452,
  0xe597, 0xfebb, 0xf6db, 0xf6fb, 0xf6fc, 0xff1c, 0xf6fc, 0xf6bb, 0xf6bb, 0xee59, 0xddb7, 0xddb7, 0xe618, 0xeeba, 0xef1b, 0xe75c,
  0xdf1b, 0xe71c, 0xf71d, 0xf6dc, 0xeefc, 0xe71c, 0xef1c, 0xf71c, 0xe71c, 0xe6fc, 0xe71c, 0xe71c, 0xe71c, 0xe6fc, 0xef1c, 0xe6db,
  0xff1c, 0xcc92, 0xb3cf, 0xfedb, 0xc493, 0xee5a, 0xef3d, 0xe71c, 0xe71c, 0xe6fc, 0xf6fc, 0xcd56, 0xdd56, 0xbc72, 0xddf9, 0xff3d,
  0xf71d, 0xe6fc, 0xe71c, 0xe71c, 0xe71c, 0xe71c, 0xe71c, 0xe71c, 0xe71c, 0xe71c, 0xe71c, 0xe71c, 0xe71c, 0xe71c, 0xe71c, 0xe71c,
  0xf71c, 0xf6dc, 0xcd15, 0xddf8, 0xef1c, 0xef1c, 0xde79, 0xd638, 0xde79, 0xe6db, 0xe6fb, 0xe6fb, 0xe6db, 0xdedb, 0xdedb, 0xe6bb,
  0xe6bb, 0xe6bb, 0xde38, 0xde79, 0xe69a, 0xde9a, 0xde9a, 0xde79, 0xde59, 0xde58, 0xde58, 0xd658, 0xd637, 0xd637, 0xce16, 0xce16,
  0xcdf6, 0xcdf5, 0xc5d5, 0xcdd4, 0xbd73, 0xd657, 0x7bce, 0x0020, 0x0000, 0x0000, 0x0000, 0x0000, 0x0000, 0x0000, 0x0000, 0x0000,
  0x0000, 0x0000, 0x0000, 0x0000, 0x0000, 0x0000, 0x0000, 0x0000, 0x0000, 0x0000, 0x0000, 0x0000, 0x0000, 0x0000, 0x0000, 0x0000,
  0x0000, 0x0000, 0x0000, 0x0000, 0x0000, 0x0000, 0x0000, 0x0000, 0x0000, 0x0000, 0x0000, 0x0000, 0x0000, 0x0000, 0x0000, 0x0000,
  0x0000, 0x0000, 0x0000, 0x0000, 0x0000, 0x0000, 0x0000, 0x0000, 0x0000, 0x0000, 0x0000, 0x0000, 0x0000, 0x0000, 0x0000, 0x0000,
  0x0000, 0x0000, 0x0000, 0x0000, 0x0000, 0x0000, 0x0000, 0x0000, 0x0000, 0x0000, 0x0000, 0x0000, 0x0000, 0x0000, 0x0000, 0x0000,
  0x0000, 0x0000, 0x0000, 0x0000, 0x0000, 0x0000, 0x0000, 0x0000, 0x0000, 0x0000, 0x0000, 0x0000, 0x0000, 0x0000, 0x0020, 0x0861,
  0xce38, 0xef1a, 0xb573, 0xc5b4, 0xc5b4, 0xc5d5, 0xcdd5, 0xcdf6, 0xce16, 0xce16, 0xce37, 0xd657, 0xd658, 0xd658, 0xd658, 0xd659,
  0xde79, 0xde79, 0xde79, 0xe6ba, 0xde99, 0xdeba, 0xdeda, 0xdefb, 0xdeba, 0xe6bb, 0xf6bb, 0xddb8, 0xbc73, 0xccd4, 0xd535, 0xdd56,
  0xd556, 0xd535, 0xccd4, 0xbc52, 0xb3f1, 0xbbb0, 0xbb6f, 0xb36f, 0xb390, 0xb3f0, 0xbc73, 0xedf8, 0xfefc, 0xf71c, 0xef1c, 0xef1c,
  0xe6fc, 0xe71c, 0xeefc, 0xeefc, 0xe6fc, 0xef3c, 0xeefc, 0xeedc, 0xf71c, 0xeefc, 0xe6bb, 0xf6fc, 0xff3d, 0xdd55, 0xb34d, 0xfdb8,
  0xbc12, 0xee7a, 0xe73c, 0xe71c, 0xe71c, 0xeefc, 0xf71c, 0xcd15, 0xa38f, 0xe639, 0xf75d, 0xe6dc, 0xef1c, 0xe73c, 0xe71c, 0xdf3c,
  0xe73c, 0xe71c, 0xe71c, 0xe71c, 0xe71c, 0xe71c, 0xe71c, 0xe71c, 0xe71c, 0xe71c, 0xe71c, 0xeefc, 0xeefc, 0xf6db, 0xcd35, 0xf6bb,
  0xf71c, 0xd638, 0xce18, 0xe6fb, 0xe6fb, 0xe6fb, 0xe6fb, 0xe6fb, 0xe6fb, 0xe6db, 0xe6db, 0xe6db, 0xe6bb, 0xe6bb, 0xde38, 0xe6ba,
  0xe6ba, 0xde9a, 0xe69a, 0xe69a, 0xde79, 0xde58, 0xd658, 0xd638, 0xd637, 0xd637, 0xd637, 0xce16, 0xce16, 0xcdf6, 0xcdf5, 0xc5d5,
  0xc5d5, 0xb553, 0xe6d9, 0x5aca, 0x0000, 0x0020, 0x0000, 0x0000, 0x0000, 0x0000, 0x0000, 0x0000, 0x0000, 0x0000, 0x0000, 0x0000,
  0x0000, 0x0000, 0x0000, 0x0000, 0x0000, 0x0000, 0x0000, 0x0000, 0x0000, 0x0000, 0x0000, 0x0000, 0x0000, 0x0000, 0x0000, 0x0000,
  0x0000, 0x0000, 0x0000, 0x0000, 0x0000, 0x0000, 0x0000, 0x0000, 0x0000, 0x0000, 0x0000, 0x0000, 0x0000, 0x0000, 0x0000, 0x0000,
  0x0000, 0x0000, 0x0000, 0x0000, 0x0000, 0x0000, 0x0000, 0x0000, 0x0000, 0x0000, 0x0000, 0x0000, 0x0000, 0x0000, 0x0000, 0x0000,
  0x0000, 0x0000, 0x0000, 0x0000, 0x0000, 0x0000, 0x0000, 0x0000, 0x0000, 0x0000, 0x0000, 0x0000, 0x0000, 0x0000, 0x0000, 0x0000,
  0x0000, 0x0000, 0x0000, 0x0000, 0x0000, 0x0000, 0x0000, 0x0000, 0x0000, 0x0020, 0x0000, 0x9cd2, 0xf75c, 0xbd94, 0xbd94, 0xc5b4,
  0xc5d4, 0xc5d5, 0xcdf5, 0xcdf6, 0xce16, 0xce37, 0xd637, 0xd658, 0xd658, 0xd658, 0xd658, 0xd679, 0xde99, 0xde38, 0xc596, 0xde79,
  0xe6db, 0xdeba, 0xdefb, 0xdedb, 0xdefb, 0xdedb, 0xe6db, 0xf6fc, 0xee7b, 0xddb8, 0xc4f4, 0xbcb3, 0xbc93, 0xbc93, 0xc4d4, 0xd556,
  0xe5b8, 0xedb8, 0xedb8, 0xedb8, 0xedb8, 0xd4b4, 0xbb90, 0xb32e, 0xd4d4, 0xfedb, 0xeefc, 0xe73c, 0xe71c, 0xe71c, 0xe71c, 0xe6fb,
  0xe6db, 0xde9a, 0xeefc, 0xf71c, 0xf71c, 0xcdb7, 0xc576, 0xd5d8, 0xff1c, 0xed97, 0xb2ed, 0xe453, 0xc432, 0xf6fc, 0xe71c, 0xe71c,
  0xe71c, 0xeefc, 0xff3d, 0xbcd4, 0xbc11, 0xff1c, 0xe6fc, 0xef1c, 0xef1c, 0xe71c, 0xe71c, 0xe73c, 0xe73c, 0xe71c, 0xe71c, 0xe71c,
  0xe71c, 0xe71c, 0xe71c, 0xe71c, 0xe71c, 0xe71c, 0xe71c, 0xef1c, 0xf71c, 0xe659, 0xd576, 0xff1d, 0xde39, 0xc5b7, 0xef1c, 0xe6fb,
  0xe6fb, 0xe6fb, 0xe6fb, 0xe6fb, 0xe6fb, 0xe6fb, 0xe6fb, 0xe6db, 0xe6db, 0xe69a, 0xd618, 0xeeba, 0xe6ba, 0xe69a, 0xde59, 0xd638,
  0xd659, 0xd658, 0xd638, 0xd638, 0xd637, 0xd657, 0xd637, 0xce37, 0xce16, 0xcdf6, 0xcdf6, 0xcdd5, 0xc5d5, 0xc5b4, 0xbd94, 0xce57,
  0x2945, 0x0000, 0x0000, 0x0000, 0x0000, 0x0000, 0x0000, 0x0000, 0x0000, 0x0000, 0x0000, 0x0000, 0x0000, 0x0000, 0x0000, 0x0000,
  0x0000, 0x0000, 0x0000, 0x0000, 0x0000, 0x0000, 0x0000, 0x0000, 0x0000, 0x0000, 0x0000, 0x0000, 0x0000, 0x0000, 0x0000, 0x0000,
  0x0000, 0x0000, 0x0000, 0x0000, 0x0000, 0x0000, 0x0000, 0x0000, 0x0000, 0x0000, 0x0000, 0x0000, 0x0000, 0x0000, 0x0000, 0x0000,
  0x0000, 0x0000, 0x0000, 0x0000, 0x0000, 0x0000, 0x0000, 0x0000, 0x0000, 0x0000, 0x0000, 0x0000, 0x0000, 0x0000, 0x0000, 0x0000,
  0x0000, 0x0000, 0x0000, 0x0000, 0x0000, 0x0000, 0x0000, 0x0000, 0x0000, 0x0000, 0x0000, 0x0000, 0x0000, 0x0000, 0x0000, 0x0000,
  0x0000, 0x0000, 0x0000, 0x0000, 0x0020, 0x0000, 0x39c7, 0xd678, 0xc5d5, 0xc594, 0xc5b4, 0xc5d4, 0xc5d5, 0xcdf5, 0xcdf6, 0xd616,
  0xd637, 0xd637, 0xd658, 0xd658, 0xd658, 0xde79, 0xde79, 0xd679, 0xd659, 0xde59, 0xde59, 0xd618, 0xde79, 0xe6fb, 0xe6bb, 0xe6bb,
  0xe6fb, 0xdefb, 0xdf1b, 0xe6fc, 0xef1c, 0xef1c, 0xeefb, 0xf6fb, 0xf6fc, 0xf6fb, 0xff1c, 0xff3c, 0xff1c, 0xff5d, 0xff7d, 0xff5c,
  0xff5c, 0xff1c, 0xfe9a, 0xc493, 0xa32d, 0xc452, 0xf6bb, 0xef1c, 0xe71c, 0xef1c, 0xe71c, 0xe71c, 0xef1c, 0xe6db, 0xd659, 0xde5a,
  0xcdd8, 0xd5f8, 0xf71c, 0xc535, 0xf67a, 0xed97, 0xb2ac, 0xbaed, 0xccd4, 0xf73d, 0xe71c, 0xef1c, 0xe71c, 0xeefc, 0xff3d, 0xc515,
  0xbc11, 0xfefc, 0xeefc, 0xeefc, 0xeefc, 0xeefc, 0xef1c, 0xe71c, 0xe71c, 0xe71c, 0xe71c, 0xe71c, 0xe71c, 0xe71c, 0xe71c, 0xe71c,
  0xef1d, 0xef3d, 0xe71c, 0xe6fc, 0xf75d, 0xd5b7, 0xd597, 0xff1d, 0xc556, 0xeebb, 0xef1c, 0xe71c, 0xe71c, 0xe71b, 0xe71b, 0xe6fb,
  0xe6fb, 0xe6fb, 0xe6fb, 0xe6db, 0xe6db, 0xe69a, 0xde38, 0xeedb, 0xe6ba, 0xcdf7, 0xd618, 0xde9a, 0xde9a, 0xde99, 0xde99, 0xde79,
  0xd678, 0xd658, 0xd657, 0xce37, 0xce37, 0xce37, 0xce16, 0xcdf6, 0xc5d5, 0xc5d5, 0xc5b4, 0xbd93, 0xdeb9, 0x39e7, 0x0000, 0x0000,
  0x0000, 0x0000, 0x0000, 0x0000, 0x0000, 0x0000, 0x0000, 0x0000, 0x0000, 0x0000, 0x0000, 0x0000, 0x0000, 0x0000, 0x0000, 0x0000,
  0x0000, 0x0000, 0x0000, 0x0000, 0x0000, 0x0000, 0x0000, 0x0000, 0x0000, 0x0000, 0x0000, 0x0000, 0x0000, 0x0000, 0x0000, 0x0000,
  0x0000, 0x0000, 0x0000, 0x0000, 0x0000, 0x0000, 0x0000, 0x0000, 0x0000, 0x0000, 0x0000, 0x0000, 0x0000, 0x0000, 0x0000, 0x0000,
  0x0000, 0x0000, 0x0000, 0x0000, 0x0000, 0x0000, 0x0000, 0x0000, 0x0000, 0x0000, 0x0000, 0x0000, 0x0000, 0x0000, 0x0000, 0x0000,
  0x0000, 0x0000, 0x0000, 0x0000, 0x0000, 0x0000, 0x0000, 0x0000, 0x0000, 0x0000, 0x0000, 0x0000, 0x0000, 0x0000, 0x0000, 0x0000,
  0x0000, 0x7bae, 0xa513, 0xd678, 0xbd94, 0xc5b4, 0xc5b5, 0xc5d5, 0xcdf5, 0xcdf6, 0xd616, 0xd637, 0xd637, 0xd658, 0xd658, 0xd658,
  0xd679, 0xde79, 0xde99, 0xde99, 0xde9a, 0xe6ba, 0xe6ba, 0xe6ba, 0xce17, 0xd638, 0xeedb, 0xf6fc, 0xeedb, 0xeefc, 0xef1c, 0xe6fb,
  0xe6fb, 0xeefb, 0xef1b, 0xf71c, 0xf71c, 0xff1c, 0xeedb, 0xeeba, 0xe679, 0xddb7, 0xcd35, 0xd596, 0xe638, 0xf69a, 0xfefc, 0xff3c,
  0xd4f4, 0xa2cd, 0xc452, 0xfebc, 0xeefc, 0xe71c, 0xe71c, 0xe71c, 0xef1c, 0xf73d, 0xe6db, 0xde9a, 0xe6db, 0xf73d, 0xf73d, 0xcd97,
  0xdd97, 0xed56, 0xb28c, 0xb2cd, 0xe5d7, 0xf75d, 0xef1c, 0xe71c, 0xe73c, 0xef1c, 0xf71d, 0xe639, 0xa38f, 0xfe9a, 0xf71c, 0xeefc,
  0xef1c, 0xef1c, 0xef1c, 0xef1c, 0xef1c, 0xe71c, 0xe71c, 0xe71c, 0xe71c, 0xe71c, 0xe71c, 0xe71c, 0xef1c, 0xef1d, 0xe6fc, 0xe6fc,
  0xf73d, 0xcd96, 0xddb7, 0xf69b, 0xcd56, 0xff1d, 0xef1c, 0xe71c, 0xe71b, 0xe71c, 0xe71c, 0xe6fb, 0xe6fb, 0xe6fb, 0xe6fb, 0xe6db,
  0xeefb, 0xde7a, 0xd618, 0xf6fb, 0xd618, 0xd638, 0xeedb, 0xe6ba, 0xdeba, 0xde9a, 0xde99, 0xde79, 0xd679, 0xd678, 0xd658, 0xd657,
  0xce57, 0xce57, 0xce16, 0xcdf6, 0xcdd6, 0xc5d5, 0xc5d4, 0xbdb4, 0xc5f5, 0xad53, 0x2965, 0x2104, 0x0000, 0x0000, 0x0000, 0x0000,
  0x0000, 0x0000, 0x0000, 0x0000, 0x0000, 0x0000, 0x0000, 0x0000, 0x0000, 0x0000, 0x0000, 0x0000, 0x0000, 0x0000, 0x0000, 0x0000,
  0x0000, 0x0000, 0x0000, 0x0000, 0x0000, 0x0000, 0x0000, 0x0000, 0x0000, 0x0000, 0x0000, 0x0000, 0x0000, 0x0000, 0x0000, 0x0000,
  0x0000, 0x0000, 0x0000, 0x0000, 0x0000, 0x0000, 0x0000, 0x0000, 0x0000, 0x0000, 0x0000, 0x0000, 0x0000, 0x0000, 0x0000, 0x0000,
  0x0000, 0x0000, 0x0000, 0x0000, 0x0000, 0x0000, 0x0000, 0x0000, 0x0000, 0x0000, 0x0000, 0x0000, 0x0000, 0x0000, 0x0000, 0x0000,
  0x0000, 0x0000, 0x0000, 0x0000, 0x0000, 0x0000, 0x0000, 0x0000, 0x0000, 0x0000, 0x0000, 0x0000, 0x0861, 0xb575, 0xdeb9, 0xbd74,
  0xc5b5, 0xcdb5, 0xcdd5, 0xcdd6, 0xce16, 0xd617, 0xd5d6, 0xd617, 0xd658, 0xd658, 0xd678, 0xde79, 0xde79, 0xde99, 0xde9a, 0xdeba,
  0xdeba, 0xdeda, 0xdeda, 0xe6da, 0xeefb, 0xd618, 0xcdb6, 0xddd7, 0xe639, 0xf69a, 0xf6bb, 0xf6bb, 0xf6bb, 0xf69a, 0xee5a, 0xe5b8,
  0xcd15, 0xccd4, 0xb411, 0xac11, 0xb432, 0xb3f0, 0xb3cf, 0xb3d0, 0xab8f, 0xb38f, 0xbbd0, 0xdcf5, 0xfe3a, 0xdc53, 0xaaad, 0xd4f5,
  0xff1c, 0xe6fc, 0xe73c, 0xe73c, 0xe71c, 0xe71c, 0xef3c, 0xef3d, 0xef3c, 0xef1c, 0xf75d, 0xcd56, 0xdd56, 0xd473, 0xb24b, 0xcbb0,
  0xf6fb, 0xef1c, 0xef1c, 0xe71c, 0xe73c, 0xef1c, 0xf71c, 0xf6db, 0xabcf, 0xe5b7, 0xf73d, 0xeefc, 0xe71c, 0xe73c, 0xe73c, 0xe73c,
  0xef3c, 0xe71c, 0xe71c, 0xe71c, 0xe71c, 0xe71c, 0xe71c, 0xe71c, 0xe71c, 0xe71c, 0xe6fc, 0xe6fc, 0xf73d, 0xd5d8, 0xd597, 0xe5f9,
  0xc535, 0xf71c, 0xeefc, 0xe71c, 0xe71c, 0xe71c, 0xe71c, 0xeefb, 0xe6fb, 0xe6fb, 0xe6fb, 0xe6fb, 0xeefb, 0xde59, 0xde59, 0xe69a,
  0xd5f7, 0xf6fb, 0xeeba, 0xdeba, 0xdeba, 0xdeba, 0xdeba, 0xde99, 0xde99, 0xd679, 0xd678, 0xd658, 0xd657, 0xce57, 0xce36, 0xce16,
  0xcdf6, 0xcdd6, 0xc5d5, 0xc5d4, 0xb573, 0xd678, 0x736d, 0x0000, 0x0000, 0x0000, 0x0000, 0x0000, 0x0000, 0x0000, 0x0000, 0x0000,
  0x0000, 0x0000, 0x0000, 0x0000, 0x0000, 0x0000, 0x0000, 0x0000, 0x0000, 0x0000, 0x0000, 0x0000, 0x0000, 0x0000, 0x0000, 0x0000,
  0x0000, 0x0000, 0x0000, 0x0000, 0x0000, 0x0000, 0x0000, 0x0000, 0x0000, 0x0000, 0x0000, 0x0000, 0x0000, 0x0000, 0x0000, 0x0000,
  0x0000, 0x0000, 0x0000, 0x0000, 0x0000, 0x0000, 0x0000, 0x0000, 0x0000, 0x0000, 0x0000, 0x0000, 0x0000, 0x0000, 0x0000, 0x0000,
  0x0000, 0x0000, 0x0000, 0x0000, 0x0000, 0x0000, 0x0000, 0x0000, 0x0000, 0x0000, 0x0000, 0x0000, 0x0000, 0x0000, 0x0000, 0x0000,
  0x0000, 0x0000, 0x0000, 0x0000, 0x0000, 0x0000, 0x0000, 0x1081, 0xce37, 0xeefa, 0xbd74, 0xc5b4, 0xc5b5, 0xc5d5, 0xcdd5, 0xcdf6,
  0xce17, 0xd617, 0xd5d6, 0xd5d6, 0xde58, 0xd658, 0xde79, 0xde99, 0xde99, 0xde99, 0xdeba, 0xdeba, 0xdeba, 0xdeda, 0xdedb, 0xe6db,
  0xdeba, 0xeefb, 0xe69a, 0xd5f7, 0xc576, 0xc555, 0xcd35, 0xcd35, 0xbc93, 0xac11, 0xbc73, 0xbc93, 0xccd4, 0xdd77, 0xe5b8, 0xe5f8,
  0xf67a, 0xf6db, 0xf6db, 0xf6bb, 0xee18, 0xdd76, 0xc473, 0xa32e, 0xb32d, 0xe432, 0xcb0e, 0xbb2f, 0xf65a, 0xef3c, 0xe73c, 0xe71c,
  0xe71c, 0xe71c, 0xe71c, 0xef1c, 0xe71c, 0xdefb, 0xef3c, 0xd576, 0xed56, 0xc32e, 0xaa8b, 0xe555, 0xf77d, 0xe6fc, 0xe71c, 0xe73c,
  0xe71c, 0xef1c, 0xeefb, 0xff5d, 0xccd4, 0xc4b4, 0xff3d, 0xe71c, 0xe73c, 0xe73c, 0xe73c, 0xe73c, 0xef1c, 0xe71c, 0xe71c, 0xe71c,
  0xe71c, 0xe71c, 0xe71c, 0xe71c, 0xeefc, 0xef1c, 0xe6fc, 0xe6fb, 0xef1c, 0xeebb, 0xbcd4, 0xccf4, 0xd536, 0xf71c, 0xe71c, 0xe73c,
  0xe71c, 0xe71c, 0xe71c, 0xe71c, 0xeefc, 0xe71c, 0xe71c, 0xe6fb, 0xeefc, 0xde39, 0xe659, 0xd5f7, 0xe679, 0xeedb, 0xe6db, 0xe6ba,
  0xdeba, 0xdeba, 0xdeba, 0xde9a, 0xde99, 0xde99, 0xd679, 0xd678, 0xd678, 0xd677, 0xce57, 0xce17, 0xce16, 0xcdf6, 0xcdd5, 0xc5d5,
  0xc5d5, 0xbd94, 0xd658, 0x630c, 0x0000, 0x0000, 0x0000, 0x0000, 0x0000, 0x0000, 0x0000, 0x0000, 0x0000, 0x0000, 0x0000, 0x0000,
  0x0000, 0x0000, 0x0000, 0x0000, 0x0000, 0x0000, 0x0000, 0x0000, 0x0000, 0x0000, 0x0000, 0x0000, 0x0000, 0x0000, 0x0000, 0x0000,
  0x0000, 0x0000, 0x0000, 0x0000, 0x0000, 0x0000, 0x0000, 0x0000, 0x0000, 0x0000, 0x0000, 0x0000, 0x0000, 0x0000, 0x0000, 0x0000,
  0x0000, 0x0000, 0x0000, 0x0000, 0x0000, 0x0000, 0x0000, 0x0000, 0x0000, 0x0000, 0x0000, 0x0000, 0x0000, 0x0000, 0x0000, 0x0000,
  0x0000, 0x0000, 0x0000, 0x0000, 0x0000, 0x0000, 0x0000, 0x0000, 0x0000, 0x0000, 0x0000, 0x0000, 0x0000, 0x0000, 0x0000, 0x0000,
  0x0000, 0x0000, 0x0020, 0xc5f6, 0xf77c, 0xbd94, 0xc5b4, 0xc5b4, 0xc5b5, 0xc5d5, 0xcdf6, 0xce16, 0xce17, 0xd637, 0xd5d6, 0xd5b6,
  0xe659, 0xde58, 0xde99, 0xde9a, 0xde9a, 0xde9a, 0xe6ba, 0xdeba, 0xdeba, 0xdedb, 0xdedb, 0xe6db, 0xe6fb, 0xe6fb, 0xe6fb, 0xef1c,
  0xef1c, 0xeedb, 0xeeba, 0xee59, 0xb451, 0xddd7, 0xf6fc, 0xff1d, 0xf71d, 0xf71d, 0xf71d, 0xef1c, 0xef1c, 0xeefc, 0xeefc, 0xef1c,
  0xef3d, 0xf73d, 0xff1d, 0xee7b, 0xcc51, 0xaa8b, 0xc2ed, 0xba8c, 0xdd14, 0xf75d, 0xe71c, 0xef1c, 0xef1c, 0xe73c, 0xe71d, 0xef1d,
  0xef3d, 0xef3c, 0xeefb, 0xcc72, 0xd3f1, 0xb26b, 0xc3f1, 0xfefb, 0xe71c, 0xe71d, 0xef1c, 0xe71d, 0xef1d, 0xef1c, 0xe73b, 0xef5d,
  0xe5b8, 0xb3d1, 0xf6bc, 0xef1c, 0xe73c, 0xe71c, 0xe71c, 0xef1c, 0xeefc, 0xe71c, 0xe71c, 0xef1c, 0xef1c, 0xef1c, 0xef1c, 0xeefc,
  0xf71c, 0xeefc, 0xdeba, 0xe73c, 0xef1c, 0xf71d, 0xe639, 0xabb0, 0xc411, 0xfefc, 0xe71c, 0xe71c, 0xeefc, 0xeefc, 0xe71c, 0xe71c,
  0xeefc, 0xef1c, 0xdf3c, 0xe71c, 0xf71c, 0xe639, 0xddb6, 0xd5b6, 0xe6db, 0xdefb, 0xe6db, 0xe6bb, 0xdeda, 0xdeda, 0xe69a, 0xde9a,
  0xde99, 0xde99, 0xde99, 0xde79, 0xd678, 0xd658, 0xd658, 0xce37, 0xce37, 0xce16, 0xcdf6, 0xcdf5, 0xc5d5, 0xc5b5, 0xbd94, 0xe6b9,
  0x31a6, 0x2944, 0x0000, 0x0000, 0x0000, 0x0000, 0x0000, 0x0000, 0x0000, 0x0000, 0x0000, 0x0000, 0x0000, 0x0000, 0x0000, 0x0000,
  0x0000, 0x0000, 0x0000, 0x0000, 0x0000, 0x0000, 0x0000, 0x0000, 0x0000, 0x0000, 0x0000, 0x0000, 0x0000, 0x0000, 0x0000, 0x0000,
  0x0000, 0x0000, 0x0000, 0x0000, 0x0000, 0x0000, 0x0000, 0x0000, 0x0000, 0x0000, 0x0000, 0x0000, 0x0000, 0x0000, 0x0000, 0x0000,
  0x0000, 0x0000, 0x0000, 0x0000, 0x0000, 0x0000, 0x0000, 0x0000, 0x0000, 0x0000, 0x0000, 0x0000, 0x0000, 0x0000, 0x0000, 0x0000,
  0x0000, 0x0000, 0x0000, 0x0000, 0x0000, 0x0000, 0x0000, 0x0000, 0x0000, 0x0000, 0x0000, 0x0000, 0x0020, 0x0000, 0x52aa, 0xfffe,
  0xc5d5, 0xbd94, 0xc5b4, 0xc5b4, 0xc5d5, 0xcdd6, 0xcdf6, 0xce17, 0xce17, 0xd658, 0xd5f7, 0xd596, 0xe679, 0xde79, 0xde99, 0xde9a,
  0xe69a, 0xde9a, 0xe6ba, 0xdeda, 0xdedb, 0xe6db, 0xdedb, 0xe71c, 0xe6db, 0xdeba, 0xe6db, 0xeefc, 0xeefb, 0xf6fc, 0xf6fc, 0xbd14,
  0xde18, 0xff1c, 0xef1c, 0xe6fc, 0xe71c, 0xe71c, 0xe6fb, 0xe6fc, 0xe6fc, 0xe71c, 0xe71c, 0xe73c, 0xe71c, 0xe71c, 0xef1c, 0xeefc,
  0xfefb, 0xe535, 0xb2ed, 0xb28b, 0xc3f0, 0xf71c, 0xef3d, 0xef1c, 0xef1c, 0xe71c, 0xe71d, 0xe71c, 0xe71c, 0xf71c, 0xf659, 0xb2ed,
  0xaa8b, 0xb32e, 0xfe5a, 0xff1c, 0xe71c, 0xe73c, 0xf71c, 0xeefc, 0xeefd, 0xef1c, 0xe71c, 0xf73d, 0xedf9, 0xa34e, 0xeebb, 0xef3d,
  0xe71c, 0xe71c, 0xe71c, 0xeefc, 0xeefc, 0xef1c, 0xe71c, 0xef1c, 0xef1c, 0xef1c, 0xeefc, 0xeefc, 0xf71d, 0xde59, 0xdedb, 0xe73c,
  0xe6fb, 0xeefc, 0xf71d, 0xee39, 0xb431, 0xd596, 0xf73d, 0xeefc, 0xeefc, 0xef1c, 0xe71c, 0xe71c, 0xeefc, 0xe71c, 0xe71c, 0xe71c,
  0xf6fc, 0xe618, 0xbc72, 0xddd7, 0xeefb, 0xdefb, 0xe6db, 0xe6db, 0xe6da, 0xe6da, 0xe6ba, 0xe6ba, 0xde9a, 0xde99, 0xde99, 0xde79,
  0xd678, 0xd678, 0xd658, 0xd657, 0xd637, 0xd637, 0xce16, 0xcdf6, 0xc5d5, 0xc5b5, 0xc594, 0xc5d5, 0xbdb5, 0x1082, 0x0000, 0x0000,
  0x0000, 0x0000, 0x0000, 0x0000, 0x0000, 0x0000, 0x0000, 0x0000, 0x0000, 0x0000, 0x0000, 0x0000, 0x0000, 0x0000, 0x0000, 0x0000,
  0x0000, 0x0000, 0x0000, 0x0000, 0x0000, 0x0000, 0x0000, 0x0000, 0x0000, 0x0000, 0x0000, 0x0000, 0x0000, 0x0000, 0x0000, 0x0000,
  0x0000, 0x0000, 0x0000, 0x0000, 0x0000, 0x0000, 0x0000, 0x0000, 0x0000, 0x0000, 0x0000, 0x0000, 0x0000, 0x0000, 0x0000, 0x0000,
  0x0000, 0x0000, 0x0000, 0x0000, 0x0000, 0x0000, 0x0000, 0x0000, 0x0000, 0x0000, 0x0000, 0x0000, 0x0000, 0x0000, 0x0000, 0x0000,
  0x0000, 0x0000, 0x0000, 0x0000, 0x0000, 0x0000, 0x0000, 0x0000, 0x0000, 0x0000, 0xce58, 0xdeb9, 0xbd74, 0xc5d5, 0xc5b4, 0xcdd5,
  0xc5d5, 0xcdf6, 0xce16, 0xd617, 0xce37, 0xd658, 0xddf7, 0xcd76, 0xe679, 0xde99, 0xde99, 0xde9a, 0xe6ba, 0xde9a, 0xe6ba, 0xdedb,
  0xdedb, 0xe6db, 0xe6fb, 0xe6db, 0xdeba, 0xd69a, 0xd639, 0xde79, 0xf6fc, 0xee9a, 0xbd35, 0xd638, 0xf73c, 0xe6fb, 0xe73c, 0xe73c,
  0xe73c, 0xe73c, 0xe73c, 0xe73c, 0xe71c, 0xe71c, 0xe71c, 0xe73c, 0xdf3c, 0xe73c, 0xe73c, 0xef3c, 0xe71b, 0xff3c, 0xe576, 0xaaab,
  0xbbaf, 0xfefc, 0xeefc, 0xe71c, 0xef1c, 0xef1c, 0xe71c, 0xe73c, 0xe6fb, 0xff3d, 0xe536, 0xb22a, 0xaaac, 0xe5b7, 0xff3d, 0xef1c,
  0xef3c, 0xe71b, 0xef1b, 0xef1c, 0xe71d, 0xe73d, 0xe71d, 0xff3d, 0xedb8, 0xa36f, 0xeedc, 0xef1c, 0xe73c, 0xe71c, 0xe71c, 0xeefc,
  0xeefc, 0xe6fc, 0xe71c, 0xe71c, 0xe71c, 0xef1c, 0xeefc, 0xef1c, 0xde39, 0xde59, 0xef5d, 0xe73c, 0xe73c, 0xe71c, 0xeefc, 0xf71c,
  0xee9a, 0xac51, 0xe63a, 0xf71d, 0xeefc, 0xef1c, 0xe71c, 0xe71c, 0xef1c, 0xe71c, 0xe71c, 0xe71c, 0xf6fc, 0xddb7, 0xbc31, 0xee59,
  0xeefb, 0xdf1b, 0xe6fb, 0xe6db, 0xe6db, 0xe6db, 0xe6db, 0xe6ba, 0xe6ba, 0xde99, 0xde99, 0xde79, 0xde79, 0xd679, 0xd678, 0xd658,
  0xd657, 0xd637, 0xce17, 0xcdf6, 0xcdd6, 0xc5d5, 0xc5d5, 0xbd94, 0xce56, 0x736d, 0x0000, 0x0000, 0x0000, 0x0000, 0x0000, 0x0000,
  0x0000, 0x0000, 0x0000, 0x0000, 0x0000, 0x0000, 0x0000, 0x0000, 0x0000, 0x0000, 0x0000, 0x0000, 0x0000, 0x0000, 0x0000, 0x0000,
  0x0000, 0x0000, 0x0000, 0x0000, 0x0000, 0x0000, 0x0000, 0x0000, 0x0000, 0x0000, 0x0000, 0x0000, 0x0000, 0x0000, 0x0000, 0x0000,
  0x0000, 0x0000, 0x0000, 0x0000, 0x0000, 0x0000, 0x0000, 0x0000, 0x0000, 0x0000, 0x0000, 0x0000, 0x0000, 0x0000, 0x0000, 0x0000,
  0x0000, 0x0000, 0x0000, 0x0000, 0x0000, 0x0000, 0x0000, 0x0000, 0x0000, 0x0000, 0x0000, 0x0000, 0x0000, 0x0000, 0x0000, 0x0000,
  0x0000, 0x0000, 0x0000, 0x0000, 0x39e7, 0xc638, 0xdeda, 0xbdb5, 0xbd94, 0xc5b4, 0xc5d5, 0xcdf5, 0xcdf6, 0xce16, 0xd617, 0xd637,
  0xd638, 0xd658, 0xde18, 0xcd55, 0xde58, 0xde99, 0xde99, 0xdeba, 0xe6ba, 0xe69a, 0xe6ba, 0xe6db, 0xe6db, 0xe6fb, 0xe6fb, 0xe6fb,
  0xe71b, 0xe71c, 0xe6db, 0xce18, 0xcdd7, 0xc576, 0xd638, 0xf73c, 0xe71c, 0xe73c, 0xe71c, 0xe71c, 0xe71c, 0xe71c, 0xe71c, 0xe71c,
  0xe71c, 0xef1c, 0xe71c, 0xe71c, 0xe73c, 0xe73c, 0xe73c, 0xe71c, 0xdf3c, 0xe71c, 0xff3c, 0xcc72, 0xa2ab, 0xedd7, 0xf71c, 0xe71c,
  0xef1c, 0xeefc, 0xe71c, 0xdf1c, 0xef1b, 0xfefc, 0xbb4f, 0xa24b, 0xe597, 0xf73c, 0xe73c, 0xe71c, 0xe71c, 0xe73b, 0xe75c, 0xe73c,
  0xdf3c, 0xe73d, 0xe6fc, 0xff3d, 0xc432, 0xbc73, 0xff3d, 0xef1c, 0xe73c, 0xe71c, 0xef1c, 0xeefc, 0xeefc, 0xef1c, 0xe71c, 0xe71c,
  0xe71c, 0xef1c, 0xef1c, 0xe6bb, 0xd5f8, 0xf71c, 0xe71c, 0xe73c, 0xe73c, 0xe73c, 0xe71c, 0xef1c, 0xf71c, 0xddf8, 0xac11, 0xee7b,
  0xf71c, 0xef1c, 0xe71c, 0xe71c, 0xe71c, 0xe71c, 0xe71c, 0xe71c, 0xf71c, 0xd535, 0xc432, 0xfe9a, 0xeefb, 0xdf1b, 0xe6fb, 0xe6fb,
  0xe6db, 0xe6db, 0xe6ba, 0xe6ba, 0xe6ba, 0xe6ba, 0xde99, 0xde99, 0xde99, 0xd699, 0xd679, 0xd678, 0xd658, 0xd637, 0xd617, 0xce16,
  0xcdf6, 0xcdf6, 0xc5d4, 0xc5b4, 0xbd93, 0xd698, 0x2945, 0x0020, 0x0000, 0x0000, 0x0000, 0x0000, 0x0000, 0x0000, 0x0000, 0x0000,
  0x0000, 0x0000, 0x0000, 0x0000, 0x0000, 0x0000, 0x0000, 0x0000, 0x0000, 0x0000, 0x0000, 0x0000, 0x0000, 0x0000, 0x0000, 0x0000,
  0x0000, 0x0000, 0x0000, 0x0000, 0x0000, 0x0000, 0x0000, 0x0000, 0x0000, 0x0000, 0x0000, 0x0000, 0x0000, 0x0000, 0x0000, 0x0000,
  0x0000, 0x0000, 0x0000, 0x0000, 0x0000, 0x0000, 0x0000, 0x0000, 0x0000, 0x0000, 0x0000, 0x0000, 0x0000, 0x0000, 0x0000, 0x0000,
  0x0000, 0x0000, 0x0000, 0x0000, 0x0000, 0x0000, 0x0000, 0x0000, 0x0000, 0x0000, 0x0000, 0x0000, 0x0000, 0x0000, 0x0000, 0x0000,
  0x31a6, 0xad74, 0xd678, 0xbd94, 0xc5d5, 0xc5b4, 0xcdd5, 0xcdf5, 0xce16, 0xce17, 0xd617, 0xd637, 0xd658, 0xde58, 0xde18, 0xc535,
  0xde58, 0xe699, 0xdeba, 0xdeba, 0xe6da, 0xde9a, 0xe6ba, 0xe6db, 0xe6fb, 0xe6fb, 0xe6fb, 0xe6fb, 0xe6fb, 0xe71c, 0xef1c, 0xef1c,
  0xeefc, 0xef1c, 0xef1c, 0xe6fc, 0xe73d, 0xe71c, 0xef1c, 0xef1c, 0xef1c, 0xef1c, 0xef1c, 0xe71c, 0xe71c, 0xef1c, 0xef1c, 0xef1c,
  0xef1c, 0xef1c, 0xef1c, 0xef1c, 0xe73d, 0xdf3c, 0xeefb, 0xfe9a, 0xa2ec, 0xbbaf, 0xfefc, 0xe71c, 0xef1c, 0xef1c, 0xe71c, 0xe71c,
  0xff3d, 0xdd15, 0x922a, 0xdd15, 0xff5d, 0xdf1b, 0xdf5c, 0xe73c, 0xe71c, 0xe71b, 0xdf3c, 0xe75c, 0xe71b, 0xef1c, 0xff3d, 0xe5b8,
  0x92cc, 0xe5f8, 0xf73d, 0xef1c, 0xe73c, 0xe73c, 0xef1c, 0xeefc, 0xe6fc, 0xef1c, 0xef1c, 0xe71c, 0xe73c, 0xe71c, 0xef3d, 0xd639,
  0xeebb, 0xf71d, 0xe71c, 0xe73c, 0xe73c, 0xe71c, 0xef1c, 0xe71c, 0xef1c, 0xff3d, 0xcd15, 0xbc73, 0xfefc, 0xeefc, 0xe71c, 0xe71c,
  0xe71c, 0xe71c, 0xe71c, 0xe71c, 0xf71c, 0xccf5, 0xc452, 0xfebb, 0xe71b, 0xe71b, 0xe6fb, 0xe6fb, 0xe6fb, 0xe6db, 0xe6db, 0xe6ba,
  0xe6ba, 0xe6ba, 0xde99, 0xde99, 0xde99, 0xde99, 0xd679, 0xd679, 0xd658, 0xd637, 0xd637, 0xce17, 0xce17, 0xcdf6, 0xcdd5, 0xc5d4,
  0xc5b4, 0xc5d5, 0xbdb5, 0x3186, 0x0000, 0x0000, 0x0000, 0x0000, 0x0000, 0x0000, 0x0000, 0x0000, 0x0000, 0x0000, 0x0000, 0x0000,
  0x0000, 0x0000, 0x0000, 0x0000, 0x0000, 0x0000, 0x0000, 0x0000, 0x0000, 0x0000, 0x0000, 0x0000, 0x0000, 0x0000, 0x0000, 0x0000,
  0x0000, 0x0000, 0x0000, 0x0000, 0x0000, 0x0000, 0x0000, 0x0000, 0x0000, 0x0000, 0x0000, 0x0000, 0x0000, 0x0000, 0x0000, 0x0000,
  0x0000, 0x0000, 0x0000, 0x0000, 0x0000, 0x0000, 0x0000, 0x0000, 0x0000, 0x0000, 0x0000, 0x0000, 0x0000, 0x0000, 0x0000, 0x0000,
  0x0000, 0x0000, 0x0000, 0x0000, 0x0000, 0x0000, 0x0000, 0x0000, 0x0000, 0x0000, 0x0000, 0x18e3, 0xb5b6, 0xc5d6, 0xc5d5, 0xc5b4,
  0xc5b4, 0xcdd5, 0xcdf5, 0xce16, 0xce17, 0xd617, 0xd637, 0xd638, 0xd658, 0xde79, 0xddf8, 0xc514, 0xe679, 0xe6ba, 0xdeda, 0xe6da,
  0xe6da, 0xde9a, 0xe6da, 0xe6fb, 0xe6fb, 0xe6fb, 0xe6fb, 0xe6fb, 0xe71c, 0xef1c, 0xe6fb, 0xe6fb, 0xe71c, 0xe71c, 0xe71c, 0xef3d,
  0xef3d, 0xe6fc, 0xeefc, 0xeefc, 0xef1c, 0xef1c, 0xe71c, 0xe71c, 0xe71c, 0xe71c, 0xe71c, 0xef1c, 0xef1c, 0xef1c, 0xef1c, 0xef1c,
  0xe71d, 0xe73d, 0xef3c, 0xff3d, 0xd493, 0xa28b, 0xee18, 0xef3c, 0xef1c, 0xe71c, 0xe73c, 0xf73c, 0xf65a, 0x9a8b, 0xbb8f, 0xff1c,
  0xef1c, 0xe73c, 0xe73b, 0xef1c, 0xf71c, 0xf71d, 0xf73d, 0xff3d, 0xff3c, 0xfefc, 0xdd56, 0x92ab, 0xc4b4, 0xf73d, 0xef1c, 0xe71c,
  0xe73c, 0xe73c, 0xef1c, 0xeefc, 0xe6fc, 0xef1c, 0xe71c, 0xe73c, 0xe73c, 0xe73c, 0xef1c, 0xde7a, 0xd619, 0xef1d, 0xe71c, 0xe73c,
  0xe71c, 0xef1c, 0xef1c, 0xef1c, 0xe71c, 0xef1c, 0xfedb, 0xabf1, 0xddb7, 0xf73d, 0xe71c, 0xef1c, 0xe71c, 0xe71c, 0xe71c, 0xe71c,
  0xf71c, 0xccd4, 0xccb3, 0xfefb, 0xe6fb, 0xeefc, 0xeefc, 0xe6fb, 0xe6fb, 0xe6db, 0xe6db, 0xe6db, 0xe6da, 0xe6da, 0xdeba, 0xde99,
  0xde99, 0xde99, 0xde79, 0xd679, 0xd658, 0xd658, 0xd638, 0xd637, 0xd636, 0xce16, 0xcdf5, 0xcdd5, 0xc5b4, 0xbd73, 0xd677, 0x52a9,
  0x0020, 0x0000, 0x0000, 0x0000, 0x0000, 0x0000, 0x0000, 0x0000, 0x0000, 0x0000, 0x0000, 0x0000, 0x0000, 0x0000, 0x0000, 0x0000,
  0x0000, 0x0000, 0x0000, 0x0000, 0x0000, 0x0000, 0x0000, 0x0000, 0x0000, 0x0000, 0x0000, 0x0000, 0x0000, 0x0000, 0x0000, 0x0000,
  0x0000, 0x0000, 0x0000, 0x0000, 0x0000, 0x0000, 0x0000, 0x0000, 0x0000, 0x0000, 0x0000, 0x0000, 0x0000, 0x0000, 0x0000, 0x0000,
  0x0000, 0x0000, 0x0000, 0x0000, 0x0000, 0x0000, 0x0000, 0x0000, 0x0000, 0x0000, 0x0000, 0x0000, 0x0000, 0x0000, 0x0000, 0x0000,
  0x0000, 0x0000, 0x0000, 0x0000, 0x0000, 0x0020, 0x0000, 0x8410, 0xffde, 0xbdb5, 0xc5b4, 0xc5d5, 0xc5b4, 0xcdd5, 0xcdf5, 0xce16,
  0xd617, 0xd638, 0xd638, 0xd658, 0xd658, 0xde99, 0xddf8, 0xc514, 0xe659, 0xe6da, 0xe6da, 0xe6da, 0xe6db, 0xde9a, 0xe6db, 0xe6fb,
  0xe6fb, 0xe71c, 0xe71c, 0xe71c, 0xe71c, 0xef1c, 0xe71c, 0xe71c, 0xe73c, 0xe71c, 0xe71c, 0xe71c, 0xe6fc, 0xef1c, 0xef1c, 0xe71c,
  0xe71c, 0xe71c, 0xe71c, 0xe73c, 0xe73c, 0xe73c, 0xe73c, 0xe71c, 0xef1c, 0xef1c, 0xe71c, 0xef1c, 0xeefc, 0xef3d, 0xe73c, 0xf71d,
  0xedb8, 0x9a2a, 0xd4f3, 0xf75d, 0xe6fc, 0xe73c, 0xe71c, 0xff3c, 0xcc93, 0x9a2a, 0xf5b7, 0xef3d, 0xe71b, 0xef1b, 0xf71b, 0xfefc,
  0xf65a, 0xedf9, 0xe5b9, 0xd494, 0xcc31, 0xab4e, 0x8a4a, 0xcc72, 0xff1c, 0xef1c, 0xef1c, 0xef1c, 0xe73c, 0xe73c, 0xef1c, 0xef1c,
  0xe6fc, 0xef1c, 0xef1c, 0xe71c, 0xe71c, 0xef1c, 0xeefc, 0xf6fc, 0xcdb7, 0xeefc, 0xef1c, 0xe71c, 0xef3c, 0xef1c, 0xef1c, 0xef1c,
  0xef3d, 0xe71c, 0xff3d, 0xdd56, 0xb411, 0xf71c, 0xe71c, 0xef1c, 0xe71c, 0xe71c, 0xe71c, 0xe6fc, 0xff1c, 0xccb4, 0xccf5, 0xff1c,
  0xe6fb, 0xeefc, 0xeefc, 0xef1c, 0xef1c, 0xeefb, 0xeefb, 0xeedb, 0xe6da, 0xe6da, 0xe6ba, 0xdeb9, 0xdeba, 0xde9a, 0xde99, 0xde79,
  0xde79, 0xde58, 0xd638, 0xd638, 0xd636, 0xce16, 0xcdf6, 0xcdf6, 0xc5b5, 0xc5d5, 0xbd93, 0xdeda, 0x39e7, 0x0000, 0x0000, 0x0000,
  0x0000, 0x0000, 0x0000, 0x0000, 0x0000, 0x0000, 0x0000, 0x0000, 0x0000, 0x0000, 0x0000, 0x0000, 0x0000, 0x0000, 0x0000, 0x0000,
  0x0000, 0x0000, 0x0000, 0x0000, 0x0000, 0x0000, 0x0000, 0x0000, 0x0000, 0x0000, 0x0000, 0x0000, 0x0000, 0x0000, 0x0000, 0x0000,
  0x0000, 0x0000, 0x0000, 0x0000, 0x0000, 0x0000, 0x0000, 0x0000, 0x0000, 0x0000, 0x0000, 0x0000, 0x0000, 0x0000, 0x0000, 0x0000,
  0x0000, 0x0000, 0x0000, 0x0000, 0x0000, 0x0000, 0x0000, 0x0000, 0x0000, 0x0000, 0x0000, 0x0000, 0x0000, 0x0000, 0x0000, 0x0000,
  0x0000, 0x0000, 0x3186, 0xef1b, 0xd637, 0xbd73, 0xc5b4, 0xc5d5, 0xcdd5, 0xcdf5, 0xce16, 0xce37, 0xd637, 0xd637, 0xd658, 0xd658,
  0xde78, 0xdeb9, 0xde18, 0xc4f4, 0xde38, 0xeedb, 0xe69a, 0xeebb, 0xe6fb, 0xd67a, 0xe6db, 0xe6fc, 0xe6fb, 0xe6fb, 0xdf1c, 0xe6fb,
  0xe6fc, 0xe71c, 0xe71c, 0xe71c, 0xe71c, 0xe71c, 0xe71c, 0xe71c, 0xe71c, 0xe71c, 0xe71c, 0xe71c, 0xe71c, 0xe71c, 0xe71c, 0xe71c,
  0xe73c, 0xe73d, 0xe73c, 0xef1c, 0xeefc, 0xef1c, 0xe71c, 0xeefc, 0xef1c, 0xef1b, 0xef1b, 0xef3d, 0xf67a, 0xaa4b, 0xcbd0, 0xff1c,
  0xeefc, 0xe71b, 0xe71b, 0xfeda, 0xab2c, 0xb36d, 0xff5d, 0xef7e, 0xf7bf, 0xf79e, 0xde5a, 0xa432, 0x92ee, 0x92ad, 0x9a8e, 0x9a8e,
  0xab30, 0xbc53, 0xee7b, 0xffbf, 0xf75e, 0xef5d, 0xef5d, 0xef1c, 0xe71c, 0xe71c, 0xdefb, 0xe6fc, 0xdebb, 0xef1c, 0xe71c, 0xe71c,
  0xe71c, 0xef1c, 0xef1b, 0xff3c, 0xd618, 0xd5f8, 0xf75d, 0xe71c, 0xef1c, 0xef1c, 0xef1d, 0xe73c, 0xe73c, 0xef1d, 0xf75d, 0xf67a,
  0xb38f, 0xf65a, 0xef3d, 0xeefc, 0xe71d, 0xe71d, 0xef1c, 0xef1c, 0xf6fc, 0xc4b4, 0xddb8, 0xf73d, 0xe6fb, 0xeefb, 0xf6fb, 0xd618,
  0xcdb7, 0xc575, 0xcdb7, 0xe67a, 0xeedb, 0xeeba, 0xe6ba, 0xde99, 0xe6ba, 0xde9a, 0xde79, 0xde79, 0xde59, 0xde38, 0xde59, 0xde38,
  0xd637, 0xce36, 0xcdf6, 0xcdf5, 0xcdf5, 0xc5d5, 0xc594, 0xd636, 0x83ee, 0x0000, 0x0000, 0x0000, 0x0000, 0x0000, 0x0000, 0x0000,
  0x0000, 0x0000, 0x0000, 0x0000, 0x0000, 0x0000, 0x0000, 0x0000, 0x0000, 0x0000, 0x0000, 0x0000, 0x0000, 0x0000, 0x0000, 0x0000,
  0x0000, 0x0000, 0x0000, 0x0000, 0x0000, 0x0000, 0x0000, 0x0000, 0x0000, 0x0000, 0x0000, 0x0000, 0x0000, 0x0000, 0x0000, 0x0000,
  0x0000, 0x0000, 0x0000, 0x0000, 0x0000, 0x0000, 0x0000, 0x0000, 0x0000, 0x0000, 0x0000, 0x0000, 0x0000, 0x0000, 0x0000, 0x0000,
  0x0000, 0x0000, 0x0000, 0x0000, 0x0000, 0x0000, 0x0000, 0x0000, 0x0000, 0x0000, 0x0000, 0x0000, 0x0000, 0x0000, 0xbdd6, 0xf75c,
  0xbd94, 0xc594, 0xc5b4, 0xcdd5, 0xcdf5, 0xcdf6, 0xce16, 0xd637, 0xd637, 0xd638, 0xd658, 0xde78, 0xde99, 0xde99, 0xde38, 0xc4b3,
  0xddd8, 0xeeba, 0xe6bb, 0xe6db, 0xdedb, 0xe6fb, 0xde9a, 0xe71c, 0xef1c, 0xef1c, 0xef3d, 0xe6fb, 0xef1c, 0xe71c, 0xef1c, 0xe71c,
  0xe71c, 0xe71c, 0xe71c, 0xe71c, 0xe71c, 0xe71c, 0xe71c, 0xe71c, 0xe71c, 0xe71c, 0xe71c, 0xef1c, 0xe71c, 0xe71c, 0xef1c, 0xeefc,
  0xeefc, 0xe71c, 0xe73c, 0xef1c, 0xe71d, 0xe71d, 0xef1c, 0xef1c, 0xfebb, 0xc30d, 0xb2ac, 0xf6bb, 0xef1b, 0xe71b, 0xf79e, 0xe67b,
  0x82ad, 0xbcb6, 0xd67c, 0x9d9a, 0x84d8, 0x6c35, 0x42d0, 0x320d, 0x39ed, 0x41ee, 0x420e, 0x424f, 0x52f1, 0x63b4, 0x6c55, 0x74b6,
  0x8d79, 0xa63c, 0xc6bd, 0xdf3e, 0xef9f, 0xef9f, 0xf77e, 0xf6fc, 0xee59, 0xf75c, 0xf73c, 0xef1b, 0xe71c, 0xe71c, 0xef1c, 0xef3d,
  0xde39, 0xcdb6, 0xf75d, 0xe71c, 0xef1c, 0xef1c, 0xef1d, 0xe73c, 0xe71c, 0xef1c, 0xf75d, 0xf6bb, 0xb390, 0xe5d8, 0xf75d, 0xeefc,
  0xeefc, 0xe6fc, 0xef1d, 0xeefc, 0xf6bb, 0xbc52, 0xe65a, 0xef1c, 0xeefc, 0xf6db, 0xc535, 0xc576, 0xe639, 0xe639, 0xd5f7, 0xbd35,
  0xcdb7, 0xe6ba, 0xe69a, 0xe6ba, 0xe69a, 0xde9a, 0xdeba, 0xde9a, 0xde79, 0xde79, 0xd638, 0xd638, 0xd657, 0xd637, 0xce16, 0xcdf6,
  0xcdf5, 0xcdd5, 0xc5b4, 0xbd94, 0xce36, 0x39e7, 0x0000, 0x0020, 0x0000, 0x0000, 0x0000, 0x0000, 0x0000, 0x0000, 0x0000, 0x0000,
  0x0000, 0x0000, 0x0000, 0x0000, 0x0000, 0x0000, 0x0000, 0x0000, 0x0000, 0x0000, 0x0000, 0x0000, 0x0000, 0x0000, 0x0000, 0x0000,
  0x0000, 0x0000, 0x0000, 0x0000, 0x0000, 0x0000, 0x0000, 0x0000, 0x0000, 0x0000, 0x0000, 0x0000, 0x0000, 0x0000, 0x0000, 0x0000,
  0x0000, 0x0000, 0x0000, 0x0000, 0x0000, 0x0000, 0x0000, 0x0000, 0x0000, 0x0000, 0x0000, 0x0000, 0x0000, 0x0000, 0x0000, 0x0000,
  0x0000, 0x0000, 0x0000, 0x0000, 0x0000, 0x0000, 0x0000, 0x0000, 0x0000, 0x4208, 0xffbd, 0xcdf6, 0xc594, 0xc5b5, 0xcdd5, 0xcdf5,
  0xcdf6, 0xce16, 0xd637, 0xd657, 0xd638, 0xde58, 0xd658, 0xde78, 0xde99, 0xde99, 0xe679, 0xc4b3, 0xdd76, 0xf6bb, 0xe6ba, 0xdedb,
  0xdefb, 0xe6fc, 0xde59, 0xd67a, 0xd659, 0xce18, 0xde9a, 0xef1c, 0xeefc, 0xef1c, 0xe71c, 0xe71c, 0xe71c, 0xe71c, 0xe71c, 0xe71c,
  0xe71c, 0xe71c, 0xe71c, 0xe71c, 0xe71c, 0xe71c, 0xef1c, 0xeefc, 0xf71d, 0xff3d, 0xeefc, 0xf73d, 0xff3d, 0xef1c, 0xe73c, 0xe73c,
  0xe71d, 0xe71d, 0xef1c, 0xeefb, 0xff1c, 0xc38f, 0xa28c, 0xff1c, 0xefde, 0xd73d, 0xb65c, 0x7c35, 0x420e, 0x3a50, 0x19ef, 0x01d0,
  0x01af, 0x01b0, 0x0210, 0x0231, 0x0a32, 0x0a32, 0x0232, 0x0232, 0x0211, 0x01f0, 0x01cf, 0x01af, 0x01f0, 0x01ef, 0x1a70, 0x3b33,
  0x6c56, 0x8cd7, 0xad37, 0xbd15, 0xbc93, 0xcd76, 0xe639, 0xfedb, 0xff3d, 0xff1d, 0xff1d, 0xff5e, 0xd597, 0xd5d8, 0xf73d, 0xe6fc,
  0xef1c, 0xef1c, 0xef1c, 0xe73c, 0xef1c, 0xe71c, 0xef3c, 0xfedb, 0xb3b0, 0xedd8, 0xef3d, 0xe6fc, 0xe71c, 0xe71c, 0xe6fc, 0xf73c,
  0xee7a, 0xb431, 0xdeba, 0xef3c, 0xf6dc, 0xbcb3, 0xcd96, 0xf71c, 0xff1c, 0xf6fc, 0xf6fb, 0xeebb, 0xc576, 0xd5f8, 0xeedb, 0xeebb,
  0xeedb, 0xe6ba, 0xde79, 0xde59, 0xde99, 0xd679, 0xce18, 0xd658, 0xd658, 0xd637, 0xd617, 0xce16, 0xcdf6, 0xcdd5, 0xcdd5, 0xbd94,
  0xce15, 0xb595, 0x0020, 0x0000, 0x0000, 0x0000, 0x0000, 0x0000, 0x0000, 0x0000, 0x0000, 0x0000, 0x0000, 0x0000, 0x0000, 0x0000,
  0x0000, 0x0000, 0x0000, 0x0000, 0x0000, 0x0000, 0x0000, 0x0000, 0x0000, 0x0000, 0x0000, 0x0000, 0x0000, 0x0000, 0x0000, 0x0000,
  0x0000, 0x0000, 0x0000, 0x0000, 0x0000, 0x0000, 0x0000, 0x0000, 0x0000, 0x0000, 0x0000, 0x0000, 0x0000, 0x0000, 0x0000, 0x0000,
  0x0000, 0x0000, 0x0000, 0x0000, 0x0000, 0x0000, 0x0000, 0x0000, 0x0000, 0x0000, 0x0000, 0x0000, 0x0000, 0x0000, 0x0000, 0x0000,
  0x0000, 0x0000, 0x0000, 0x0000, 0x0841, 0xbdd6, 0xe6fa, 0xbd94, 0xc5b4, 0xc5b5, 0xcdd5, 0xcdf6, 0xce16, 0xce17, 0xd637, 0xd657,
  0xd658, 0xde58, 0xde79, 0xde79, 0xdeb9, 0xdeb9, 0xeeba, 0xc514, 0xccd4, 0xf6bb, 0xe6ba, 0xdefb, 0xdf1b, 0xe6fc, 0xeefc, 0xe6bb,
  0xe6db, 0xe6db, 0xcdd7, 0xe6bb, 0xf73d, 0xeefc, 0xe6fc, 0xe71c, 0xe71c, 0xe71c, 0xe71c, 0xe71c, 0xef1c, 0xe71c, 0xe71c, 0xe71c,
  0xe71c, 0xe71c, 0xeefc, 0xff3d, 0xe65a, 0xc515, 0xc515, 0xb4b3, 0xd597, 0xf6fc, 0xef1c, 0xe71c, 0xef1c, 0xef1c, 0xef1c, 0xef1c,
  0xf75d, 0xac12, 0x8aef, 0xbdda, 0x7496, 0x32f1, 0x0a0f, 0x09cf, 0x1211, 0x0212, 0x0253, 0x0274, 0x0294, 0x02b5, 0x02b5, 0x02b5,
  0x0295, 0x0295, 0x0295, 0x0295, 0x0275, 0x0295, 0x0295, 0x0a95, 0x0a95, 0x0253, 0x0252, 0x01f1, 0x01d0, 0x01af, 0x21ee, 0x422e,
  0x7b52, 0xa434, 0xb454, 0xb453, 0xccd4, 0xe597, 0xe5d7, 0xdd76, 0xb493, 0xeebb, 0xef1c, 0xef1c, 0xef1c, 0xef1c, 0xe71c, 0xe71c,
  0xef1c, 0xef1c, 0xef3c, 0xfebb, 0xab4f, 0xedd8, 0xf75d, 0xe71c, 0xe71c, 0xe73d, 0xe6fc, 0xf73c, 0xde18, 0xc4d3, 0xf71c, 0xff1d,
  0xccf5, 0xcd15, 0xf71c, 0xe6fc, 0xe71c, 0xeefc, 0xeedb, 0xeefc, 0xeedb, 0xde59, 0xde39, 0xde39, 0xde39, 0xde38, 0xde39, 0xe679,
  0xde59, 0xd638, 0xde79, 0xde79, 0xd658, 0xd657, 0xd637, 0xd617, 0xce16, 0xcdf5, 0xcdd5, 0xc5d5, 0xb573, 0xd657, 0x5aca, 0x2965,
  0x0000, 0x0000, 0x0000, 0x0000, 0x0000, 0x0000, 0x0000, 0x0000, 0x0000, 0x0000, 0x0000, 0x0000, 0x0000, 0x0000, 0x0000, 0x0000,
  0x0000, 0x0000, 0x0000, 0x0000, 0x0000, 0x0000, 0x0000, 0x0000, 0x0000, 0x0000, 0x0000, 0x0000, 0x0000, 0x0000, 0x0000, 0x0000,
  0x0000, 0x0000, 0x0000, 0x0000, 0x0000, 0x0000, 0x0000, 0x0000, 0x0000, 0x0000, 0x0000, 0x0000, 0x0000, 0x0000, 0x0000, 0x0000,
  0x0000, 0x0000, 0x0000, 0x0000, 0x0000, 0x0000, 0x0000, 0x0000, 0x0000, 0x0000, 0x0000, 0x0000, 0x0000, 0x0000, 0x0000, 0x0000,
  0x0020, 0xe71b, 0xce16, 0xbd73, 0xc5b4, 0xcdd5, 0xcdd5, 0xcdf6, 0xce16, 0xd617, 0xd637, 0xd658, 0xd678, 0xde79, 0xde79, 0xde99,
  0xdeda, 0xde99, 0xeeda, 0xe618, 0xbc32, 0xddd8, 0xeefc, 0xe6fb, 0xe6fb, 0xe6fc, 0xeefc, 0xeefc, 0xef1c, 0xf71c, 0xe69a, 0xd5f8,
  0xef3d, 0xe6db, 0xef1c, 0xe71c, 0xe71c, 0xef1c, 0xe6fb, 0xe6fb, 0xef1c, 0xe71c, 0xef3c, 0xef3c, 0xe71c, 0xef1c, 0xf73d, 0xcd97,
  0xb4b3, 0xddf8, 0xf69b, 0xe659, 0xac52, 0xcd36, 0xff1d, 0xe6db, 0xef1b, 0xe71b, 0xe73d, 0xef9f, 0xdf7f, 0x73b3, 0x31ed, 0x19ee,
  0x01cf, 0x0212, 0x0253, 0x0294, 0x0294, 0x02b5, 0x02d5, 0x02b5, 0x02b5, 0x02d5, 0x02d6, 0x0b17, 0x02d6, 0x02d6, 0x02b6, 0x02b6,
  0x02d6, 0x02d6, 0x02d5, 0x02f6, 0x0b16, 0x02d5, 0x02b5, 0x02b5, 0x0295, 0x0294, 0x0a53, 0x09f0, 0x19ef, 0x4270, 0x7c15, 0xb579,
  0xcdb8, 0xbcd4, 0xb471, 0xc514, 0xf6bb, 0xf71d, 0xeefc, 0xef1c, 0xef1c, 0xef1c, 0xe71c, 0xe71c, 0xef1c, 0xef1c, 0xf71c, 0xf65a,
  0xa32e, 0xedf9, 0xef5d, 0xdf3c, 0xe71c, 0xe73c, 0xe71c, 0xf73c, 0xcd55, 0xc4d3, 0xff1d, 0xd536, 0xbc73, 0xfefc, 0xeefc, 0xe71c,
  0xdf3c, 0xe71c, 0xeefc, 0xeedb, 0xeedb, 0xeefc, 0xeedb, 0xde39, 0xc556, 0xbcf4, 0xcd76, 0xddf8, 0xde59, 0xe679, 0xe679, 0xde59,
  0xd658, 0xd658, 0xd637, 0xd637, 0xce16, 0xcdf6, 0xcdd5, 0xc5b5, 0xc5b4, 0xc5d5, 0xbdf6, 0x2945, 0x0000, 0x0000, 0x0000, 0x0000,
  0x0000, 0x0000, 0x0000, 0x0000, 0x0000, 0x0000, 0x0000, 0x0000, 0x0000, 0x0000, 0x0000, 0x0000, 0x0000, 0x0000, 0x0000, 0x0000,
  0x0000, 0x0000, 0x0000, 0x0000, 0x0000, 0x0000, 0x0000, 0x0000, 0x0000, 0x0000, 0x0000, 0x0000, 0x0000, 0x0000, 0x0000, 0x0000,
  0x0000, 0x0000, 0x0000, 0x0000, 0x0000, 0x0000, 0x0000, 0x0000, 0x0000, 0x0000, 0x0000, 0x0000, 0x0000, 0x0000, 0x0000, 0x0000,
  0x0000, 0x0000, 0x0000, 0x0000, 0x0000, 0x0000, 0x0000, 0x0000, 0x0000, 0x0000, 0x0000, 0x1082, 0x6b4c, 0xd699, 0xbd94, 0xc5b4,
  0xc5b4, 0xcdd5, 0xcdd6, 0xd5f6, 0xd617, 0xd637, 0xd658, 0xd658, 0xd679, 0xde79, 0xe679, 0xde99, 0xdeba, 0xe6ba, 0xe6ba, 0xf6db,
  0xd556, 0xb472, 0xee7a, 0xeefc, 0xe6db, 0xe6fc, 0xe71c, 0xe6fc, 0xe6fc, 0xeefc, 0xe69a, 0xd619, 0xef1c, 0xe6fc, 0xe71c, 0xe71c,
  0xe71c, 0xef1c, 0xdedb, 0xe6db, 0xe71c, 0xe71c, 0xe71b, 0xef1c, 0xf71c, 0xf71c, 0xc576, 0xc576, 0xf71c, 0xff3c, 0xeefb, 0xff5d,
  0xfefc, 0xa3d0, 0xee39, 0xf73c, 0xe71b, 0xe79e, 0xd71f, 0x84f7, 0x22d0, 0x0a0f, 0x0a31, 0x0a72, 0x0ab5, 0x02b5, 0x02b5, 0x0af6,
  0x02f6, 0x02d6, 0x02d6, 0x02d6, 0x02d6, 0x02f6, 0x0317, 0x1378, 0x0337, 0x0337, 0x0317, 0x0337, 0x0317, 0x0337, 0x0316, 0x0336,
  0x0b77, 0x0316, 0x02f6, 0x02d6, 0x02d5, 0x02f6, 0x02d5, 0x02b5, 0x0a73, 0x0231, 0x01ef, 0x1a4f, 0x5bf4, 0xb65b, 0xefbf, 0xf79e,
  0xeefc, 0xef1c, 0xef3d, 0xe71c, 0xef1c, 0xef1c, 0xe73c, 0xe73c, 0xe71c, 0xef1c, 0xff1d, 0xdd56, 0xab2e, 0xfe9b, 0xe73c, 0xdf3c,
  0xef3c, 0xeefc, 0xf73d, 0xfefc, 0xcc93, 0xe576, 0xe5b8, 0xabf0, 0xf69a, 0xf71c, 0xe6fc, 0xe71c, 0xe73c, 0xe71c, 0xe6fc, 0xe6fc,
  0xe6db, 0xe6bb, 0xeedb, 0xeefc, 0xe6bb, 0xe679, 0xe659, 0xe67a, 0xe69a, 0xe69a, 0xde79, 0xd659, 0xd658, 0xd658, 0xd637, 0xd637,
  0xd617, 0xd5f6, 0xcdd6, 0xc5d5, 0xc5d5, 0xbdb4, 0xce57, 0x5aca, 0x0000, 0x0000, 0x0000, 0x0000, 0x0000, 0x0000, 0x0000, 0x0000,
  0x0000, 0x0000, 0x0000, 0x0000, 0x0000, 0x0000, 0x0000, 0x0000, 0x0000, 0x0000, 0x0000, 0x0000, 0x0000, 0x0000, 0x0000, 0x0000,
  0x0000, 0x0000, 0x0000, 0x0000, 0x0000, 0x0000, 0x0000, 0x0000, 0x0000, 0x0000, 0x0000, 0x0000, 0x0000, 0x0000, 0x0000, 0x0000,
  0x0000, 0x0000, 0x0000, 0x0000, 0x0000, 0x0000, 0x0000, 0x0000, 0x0000, 0x0000, 0x0000, 0x0000, 0x0000, 0x0000, 0x0000, 0x0000,
  0x0000, 0x0000, 0x0000, 0x0000, 0x0000, 0x0020, 0x0000, 0x62eb, 0xffff, 0xc5d6, 0xbdb4, 0xcdd4, 0xcdb4, 0xcdd5, 0xcdf6, 0xd617,
  0xd617, 0xd637, 0xd658, 0xde78, 0xd679, 0xde79, 0xe679, 0xde9a, 0xdeba, 0xe6ba, 0xe6ba, 0xe6ba, 0xee9a, 0xbcb3, 0xbcf4, 0xf6bb,
  0xeedb, 0xe6fc, 0xe71c, 0xe71c, 0xe71c, 0xf73d, 0xd5f8, 0xde5a, 0xef3d, 0xe71c, 0xe71c, 0xe71c, 0xe71c, 0xef1c, 0xe71c, 0xe6db,
  0xef3c, 0xef3c, 0xef3c, 0xf73c, 0xf6fc, 0xc535, 0xd5b7, 0xff5d, 0xf71c, 0xe71b, 0xe73b, 0xe71b, 0xff7d, 0xd555, 0xb493, 0xff9e,
  0xdf7e, 0x95ba, 0x3ab1, 0x018e, 0x0251, 0x0273, 0x02b5, 0x02b4, 0x02d5, 0x02f6, 0x02d5, 0x1315, 0x0316, 0x02b6, 0x1296, 0x02d7,
  0x02d7, 0x02f7, 0x0317, 0x0b99, 0x0378, 0x0398, 0x0378, 0x0378, 0x0358, 0x0358, 0x0358, 0x0b58, 0x1399, 0x0337, 0x0337, 0x0316,
  0x0316, 0x0315, 0x0315, 0x02d5, 0x02b5, 0x02b5, 0x0294, 0x0252, 0x01cf, 0x120e, 0x5bf4, 0xbebd, 0xef9f, 0xe71d, 0xe71c, 0xe73c,
  0xef1c, 0xef1c, 0xe73c, 0xe73c, 0xe71c, 0xe6fc, 0xff1d, 0xbbf1, 0xbbd0, 0xfefd, 0xe71c, 0xe71b, 0xf71c, 0xff1d, 0xee5a, 0xdd36,
  0xbb6f, 0xc36f, 0xb3b0, 0xe5f8, 0xf73c, 0xe71c, 0xe71c, 0xeefc, 0xef1c, 0xe71c, 0xe6fc, 0xe6fc, 0xe6fc, 0xe6fc, 0xe6fc, 0xe6db,
  0xe6db, 0xe6db, 0xe6db, 0xdeba, 0xdeba, 0xdeba, 0xde99, 0xd699, 0xd678, 0xd658, 0xd658, 0xd637, 0xd637, 0xd617, 0xcdf6, 0xcdd5,
  0xc5d5, 0xbdb4, 0xbdd5, 0xce78, 0x0000, 0x0000, 0x0000, 0x0000, 0x0000, 0x0000, 0x0000, 0x0000, 0x0000, 0x0000, 0x0000, 0x0000,
  0x0000, 0x0000, 0x0000, 0x0000, 0x0000, 0x0000, 0x0000, 0x0000, 0x0000, 0x0000, 0x0000, 0x0000, 0x0000, 0x0000, 0x0000, 0x0000,
  0x0000, 0x0000, 0x0000, 0x0000, 0x0000, 0x0000, 0x0000, 0x0000, 0x0000, 0x0000, 0x0000, 0x0000, 0x0000, 0x0000, 0x0000, 0x0000,
  0x0000, 0x0000, 0x0000, 0x0000, 0x0000, 0x0000, 0x0000, 0x0000, 0x0000, 0x0000, 0x0000, 0x0000, 0x0000, 0x0000, 0x0000, 0x0000,
  0x0000, 0x0000, 0x0000, 0xb595, 0xe6fa, 0xbd94, 0xc5b4, 0xc5b4, 0xcdd5, 0xcdf6, 0xcdf7, 0xd617, 0xd638, 0xd658, 0xd658, 0xd679,
  0xd699, 0xd69a, 0xdeba, 0xdeba, 0xdeda, 0xdeba, 0xe6db, 0xe6db, 0xe6fb, 0xe659, 0xac11, 0xcd14, 0xfebb, 0xf71c, 0xdefb, 0xe71b,
  0xe73c, 0xf73d, 0xd5b7, 0xe659, 0xef5d, 0xdf1b, 0xe71c, 0xe71c, 0xe71c, 0xe71c, 0xef3c, 0xe6fc, 0xe6db, 0xeefc, 0xf6fc, 0xde39,
  0xc555, 0xde38, 0xff3d, 0xeefc, 0xeefc, 0xe71c, 0xef3c, 0xef1b, 0xef1b, 0xeebb, 0x9c74, 0xb63b, 0x3b73, 0x01ef, 0x0211, 0x0a93,
  0x02b4, 0x02d5, 0x02d5, 0x02f6, 0x0316, 0x0317, 0x02f6, 0x0b37, 0x0b37, 0x02d7, 0x0ad7, 0x0318, 0x02f8, 0x02f8, 0x0338, 0x0bd9,
  0x0398, 0x03b9, 0x03b9, 0x03ba, 0x03ba, 0x039a, 0x0379, 0x0bb9, 0x1c5b, 0x0b99, 0x0378, 0x0378, 0x0337, 0x0b78, 0x0336, 0x0b16,
  0x02f6, 0x02b5, 0x02b5, 0x0294, 0x0293, 0x0252, 0x01cf, 0x1271, 0x7cf8, 0xdf3f, 0xef7d, 0xe73b, 0xef3b, 0xef3b, 0xe73d, 0xe6fd,
  0xe6fd, 0xef5d, 0xee18, 0xaacc, 0xe557, 0xf71d, 0xe71c, 0xff5c, 0xf659, 0xc431, 0xb32e, 0xbb2f, 0xbb8f, 0xd515, 0xee9a, 0xef3c,
  0xe71c, 0xe71c, 0xe71c, 0xe71c, 0xe6fc, 0xe6fc, 0xe71c, 0xe71c, 0xe6fc, 0xe6fc, 0xe6fb, 0xe6fb, 0xe6db, 0xe6db, 0xe6db, 0xe6ba,
  0xdeba, 0xdeba, 0xde9a, 0xde9a, 0xd679, 0xd679, 0xd658, 0xd658, 0xd637, 0xd617, 0xcdf6, 0xcdf6, 0xcdd5, 0xc5b5, 0xbd94, 0xcdf6,
  0x7bae, 0x3186, 0x0000, 0x0000, 0x0000, 0x0000, 0x0000, 0x0000, 0x0000, 0x0000, 0x0000, 0x0000, 0x0000, 0x0000, 0x0000, 0x0000,
  0x0000, 0x0000, 0x0000, 0x0000, 0x0000, 0x0000, 0x0000, 0x0000, 0x0000, 0x0000, 0x0000, 0x0000, 0x0000, 0x0000, 0x0000, 0x0000,
  0x0000, 0x0000, 0x0000, 0x0000, 0x0000, 0x0000, 0x0000, 0x0000, 0x0000, 0x0000, 0x0000, 0x0000, 0x0000, 0x0000, 0x0000, 0x0000,
  0x0000, 0x0000, 0x0000, 0x0000, 0x0000, 0x0000, 0x0000, 0x0000, 0x0000, 0x0000, 0x0000, 0x0000, 0x0000, 0x0000, 0x4208, 0xffbd,
  0xc5f6, 0xbd94, 0xc5b4, 0xcdd5, 0xcdf5, 0xcdf6, 0xce17, 0xd637, 0xd638, 0xd658, 0xd658, 0xd679, 0xde99, 0xde9a, 0xdeba, 0xdeba,
  0xdebb, 0xe6db, 0xe6db, 0xe6fb, 0xe6da, 0xf6db, 0xedf8, 0xb3d0, 0xc493, 0xf69a, 0xf71c, 0xef1b, 0xe73b, 0xf75c, 0xd5b6, 0xddf8,
  0xef1d, 0xef1c, 0xef1c, 0xe71c, 0xe71c, 0xef1c, 0xef1c, 0xef1c, 0xdedb, 0xcdf7, 0xcdb7, 0xde19, 0xeedb, 0xf73c, 0xef1c, 0xe71c,
  0xe73c, 0xef1c, 0xeefc, 0xe6fc, 0xe75e, 0xe77f, 0x63b3, 0x11ce, 0x0210, 0x0293, 0x02b3, 0x02d4, 0x02d5, 0x02f6, 0x0316, 0x0316,
  0x0337, 0x0318, 0x0318, 0x0338, 0x0b58, 0x02f8, 0x02f8, 0x0339, 0x0319, 0x02f9, 0x0359, 0x143b, 0x03b9, 0x0c1b, 0x0c1b, 0x03fa,
  0x0c1b, 0x03db, 0x03ba, 0x0c1a, 0x1cbc, 0x0bfa, 0x039a, 0x039a, 0x0358, 0x13d9, 0x0357, 0x0b57, 0x0317, 0x02b6, 0x02b6, 0x0295,
  0x0274, 0x0ab5, 0x0294, 0x0232, 0x01af, 0x4311, 0xb65c, 0xe77e, 0xdf1c, 0xe71b, 0xef3c, 0xe6fc, 0xf73d, 0xfedb, 0xb32e, 0xb36f,
  0xfefd, 0xef1c, 0xff3c, 0xd515, 0x9b0c, 0xbc10, 0xf5b8, 0xcbd1, 0xcc93, 0xff3d, 0xe71c, 0xe73c, 0xe71c, 0xef1c, 0xe71c, 0xe71c,
  0xef1c, 0xeefc, 0xe71c, 0xe71c, 0xe71c, 0xe71c, 0xe6fc, 0xe6fb, 0xe6db, 0xe6db, 0xe6db, 0xe6bb, 0xe6ba, 0xdeba, 0xde9a, 0xde9a,
  0xde99, 0xd679, 0xd678, 0xd658, 0xd638, 0xd637, 0xce17, 0xcdf6, 0xcdd5, 0xcdd5, 0xc594, 0xc5d6, 0xc5d6, 0x0861, 0x0000, 0x0000,
  0x0000, 0x0000, 0x0000, 0x0000, 0x0000, 0x0000, 0x0000, 0x0000, 0x0000, 0x0000, 0x0000, 0x0000, 0x0000, 0x0000, 0x0000, 0x0000,
  0x0000, 0x0000, 0x0000, 0x0000, 0x0000, 0x0000, 0x0000, 0x0000, 0x0000, 0x0000, 0x0000, 0x0000, 0x0000, 0x0000, 0x0000, 0x0000,
  0x0000, 0x0000, 0x0000, 0x0000, 0x0000, 0x0000, 0x0000, 0x0000, 0x0000, 0x0000, 0x0000, 0x0000, 0x0000, 0x0000, 0x0000, 0x0000,
  0x0000, 0x0000, 0x0000, 0x0000, 0x0000, 0x0000, 0x0000, 0x0000, 0x0000, 0x0020, 0xbdd6, 0xef3b, 0xbd94, 0xc594, 0xc5b5, 0xcdd5,
  0xcdf6, 0xcdf6, 0xce17, 0xd637, 0xd658, 0xd658, 0xd679, 0xd679, 0xde79, 0xde9a, 0xe69a, 0xe6ba, 0xe6bb, 0xe6bb, 0xe6db, 0xeefb,
  0xeefb, 0xeeba, 0xfedb, 0xe5d8, 0xb3d0, 0xb410, 0xedf7, 0xff3c, 0xef1c, 0xef1c, 0xe659, 0xd5b7, 0xff1d, 0xf6fc, 0xeefc, 0xe71c,
  0xe71c, 0xe71c, 0xef1c, 0xef1c, 0xe71c, 0xef1c, 0xeefb, 0xf73c, 0xef5c, 0xe73c, 0xe73c, 0xdf3c, 0xe73c, 0xeefc, 0xef1d, 0xe77f,
  0xc6de, 0x4b73, 0x09ce, 0x0a52, 0x0ab4, 0x0293, 0x02d4, 0x02f5, 0x0b77, 0x0b77, 0x0357, 0x0358, 0x0359, 0x0339, 0x0339, 0x0339,
  0x139b, 0x0319, 0x02fa, 0x0b5b, 0x031a, 0x031a, 0x037b, 0x143d, 0x03ba, 0x0c1c, 0x0c7c, 0x0c7c, 0x149d, 0x041b, 0x03fb, 0x143b,
  0x24fd, 0x145b, 0x03ba, 0x039a, 0x0359, 0x13fb, 0x0358, 0x0bb9, 0x0b58, 0x02f8, 0x02b7, 0x02b6, 0x02d7, 0x0ab6, 0x0274, 0x0274,
  0x0a74, 0x01f0, 0x122f, 0x855a, 0xdf7f, 0xf75e, 0xff3c, 0xff3b, 0xfe59, 0xc32e, 0x9a6b, 0xe638, 0xf75d, 0xff1c, 0xc472, 0x9acc,
  0xd535, 0xff1c, 0xfebb, 0xabb0, 0xe5d8, 0xff1d, 0xe6fc, 0xe71c, 0xe71c, 0xe71c, 0xe6fc, 0xef1c, 0xeefc, 0xe6fc, 0xe71c, 0xe71c,
  0xe71c, 0xe71c, 0xe6fc, 0xe6fc, 0xe6fb, 0xe6db, 0xe6db, 0xe6db, 0xe6bb, 0xe6ba, 0xdeba, 0xde9a, 0xde99, 0xde79, 0xd679, 0xd658,
  0xd658, 0xd637, 0xce17, 0xce16, 0xcdf6, 0xcdd5, 0xc5b5, 0xbd74, 0xdeb9, 0x5269, 0x0000, 0x0000, 0x0000, 0x0000, 0x0000, 0x0000,
  0x0000, 0x0000, 0x0000, 0x0000, 0x0000, 0x0000, 0x0000, 0x0000, 0x0000, 0x0000, 0x0000, 0x0000, 0x0000, 0x0000, 0x0000, 0x0000,
  0x0000, 0x0000, 0x0000, 0x0000, 0x0000, 0x0000, 0x0000, 0x0000, 0x0000, 0x0000, 0x0000, 0x0000, 0x0000, 0x0000, 0x0000, 0x0000,
  0x0000, 0x0000, 0x0000, 0x0000, 0x0000, 0x0000, 0x0000, 0x0000, 0x0000, 0x0000, 0x0000, 0x0000, 0x0000, 0x0000, 0x0000, 0x0000,
  0x0000, 0x0000, 0x0000, 0x0000, 0x0000, 0x3165, 0xff9d, 0xcdf6, 0xc594, 0xc5b5, 0xc5b5, 0xcdd5, 0xcdf6, 0xce17, 0xd617, 0xd638,
  0xd658, 0xd658, 0xd679, 0xd679, 0xde9a, 0xde9a, 0xe6ba, 0xe6bb, 0xe6db, 0xe6db, 0xe6fb, 0xe6db, 0xe6fb, 0xef1c, 0xeefc, 0xfefc,
  0xee19, 0xbc10, 0xb36e, 0xd555, 0xfefb, 0xf71c, 0xeedb, 0xbd34, 0xf6fc, 0xf6fc, 0xef1c, 0xe71c, 0xef1c, 0xe71c, 0xe71c, 0xef1c,
  0xe71c, 0xef1c, 0xef3b, 0xe73c, 0xe73c, 0xe73c, 0xe73c, 0xe73c, 0xef1b, 0xf6fd, 0xcdfa, 0x84b7, 0x2270, 0x01ef, 0x0a93, 0x02b5,
  0x02d5, 0x02d5, 0x02f6, 0x0337, 0x0337, 0x13f9, 0x0bd9, 0x0398, 0x039a, 0x035a, 0x035b, 0x033a, 0x13dc, 0x0b7c, 0x033b, 0x0b9c,
  0x033b, 0x033b, 0x039c, 0x145d, 0x03fc, 0x041c, 0x14bd, 0x14dd, 0x1cfe, 0x043b, 0x0c5c, 0x149c, 0x2d3e, 0x1cbd, 0x0c1b, 0x03db,
  0x03ba, 0x1c3c, 0x0378, 0x141a, 0x0379, 0x02f8, 0x02b7, 0x02d7, 0x0af8, 0x0296, 0x0295, 0x0295, 0x02b5, 0x0ab4, 0x0252, 0x01d0,
  0x63f5, 0xd65c, 0xd556, 0xc430, 0xa28a, 0xa28b, 0xddd6, 0xf75c, 0xf6dc, 0xc411, 0xa2cc, 0xe598, 0xfefc, 0xff3d, 0xd556, 0xabd0,
  0xfedc, 0xeefc, 0xe71c, 0xe71c, 0xe71c, 0xe71c, 0xeefc, 0xeefc, 0xdebb, 0xe6db, 0xe71c, 0xe71c, 0xe71c, 0xe71c, 0xe71c, 0xe6fc,
  0xe6fb, 0xe6fb, 0xe6db, 0xe6db, 0xe6db, 0xe6ba, 0xdeba, 0xde9a, 0xde99, 0xde99, 0xd679, 0xd678, 0xd658, 0xd637, 0xd617, 0xce16,
  0xcdf6, 0xcdd5, 0xcdd5, 0xc594, 0xce16, 0xad54, 0x4208, 0x0000, 0x0000, 0x0000, 0x0000, 0x0000, 0x0000, 0x0000, 0x0000, 0x0000,
  0x0000, 0x0000, 0x0000, 0x0000, 0x0000, 0x0000, 0x0000, 0x0000, 0x0000, 0x0000, 0x0000, 0x0000, 0x0000, 0x0000, 0x0000, 0x0000,
  0x0000, 0x0000, 0x0000, 0x0000, 0x0000, 0x0000, 0x0000, 0x0000, 0x0000, 0x0000, 0x0000, 0x0000, 0x0000, 0x0000, 0x0000, 0x0000,
  0x0000, 0x0000, 0x0000, 0x0000, 0x0000, 0x0000, 0x0000, 0x0000, 0x0000, 0x0000, 0x0000, 0x0000, 0x0000, 0x0000, 0x0000, 0x0000,
  0x0000, 0x83ef, 0xf75c, 0xc5b5, 0xc594, 0xcdb5, 0xcdb5, 0xcdd6, 0xcdf6, 0xce17, 0xd637, 0xd658, 0xd658, 0xd679, 0xde79, 0xde99,
  0xdeba, 0xdeba, 0xe6bb, 0xe6db, 0xe6db, 0xe6db, 0xe6fb, 0xe6db, 0xe6fc, 0xdefc, 0xe6fc, 0xeefc, 0xfefc, 0xfe7a, 0xcc52, 0xab2e,
  0xc452, 0xf659, 0xff3d, 0xc575, 0xd618, 0xf73c, 0xef1c, 0xef1c, 0xef1c, 0xef1c, 0xef1c, 0xef1c, 0xef1c, 0xe71c, 0xe73b, 0xe73b,
  0xe73c, 0xe73c, 0xef1c, 0xeefc, 0xff1d, 0xcdda, 0x7c14, 0x19ed, 0x0a10, 0x0ab3, 0x0294, 0x02d6, 0x02f6, 0x0316, 0x0337, 0x0378,
  0x0398, 0x0398, 0x24bc, 0x0bfa, 0x03bb, 0x03bc, 0x039c, 0x037b, 0x03dc, 0x0bfd, 0x037c, 0x0bbd, 0x033c, 0x037c, 0x03bc, 0x149e,
  0x043c, 0x043c, 0x14dd, 0x151d, 0x151e, 0x047c, 0x045b, 0x1cfd, 0x2d5e, 0x1cbc, 0x149d, 0x041b, 0x0c3c, 0x147c, 0x0bda, 0x0c3b,
  0x039a, 0x0318, 0x02f8, 0x0b59, 0x02f7, 0x02d6, 0x02d6, 0x02b5, 0x02d4, 0x02b4, 0x0294, 0x0a73, 0x098f, 0x424f, 0x7b0f, 0x8a8c,
  0xc411, 0xf658, 0xf73c, 0xf6bb, 0xc391, 0xa2ac, 0xedf8, 0xf73c, 0xf6fc, 0xfedb, 0xa36f, 0xd4f5, 0xff1d, 0xe71c, 0xe71c, 0xe71c,
  0xef1c, 0xe71c, 0xeefc, 0xeefc, 0xde7a, 0xef1c, 0xe71c, 0xe71c, 0xe71c, 0xe71c, 0xe71c, 0xe6fc, 0xe6fb, 0xe6fb, 0xe6db, 0xe6db,
  0xe6db, 0xe6ba, 0xdeba, 0xde9a, 0xde9a, 0xde99, 0xde79, 0xd679, 0xd658, 0xd658, 0xd637, 0xd617, 0xcdf6, 0xcdd5, 0xcdb5, 0xc5b5,
  0xc594, 0xd637, 0x4a48, 0x0000, 0x0000, 0x0000, 0x0000, 0x0000, 0x0000, 0x0000, 0x0000, 0x0000, 0x0000, 0x0000, 0x0000, 0x0000,
  0x0000, 0x0000, 0x0000, 0x0000, 0x0000, 0x0000, 0x0000, 0x0000, 0x0000, 0x0000, 0x0000, 0x0000, 0x0000, 0x0000, 0x0000, 0x0000,
  0x0000, 0x0000, 0x0000, 0x0000, 0x0000, 0x0000, 0x0000, 0x0000, 0x0000, 0x0000, 0x0000, 0x0000, 0x0000, 0x0000, 0x0000, 0x0000,
  0x0000, 0x0000, 0x0000, 0x0000, 0x0000, 0x0000, 0x0000, 0x0000, 0x0000, 0x0000, 0x0000, 0x0000, 0x0020, 0xc5f7, 0xe6b9, 0xc594,
  0xc594, 0xcdd5, 0xcdb5, 0xcdf6, 0xcdf6, 0xd617, 0xd637, 0xd658, 0xd678, 0xd679, 0xde99, 0xde9a, 0xdeba, 0xdeba, 0xe6ba, 0xe6bb,
  0xe6bb, 0xeedb, 0xeedb, 0xf71c, 0xf6fd, 0xf6fc, 0xf6fc, 0xf6dc, 0xfebc, 0xfebc, 0xfebc, 0xdcb4, 0xbb2e, 0xb36e, 0xdd35, 0xf659,
  0xbc72, 0xf6fb, 0xef1c, 0xe71c, 0xe71c, 0xe71c, 0xe71c, 0xe71c, 0xe71c, 0xe71c, 0xe73c, 0xe73b, 0xe73c, 0xe71c, 0xe6fc, 0xf73e,
  0xde9d, 0x6bb3, 0x1a0f, 0x0a10, 0x0a93, 0x02b4, 0x02f6, 0x02f6, 0x0317, 0x0338, 0x0358, 0x0399, 0x0c3b, 0x0c1a, 0x0c3a, 0x251e,
  0x0c3b, 0x03fc, 0x03dc, 0x03dc, 0x03dc, 0x041d, 0x03fc, 0x03dd, 0x035b, 0x039c, 0x03dc, 0x1cff, 0x045b, 0x045b, 0x1d1d, 0x1d5e,
  0x153e, 0x04bc, 0x049b, 0x257f, 0x1d3d, 0x251d, 0x1cdd, 0x043b, 0x1cfe, 0x0c5c, 0x0c5c, 0x0c3c, 0x0bbb, 0x02f9, 0x0b7a, 0x139b,
  0x02f8, 0x02f7, 0x02f7, 0x02d6, 0x02d5, 0x02d5, 0x02b5, 0x02b4, 0x1293, 0x1a10, 0x3a2f, 0xce1c, 0xff7e, 0xff3d, 0xfe9b, 0xbb50,
  0xa26c, 0xedb8, 0xef5c, 0xe71b, 0xff3d, 0xccb4, 0xab4e, 0xfebc, 0xef1d, 0xe73c, 0xe71c, 0xef1c, 0xeefc, 0xef1c, 0xef1c, 0xe69a,
  0xe6bb, 0xef1c, 0xe71c, 0xe71c, 0xe71c, 0xe71c, 0xe71c, 0xe6fc, 0xe6fb, 0xe6fb, 0xe6db, 0xe6db, 0xe6db, 0xe6bb, 0xe6ba, 0xdeba,
  0xdeba, 0xde99, 0xde99, 0xd679, 0xd658, 0xd658, 0xd637, 0xd617, 0xcdf6, 0xcdd5, 0xcdd5, 0xcdd5, 0xbd74, 0xde57, 0x5269, 0x0000,
  0x0000, 0x0000, 0x0000, 0x0000, 0x0000, 0x0000, 0x0000, 0x0000, 0x0000, 0x0000, 0x0000, 0x0000, 0x0000, 0x0000, 0x0000, 0x0000,
  0x0000, 0x0000, 0x0000, 0x0000, 0x0000, 0x0000, 0x0000, 0x0000, 0x0000, 0x0000, 0x0000, 0x0000, 0x0000, 0x0000, 0x0000, 0x0000,
  0x0000, 0x0000, 0x0000, 0x0000, 0x0000, 0x0000, 0x0000, 0x0000, 0x0000, 0x0000, 0x0000, 0x0000, 0x0000, 0x0000, 0x0000, 0x0000,
  0x0000, 0x0000, 0x0000, 0x0000, 0x0000, 0x0000, 0x0000, 0x0000, 0x4a6a, 0xf79d, 0xcdd6, 0xc594, 0xcdb5, 0xcdb5, 0xcdd5, 0xcdf6,
  0xce17, 0xd637, 0xd637, 0xd658, 0xd679, 0xd679, 0xde99, 0xde9a, 0xde9a, 0xe6ba, 0xeebb, 0xf6db, 0xeebb, 0xf69b, 0xee7a, 0xddb7,
  0xdd56, 0xdd35, 0xccb3, 0xbc31, 0xbbf0, 0xbc11, 0xd493, 0xe493, 0xd36f, 0xc30d, 0xbb0e, 0xd3f1, 0xd411, 0xccd3, 0xf73d, 0xe71c,
  0xef1c, 0xef1c, 0xe71c, 0xe71c, 0xe71c, 0xe71c, 0xe71c, 0xe73b, 0xe73b, 0xe73c, 0xd6dc, 0xd6dc, 0x6bb3, 0x09cf, 0x0a53, 0x02b5,
  0x02d5, 0x0316, 0x0b58, 0x0b37, 0x0358, 0x0379, 0x0399, 0x03da, 0x041a, 0x1cdd, 0x045a, 0x1cfd, 0x253e, 0x041c, 0x041c, 0x043d,
  0x041c, 0x043c, 0x0c5d, 0x0c1d, 0x037b, 0x03bc, 0x03fc, 0x1d3e, 0x0cdc, 0x045b, 0x257e, 0x2dbe, 0x1d5d, 0x0cfc, 0x04fc, 0x25bf,
  0x153c, 0x2d9e, 0x1cdc, 0x045b, 0x14fd, 0x047c, 0x14bd, 0x0c3d, 0x0bdc, 0x033b, 0x13dd, 0x0b7b, 0x0319, 0x0319, 0x02f8, 0x02f8,
  0x0ad7, 0x02f7, 0x02f6, 0x02d5, 0x0b36, 0x0ad4, 0x01f0, 0x2af1, 0xc6dd, 0xf69c, 0xbb2f, 0xa22b, 0xe597, 0xff5d, 0xe6fc, 0xf73c,
  0xee19, 0x9acc, 0xe576, 0xf73c, 0xe71c, 0xe71c, 0xe71c, 0xeefc, 0xeefc, 0xef3d, 0xe6fc, 0xcdf8, 0xef1c, 0xe6fc, 0xe71c, 0xe71c,
  0xe71c, 0xe71c, 0xe71c, 0xe6fc, 0xe6fb, 0xe6fb, 0xe6db, 0xe6db, 0xe6db, 0xe6db, 0xe6bb, 0xe6ba, 0xdeba, 0xdeba, 0xde99, 0xde79,
  0xd658, 0xd658, 0xd658, 0xd637, 0xd616, 0xcdf5, 0xcdd5, 0xcdb4, 0xc5b4, 0xc594, 0xe6b9, 0x2124, 0x0000, 0x0000, 0x0000, 0x0000,
  0x0000, 0x0000, 0x0000, 0x0000, 0x0000, 0x0000, 0x0000, 0x0000, 0x0000, 0x0000, 0x0000, 0x0000, 0x0000, 0x0000, 0x0000, 0x0000,
  0x0000, 0x0000, 0x0000, 0x0000, 0x0000, 0x0000, 0x0000, 0x0000, 0x0000, 0x0000, 0x0000, 0x0000, 0x0000, 0x0000, 0x0000, 0x0000,
  0x0000, 0x0000, 0x0000, 0x0000, 0x0000, 0x0000, 0x0000, 0x0000, 0x0000, 0x0000, 0x0000, 0x0000, 0x0000, 0x0000, 0x0000, 0x0000,
  0x0000, 0x0000, 0x0020, 0x0000, 0x9cd3, 0xef5c, 0xbd94, 0xc5b4, 0xcdd5, 0xcdd5, 0xcdf6, 0xcdf6, 0xce17, 0xd637, 0xd637, 0xde58,
  0xde78, 0xde79, 0xe699, 0xe6ba, 0xeeba, 0xee5a, 0xe5d8, 0xdd77, 0xd4f5, 0xbc53, 0xb432, 0xb452, 0xbc52, 0xccb3, 0xd4f4, 0xd4d3,
  0xd4f4, 0xc493, 0xb3f0, 0xbbd0, 0xbb6e, 0xbb0d, 0xbacd, 0xba8c, 0xcb0e, 0xbaed, 0xe576, 0xff3c, 0xef1c, 0xef1c, 0xe71c, 0xe6fc,
  0xef1c, 0xe6fc, 0xef3c, 0xef3b, 0xe71b, 0xe71c, 0xe79f, 0x74b6, 0x01ad, 0x0a73, 0x0294, 0x02d5, 0x0b57, 0x1398, 0x0b99, 0x1bfb,
  0x0b99, 0x03ba, 0x03da, 0x043c, 0x0c3c, 0x0c5c, 0x255f, 0x0c7b, 0x3dbf, 0x1cfd, 0x043b, 0x043d, 0x041c, 0x047c, 0x0cdd, 0x14de,
  0x041c, 0x03fc, 0x0c5c, 0x1d3d, 0x1d5d, 0x049b, 0x2d9e, 0x2dde, 0x1d9e, 0x0d1c, 0x155d, 0x1d9d, 0x155c, 0x35de, 0x14db, 0x04db,
  0x051c, 0x04fd, 0x0cbd, 0x0c3d, 0x039c, 0x03bc, 0x13fe, 0x035c, 0x033b, 0x031a, 0x0319, 0x0319, 0x0b39, 0x0318, 0x02f6, 0x0b56,
  0x1398, 0x02b4, 0x02d4, 0x01f0, 0x3ad2, 0x9392, 0x926c, 0xe577, 0xf73c, 0xe6fb, 0xff3d, 0xfe5a, 0xa32e, 0xbc31, 0xff3c, 0xe6fb,
  0xf75d, 0xff5d, 0xf71c, 0xf6fc, 0xeefc, 0xe6bb, 0xc5d7, 0xe6bb, 0xf73c, 0xe71c, 0xef1c, 0xef1c, 0xef1c, 0xe71c, 0xef1c, 0xe6fc,
  0xe6fb, 0xe6db, 0xe6fb, 0xe6db, 0xdedb, 0xe6db, 0xe6bb, 0xe6ba, 0xe6ba, 0xdeba, 0xde99, 0xde99, 0xd678, 0xd658, 0xd658, 0xd637,
  0xd617, 0xcdf6, 0xcdf5, 0xcdd5, 0xc5b5, 0xbd73, 0xe6b9, 0x8c71, 0x0000, 0x0020, 0x0000, 0x0000, 0x0000, 0x0000, 0x0000, 0x0000,
  0x0000, 0x0000, 0x0000, 0x0000, 0x0000, 0x0000, 0x0000, 0x0000, 0x0000, 0x0000, 0x0000, 0x0000, 0x0000, 0x0000, 0x0000, 0x0000,
  0x0000, 0x0000, 0x0000, 0x0000, 0x0000, 0x0000, 0x0000, 0x0000, 0x0000, 0x0000, 0x0000, 0x0000, 0x0000, 0x0000, 0x0000, 0x0000,
  0x0000, 0x0000, 0x0000, 0x0000, 0x0000, 0x0000, 0x0000, 0x0000, 0x0000, 0x0000, 0x0000, 0x0000, 0x0000, 0x0000, 0x0000, 0x2124,
  0xe71b, 0xce57, 0xbd94, 0xc5d5, 0xc5d5, 0xcdf6, 0xcdf6, 0xce16, 0xd637, 0xd637, 0xde58, 0xe678, 0xe678, 0xe658, 0xde17, 0xcdb6,
  0xc555, 0xc4f4, 0xd4f4, 0xc432, 0xbbf2, 0xd4f5, 0xe5f9, 0xf69b, 0xf6fb, 0xf6fc, 0xff1c, 0xfefc, 0xff1c, 0xff1c, 0xff1c, 0xfefc,
  0xee19, 0xe597, 0xd453, 0xbb4f, 0xb2ac, 0xbaac, 0xb2ac, 0xd4d3, 0xfefc, 0xf71c, 0xef1c, 0xe73d, 0xe71c, 0xe6db, 0xe71c, 0xef3c,
  0xe6fb, 0xef9f, 0x9d99, 0x09ef, 0x0252, 0x0294, 0x02b5, 0x02f5, 0x02f5, 0x0b77, 0x1c3b, 0x141b, 0x24bd, 0x0c3b, 0x041b, 0x045c,
  0x14de, 0x041b, 0x14fe, 0x1cfd, 0x2d3c, 0x463f, 0x047a, 0x0cbd, 0x0c5b, 0x049c, 0x0d3d, 0x157e, 0x04bc, 0x045b, 0x0cbc, 0x259c,
  0x25de, 0x0cdb, 0x35bd, 0x2dfd, 0x1dbd, 0x0d3c, 0x1d9c, 0x1d9c, 0x2ddd, 0x35de, 0x0cdb, 0x055c, 0x0d7d, 0x04fc, 0x04bd, 0x0c3c,
  0x039b, 0x0c3d, 0x0c1d, 0x0b9d, 0x035c, 0x033b, 0x037b, 0x037a, 0x0b99, 0x0357, 0x0356, 0x2439, 0x0b36, 0x0af6, 0x0274, 0x0a74,
  0x09b0, 0x3a0e, 0xcdda, 0xff3e, 0xf6dc, 0xff3c, 0xee79, 0xa32d, 0xab2e, 0xfe9a, 0xeefb, 0xf75c, 0xe659, 0xbcf4, 0xc535, 0xc576,
  0xcd96, 0xcdb7, 0xde9a, 0xef1c, 0xef3c, 0xe71c, 0xe6fc, 0xeedc, 0xe6fc, 0xef1c, 0xeefc, 0xe6db, 0xe6fb, 0xe6fb, 0xe6fb, 0xdefb,
  0xdefb, 0xe6fb, 0xe6fb, 0xe6bb, 0xe69a, 0xde9a, 0xde9a, 0xde79, 0xde79, 0xd658, 0xd658, 0xd658, 0xd637, 0xce17, 0xcdf6, 0xcdf6,
  0xcdd5, 0xc594, 0xd657, 0x8410, 0x0000, 0x0020, 0x0000, 0x0000, 0x0000, 0x0000, 0x0000, 0x0000, 0x0000, 0x0000, 0x0000, 0x0000,
  0x0000, 0x0000, 0x0000, 0x0000, 0x0000, 0x0000, 0x0000, 0x0000, 0x0000, 0x0000, 0x0000, 0x0000, 0x0000, 0x0000, 0x0000, 0x0000,
  0x0000, 0x0000, 0x0000, 0x0000, 0x0000, 0x0000, 0x0000, 0x0000, 0x0000, 0x0000, 0x0000, 0x0000, 0x0000, 0x0000, 0x0000, 0x0000,
  0x0000, 0x0000, 0x0000, 0x0000, 0x0000, 0x0000, 0x0000, 0x0000, 0x0000, 0x0020, 0x0000, 0x73ae, 0xf7bd, 0xbdd5, 0xbd94, 0xc5d4,
  0xc5d5, 0xcdf5, 0xce16, 0xd637, 0xd637, 0xd657, 0xd637, 0xcdf6, 0xcdb6, 0xc575, 0xc575, 0xcdd7, 0xde38, 0xee9a, 0xe639, 0xc514,
  0xee59, 0xf6fc, 0xf71c, 0xeefc, 0xeefc, 0xeefc, 0xeefc, 0xef1c, 0xe6db, 0xef1c, 0xef1c, 0xef3c, 0xf73d, 0xf71c, 0xfefc, 0xf65a,
  0xdcd4, 0xb32e, 0xb28c, 0xaa6b, 0xcc32, 0xf67a, 0xf73c, 0xe71c, 0xef3d, 0xeefc, 0xef3c, 0xdf1c, 0xe79f, 0xae3c, 0x11ee, 0x0252,
  0x02b5, 0x02b6, 0x02d7, 0x0317, 0x0338, 0x0377, 0x13f9, 0x2cfd, 0x249b, 0x2d1d, 0x149c, 0x045b, 0x14bd, 0x0c9c, 0x045b, 0x1d1d,
  0x24fb, 0x4e5f, 0x257c, 0x0cdb, 0x04ba, 0x0cdb, 0x155d, 0x25dd, 0x155c, 0x04db, 0x0d1b, 0x1d9c, 0x2e1e, 0x0d3a, 0x3e3d, 0x3e3d,
  0x1dbb, 0x1d9c, 0x25bc, 0x25bb, 0x3e5d, 0x2dbc, 0x04fa, 0x15bd, 0x0d9d, 0x04dc, 0x0cdd, 0x03fc, 0x03bb, 0x0c5d, 0x0bfc, 0x03bc,
  0x037c, 0x0bdd, 0x037a, 0x13fc, 0x0b99, 0x0357, 0x245a, 0x1c19, 0x1398, 0x0316, 0x02b5, 0x02b4, 0x0ab3, 0x01ce, 0x63b3, 0xf75f,
  0xfedc, 0xdd35, 0x92ab, 0x9b2d, 0xf639, 0xff3c, 0xf6fb, 0xc534, 0xac72, 0xddf8, 0xeebb, 0xeedb, 0xeefc, 0xef1c, 0xef1c, 0xef3d,
  0xe71c, 0xdedb, 0xe6db, 0xef1c, 0xef1c, 0xe6db, 0xde9a, 0xef1c, 0xe6fc, 0xe6fb, 0xe6fb, 0xe6db, 0xeefb, 0xeedb, 0xde9a, 0xde7a,
  0xe6ba, 0xde9a, 0xde9a, 0xde79, 0xde79, 0xd678, 0xd658, 0xd658, 0xd637, 0xce17, 0xcdf6, 0xcdf6, 0xcdd5, 0xc5b5, 0xc5d5, 0xb595,
  0x0841, 0x0000, 0x0000, 0x0000, 0x0000, 0x0000, 0x0000, 0x0000, 0x0000, 0x0000, 0x0000, 0x0000, 0x0000, 0x0000, 0x0000, 0x0000,
  0x0000, 0x0000, 0x0000, 0x0000, 0x0000, 0x0000, 0x0000, 0x0000, 0x0000, 0x0000, 0x0000, 0x0000, 0x0000, 0x0000, 0x0000, 0x0000,
  0x0000, 0x0000, 0x0000, 0x0000, 0x0000, 0x0000, 0x0000, 0x0000, 0x0000, 0x0000, 0x0000, 0x0000, 0x0000, 0x0000, 0x0000, 0x0000,
  0x0000, 0x0000, 0x0000, 0x0000, 0x0000, 0x0000, 0x0020, 0xc617, 0xe6fa, 0xbd94, 0xc5b4, 0xc5b4, 0xc5d5, 0xcdd5, 0xce16, 0xd617,
  0xcdf6, 0xcdf6, 0xcdf6, 0xd617, 0xd638, 0xde59, 0xeeba, 0xeedb, 0xeebb, 0xde59, 0xcdd7, 0xe6ba, 0xeefb, 0xeefb, 0xe6fb, 0xe6fb,
  0xef1c, 0xe71c, 0xe71c, 0xe71c, 0xef3d, 0xef1c, 0xe71c, 0xe73c, 0xe73c, 0xe73c, 0xe71c, 0xf71c, 0xff1d, 0xf65a, 0xd453, 0xaa8c,
  0xaa2a, 0xbb2d, 0xedd7, 0xff3c, 0xe6fc, 0xeefc, 0xeefc, 0xdf5e, 0xc71e, 0x22b0, 0x0210, 0x0294, 0x02f6, 0x02f7, 0x0317, 0x0339,
  0x0379, 0x03ba, 0x03d9, 0x0c5a, 0x2d1d, 0x1cbb, 0x253d, 0x14dc, 0x14fd, 0x14fd, 0x049c, 0x04bb, 0x1d3c, 0x35dd, 0x3e5e, 0x0d3a,
  0x0d5b, 0x04da, 0x1d7d, 0x3e5e, 0x1ddc, 0x055b, 0x159c, 0x1d7b, 0x3ebe, 0x1dba, 0x3e3c, 0x467d, 0x25db, 0x25db, 0x361c, 0x35fb,
  0x467d, 0x2dbb, 0x157b, 0x1dfd, 0x0d7c, 0x0d1d, 0x0cdd, 0x03da, 0x045c, 0x0c7d, 0x041c, 0x0bfd, 0x0bfe, 0x03dc, 0x0c1c, 0x147d,
  0x0378, 0x1c7b, 0x1c7b, 0x13f9, 0x13d9, 0x0317, 0x02f6, 0x02f5, 0x02d4, 0x0293, 0x01ef, 0x73f5, 0xa3d2, 0x9a6a, 0xcbf0, 0xfe7a,
  0xff5d, 0xde18, 0xa431, 0xc4f4, 0xf6fc, 0xf73c, 0xef3d, 0xef3d, 0xef1d, 0xef1c, 0xe71c, 0xe71c, 0xe71c, 0xe6fb, 0xeefc, 0xef1c,
  0xe6fc, 0xde9a, 0xef1c, 0xeefc, 0xe6fb, 0xe6fb, 0xeefc, 0xeefc, 0xde59, 0xde59, 0xe6bb, 0xde9a, 0xde9a, 0xde9a, 0xde9a, 0xde79,
  0xde79, 0xd678, 0xd658, 0xd658, 0xd637, 0xd617, 0xce16, 0xcdf6, 0xcdd5, 0xcdd5, 0xbd94, 0xdeb9, 0x630c, 0x0020, 0x0000, 0x0000,
  0x0000, 0x0000, 0x0000, 0x0000, 0x0000, 0x0000, 0x0000, 0x0000, 0x0000, 0x0000, 0x0000, 0x0000, 0x0000, 0x0000, 0x0000, 0x0000,
  0x0000, 0x0000, 0x0000, 0x0000, 0x0000, 0x0000, 0x0000, 0x0000, 0x0000, 0x0000, 0x0000, 0x0000, 0x0000, 0x0000, 0x0000, 0x0000,
  0x0000, 0x0000, 0x0000, 0x0000, 0x0000, 0x0000, 0x0000, 0x0000, 0x0000, 0x0000, 0x0000, 0x0000, 0x0000, 0x0000, 0x0000, 0x0000,
  0x0000, 0x0000, 0x0861, 0xe6fb, 0xd678, 0xbd94, 0xc5b4, 0xc5d5, 0xcdd5, 0xcdf6, 0xce16, 0xd617, 0xd637, 0xd637, 0xde78, 0xde79,
  0xe699, 0xe679, 0xe69a, 0xde38, 0xcdb7, 0xcdb6, 0xeedb, 0xe6db, 0xe6fb, 0xe6fc, 0xe6fc, 0xeefc, 0xef1c, 0xef1c, 0xef1c, 0xeefc,
  0xeefc, 0xe6fc, 0xeefc, 0xeefc, 0xe6fc, 0xe71c, 0xe71c, 0xe73c, 0xeefc, 0xf71c, 0xff1d, 0xe556, 0xb2cd, 0xb22a, 0xaa6b, 0xe535,
  0xff3d, 0xe6db, 0xeefc, 0xe77f, 0x4b93, 0x01cf, 0x0a93, 0x02d5, 0x0316, 0x0b77, 0x0357, 0x0379, 0x039a, 0x03ba, 0x041b, 0x03fb,
  0x0c7b, 0x255e, 0x0cfc, 0x0d1d, 0x155e, 0x153e, 0x0cfd, 0x04db, 0x0d3c, 0x259c, 0x467e, 0x25fc, 0x0d9b, 0x053b, 0x155b, 0x467e,
  0x361c, 0x1dbb, 0x1ddc, 0x25bb, 0x4edf, 0x361b, 0x465b, 0x4ebd, 0x2dfb, 0x363c, 0x3e7d, 0x3e3c, 0x4e9e, 0x2ddb, 0x2e1c, 0x2e5e,
  0x0d5c, 0x0d5d, 0x04bc, 0x047b, 0x0cdd, 0x0cbc, 0x14bd, 0x0c5d, 0x03fc, 0x041c, 0x14be, 0x03fa, 0x1c7c, 0x2cfd, 0x143a, 0x1c7b,
  0x0398, 0x0378, 0x0337, 0x02f6, 0x02b5, 0x0295, 0x0253, 0x19ae, 0x72d0, 0xa2ed, 0xdcb4, 0xe577, 0xb472, 0xa430, 0xddf8, 0xff3d,
  0xeefb, 0xe73c, 0xe71c, 0xe6fc, 0xe71c, 0xef1c, 0xef1c, 0xe71c, 0xef1c, 0xe6db, 0xe6db, 0xef3d, 0xe6bb, 0xde9a, 0xef1c, 0xe6fc,
  0xe6fb, 0xef1c, 0xeefc, 0xd639, 0xcdb7, 0xde19, 0xe6bb, 0xde9a, 0xde9a, 0xde9a, 0xde9a, 0xde9a, 0xde79, 0xde79, 0xd658, 0xd658,
  0xd637, 0xd637, 0xce16, 0xcdf6, 0xcdd5, 0xc5b5, 0xc594, 0xce37, 0x8c30, 0x18e3, 0x0000, 0x0000, 0x0000, 0x0000, 0x0000, 0x0000,
  0x0000, 0x0000, 0x0000, 0x0000, 0x0000, 0x0000, 0x0000, 0x0000, 0x0000, 0x0000, 0x0000, 0x0000, 0x0000, 0x0000, 0x0000, 0x0000,
  0x0000, 0x0000, 0x0000, 0x0000, 0x0000, 0x0000, 0x0000, 0x0000, 0x0000, 0x0000, 0x0000, 0x0000, 0x0000, 0x0000, 0x0000, 0x0000,
  0x0000, 0x0000, 0x0000, 0x0000, 0x0000, 0x0000, 0x0000, 0x0000, 0x0000, 0x0000, 0x0000, 0x0000, 0x0020, 0x0000, 0x528a, 0xffbd,
  0xc5d5, 0xbd94, 0xc5b4, 0xc5d5, 0xcdf5, 0xcdf6, 0xce16, 0xd637, 0xd657, 0xd658, 0xde58, 0xde79, 0xde79, 0xe69a, 0xd618, 0xde38,
  0xde59, 0xeebb, 0xe6db, 0xe6db, 0xe6db, 0xe6fc, 0xeefc, 0xeefc, 0xeefc, 0xeefc, 0xeefc, 0xeefc, 0xeefc, 0xeefc, 0xeefc, 0xeefc,
  0xeefc, 0xe71c, 0xe71c, 0xe73c, 0xe73c, 0xe71c, 0xe71c, 0xf73d, 0xf619, 0xbb0d, 0xb20a, 0xaa4b, 0xe535, 0xf71c, 0xdf1e, 0x7cb6,
  0x01ce, 0x0a93, 0x0294, 0x0b36, 0x0b56, 0x0396, 0x1419, 0x0398, 0x03b9, 0x03fb, 0x043c, 0x0c7d, 0x043b, 0x0cdd, 0x0d5d, 0x051c,
  0x0d1c, 0x157d, 0x155d, 0x051b, 0x0d3c, 0x25dd, 0x3e3d, 0x467d, 0x1d9b, 0x1ddc, 0x0d39, 0x4e7d, 0x569d, 0x35da, 0x363c, 0x25bb,
  0x4ebe, 0x461b, 0x565b, 0x66de, 0x461b, 0x4e7c, 0x5ede, 0x4e5c, 0x4e5d, 0x461c, 0x467d, 0x363d, 0x0d7b, 0x055c, 0x04ba, 0x155d,
  0x0cfc, 0x153d, 0x14dd, 0x043c, 0x041c, 0x0cbe, 0x047c, 0x0c9c, 0x2d3e, 0x145b, 0x2d1e, 0x0c1a, 0x03b9, 0x0399, 0x0358, 0x0317,
  0x02b6, 0x02b6, 0x0295, 0x0a11, 0x4290, 0xcdba, 0xb432, 0xb411, 0xcd55, 0xf6db, 0xff1c, 0xeefb, 0xef1c, 0xe71b, 0xef3d, 0xef1c,
  0xef1d, 0xef3d, 0xef1c, 0xeefc, 0xef1d, 0xeefc, 0xe6fb, 0xef1c, 0xe6bb, 0xe6bb, 0xef1c, 0xe6fc, 0xeefc, 0xef1c, 0xd638, 0xde59,
  0xeefc, 0xeefb, 0xe6db, 0xe6bb, 0xe6ba, 0xe6ba, 0xde9a, 0xde99, 0xde79, 0xde79, 0xd658, 0xd658, 0xd657, 0xd637, 0xce16, 0xcdf6,
  0xcdd5, 0xcdd5, 0xc594, 0xc5d5, 0xbd95, 0x31a6, 0x0020, 0x0000, 0x0000, 0x0000, 0x0000, 0x0000, 0x0000, 0x0000, 0x0000, 0x0000,
  0x0000, 0x0000, 0x0000, 0x0000, 0x0000, 0x0000, 0x0000, 0x0000, 0x0000, 0x0000, 0x0000, 0x0000, 0x0000, 0x0000, 0x0000, 0x0000,
  0x0000, 0x0000, 0x0000, 0x0000, 0x0000, 0x0000, 0x0000, 0x0000, 0x0000, 0x0000, 0x0000, 0x0000, 0x0000, 0x0000, 0x0000, 0x0000,
  0x0000, 0x0000, 0x0000, 0x0000, 0x0000, 0x0000, 0x0000, 0x0000, 0x0000, 0x0000, 0x9cf3, 0xef5b, 0xbd94, 0xbd94, 0xc5d4, 0xcdd5,
  0xcdf5, 0xce16, 0xd616, 0xd637, 0xd658, 0xd658, 0xd679, 0xde79, 0xde99, 0xd638, 0xd638, 0xeebb, 0xeedb, 0xe6bb, 0xe6db, 0xe6db,
  0xe6fc, 0xe6fc, 0xeefc, 0xeefc, 0xef1c, 0xef1c, 0xef1c, 0xef1c, 0xef1c, 0xef1c, 0xef1c, 0xef1c, 0xef1c, 0xe71c, 0xe71c, 0xe71c,
  0xe71c, 0xe71c, 0xe71d, 0xe71c, 0xf75d, 0xfe9a, 0xc34e, 0xa9c9, 0xaa29, 0xedf9, 0x7cd7, 0x09cd, 0x0a72, 0x02b5, 0x02f6, 0x02f6,
  0x13d8, 0x1c5a, 0x13f9, 0x2d1d, 0x0c3a, 0x043b, 0x045b, 0x0c9d, 0x0cdd, 0x04fc, 0x0d5d, 0x157c, 0x2ddd, 0x35fd, 0x465f, 0x25bc,
  0x0d7b, 0x2e1c, 0x569d, 0x6ede, 0x5e7e, 0x467d, 0x25da, 0x4e7c, 0x877f, 0x6e7c, 0x567c, 0x467c, 0x569d, 0x6edd, 0x6e9c, 0x7efe,
  0x665c, 0x5e7c, 0x6ebd, 0x667c, 0x563b, 0x565c, 0x567d, 0x35fc, 0x15dc, 0x055b, 0x159c, 0x1d9d, 0x1d9c, 0x155d, 0x0cbb, 0x041a,
  0x0cde, 0x0cdd, 0x0cdd, 0x1d7e, 0x0c9b, 0x357e, 0x14bc, 0x03fa, 0x03fb, 0x03ba, 0x0398, 0x0378, 0x0317, 0x02d5, 0x02b5, 0x0a94,
  0x01ae, 0x7476, 0xf7bf, 0xf6fc, 0xff7d, 0xf71c, 0xeefb, 0xef1c, 0xef3c, 0xf71c, 0xe6bb, 0xde7a, 0xd639, 0xe69a, 0xe6bb, 0xef1c,
  0xeefc, 0xd659, 0xe6db, 0xef1c, 0xde9a, 0xeefc, 0xe6fc, 0xe71c, 0xf71c, 0xde19, 0xde59, 0xef1c, 0xe6db, 0xe6db, 0xe6db, 0xe6db,
  0xe6db, 0xe6ba, 0xde9a, 0xde9a, 0xde99, 0xde79, 0xde78, 0xd678, 0xd658, 0xd637, 0xd617, 0xce16, 0xcdf6, 0xcdd5, 0xc5b5, 0xc5d5,
  0xbd94, 0x9491, 0x18c3, 0x0000, 0x0000, 0x0000, 0x0000, 0x0000, 0x0000, 0x0000, 0x0000, 0x0000, 0x0000, 0x0000, 0x0000, 0x0000,
  0x0000, 0x0000, 0x0000, 0x0000, 0x0000, 0x0000, 0x0000, 0x0000, 0x0000, 0x0000, 0x0000, 0x0000, 0x0000, 0x0000, 0x0000, 0x0000,
  0x0000, 0x0000, 0x0000, 0x0000, 0x0000, 0x0000, 0x0000, 0x0000, 0x0000, 0x0000, 0x0000, 0x0000, 0x0000, 0x0000, 0x0000, 0x0000,
  0x0000, 0x0000, 0x0000, 0x0000, 0x0000, 0x1082, 0xdeda, 0xde99, 0xbd94, 0xc5b4, 0xc5d5, 0xcdf5, 0xcdf6, 0xce16, 0xd637, 0xd637,
  0xd658, 0xde79, 0xde99, 0xde99, 0xde79, 0xd638, 0xe69a, 0xe6bb, 0xe6bb, 0xe6db, 0xe6fb, 0xe6db, 0xe6fc, 0xe6fc, 0xe6fc, 0xe71c,
  0xe71c, 0xe71c, 0xe71c, 0xe71c, 0xe71c, 0xe71c, 0xe71c, 0xe73c, 0xe73c, 0xe71c, 0xe71c, 0xef1c, 0xef1c, 0xef1c, 0xef1d, 0xe71d,
  0xdf3b, 0xef5c, 0xfe59, 0xcb4f, 0xa1c8, 0x8b2f, 0x1a50, 0x0210, 0x02b4, 0x02d6, 0x02f7, 0x0317, 0x0337, 0x1c1b, 0x249c, 0x1cbb,
  0x2d5d, 0x1cfc, 0x14fd, 0x0c9c, 0x04bc, 0x0d1c, 0x157d, 0x155b, 0x35fc, 0x3e1c, 0x463d, 0x467d, 0x25db, 0x2dda, 0x5e9d, 0x7ebd,
  0x7eff, 0x567c, 0x467b, 0x4e3a, 0x873e, 0x8efc, 0x6ebb, 0x5ebc, 0x6efd, 0x871e, 0x96fd, 0x96dd, 0x8efd, 0x86fd, 0x6e7b, 0x6e5b,
  0x6e9c, 0x6ebd, 0x66be, 0x3e3c, 0x0dba, 0x0d9b, 0x263e, 0x1dbc, 0x25fd, 0x0d1b, 0x047a, 0x151d, 0x153e, 0x0cfd, 0x0d3d, 0x0cdb,
  0x2d7f, 0x1cfd, 0x043b, 0x045c, 0x041b, 0x03da, 0x03b9, 0x0bfa, 0x0378, 0x0315, 0x02d5, 0x02b4, 0x0272, 0x01ce, 0xa63b, 0xe79d,
  0xdf1b, 0xe71b, 0xe71b, 0xef5c, 0xf6db, 0xe5b8, 0xddf8, 0xeebb, 0xf6dc, 0xe67a, 0xd5f8, 0xeedb, 0xde9a, 0xde7a, 0xe71c, 0xe71c,
  0xce18, 0xeedb, 0xe71c, 0xef1c, 0xeebb, 0xcdb7, 0xf6fc, 0xeefb, 0xe71c, 0xe6fb, 0xe6db, 0xe6db, 0xe6db, 0xe6ba, 0xe6ba, 0xe6ba,
  0xde99, 0xde99, 0xde79, 0xd678, 0xd658, 0xd637, 0xd637, 0xce16, 0xcdf6, 0xcdd5, 0xcdd5, 0xc594, 0xc5d5, 0xf79d, 0x4208, 0x0000,
  0x0000, 0x0000, 0x0000, 0x0000, 0x0000, 0x0000, 0x0000, 0x0000, 0x0000, 0x0000, 0x0000, 0x0000, 0x0000, 0x0000, 0x0000, 0x0000,
  0x0000, 0x0000, 0x0000, 0x0000, 0x0000, 0x0000, 0x0000, 0x0000, 0x0000, 0x0000, 0x0000, 0x0000, 0x0000, 0x0000, 0x0000, 0x0000,
  0x0000, 0x0000, 0x0000, 0x0000, 0x0000, 0x0000, 0x0000, 0x0000, 0x0000, 0x0000, 0x0000, 0x0000, 0x0000, 0x0000, 0x0000, 0x0000,
  0x0000, 0x4a49, 0xffde, 0xcdf6, 0xbd94, 0xc5b5, 0xc5b5, 0xcdd5, 0xcdf6, 0xce16, 0xd637, 0xd637, 0xd658, 0xd637, 0xde58, 0xd658,
  0xd638, 0xde79, 0xe6da, 0xe6da, 0xe6db, 0xe6fb, 0xe6fb, 0xe6fc, 0xe6fc, 0xe6fc, 0xe71c, 0xe71c, 0xe71c, 0xe71c, 0xe71c, 0xe71c,
  0xe71c, 0xe71c, 0xe71c, 0xe71c, 0xe71c, 0xe71c, 0xe71c, 0xe71c, 0xe71c, 0xe71c, 0xe71c, 0xef1c, 0xef1b, 0xe71b, 0xf71b, 0xf69a,
  0x9bb0, 0x420e, 0x0a11, 0x12b4, 0x0ad4, 0x02b5, 0x02d6, 0x02f7, 0x0338, 0x0359, 0x1c3b, 0x24fc, 0x253c, 0x357e, 0x1cdc, 0x14fd,
  0x0cfc, 0x04ba, 0x1d9d, 0x361e, 0x255a, 0x465d, 0x3ddb, 0x4e7d, 0x467c, 0x363a, 0x565b, 0x7ebd, 0x7ebd, 0x6ebb, 0x5e9a, 0x4e3a,
  0x8f3e, 0xaf7f, 0x9f3d, 0x867a, 0x865a, 0x967b, 0xa67b, 0xa67b, 0x9e5a, 0x96bb, 0x971d, 0x86dc, 0x7efc, 0x7edd, 0x669d, 0x365c,
  0x15b9, 0x2e3c, 0x363d, 0x2e3c, 0x15bb, 0x0cfb, 0x157c, 0x1dbd, 0x157c, 0x157c, 0x155c, 0x1dde, 0x153d, 0x045b, 0x047c, 0x047c,
  0x043c, 0x0c1b, 0x145c, 0x0bda, 0x0378, 0x0357, 0x0316, 0x02d4, 0x0293, 0x01f0, 0x3374, 0xd79f, 0xe71c, 0xef1c, 0xef3c, 0xf6ba,
  0xbc10, 0xd473, 0xc4b3, 0xc515, 0xe5f8, 0xfedc, 0xff3d, 0xeefb, 0xe71b, 0xe73c, 0xe71c, 0xef3d, 0xd619, 0xeedc, 0xe71c, 0xef1d,
  0xde39, 0xde19, 0xf6fc, 0xeefc, 0xeefc, 0xe6fb, 0xe6db, 0xe6db, 0xe6db, 0xe6da, 0xe6ba, 0xdeba, 0xde99, 0xde99, 0xde78, 0xd678,
  0xd658, 0xd638, 0xd637, 0xcdf7, 0xcdf6, 0xcdd6, 0xcdb5, 0xc595, 0xc5d5, 0xce16, 0x0000, 0x0000, 0x0000, 0x0000, 0x0000, 0x0000,
  0x0000, 0x0000, 0x0000, 0x0000, 0x0000, 0x0000, 0x0000, 0x0000, 0x0000, 0x0000, 0x0000, 0x0000, 0x0000, 0x0000, 0x0000, 0x0000,
  0x0000, 0x0000, 0x0000, 0x0000, 0x0000, 0x0000, 0x0000, 0x0000, 0x0000, 0x0000, 0x0000, 0x0000, 0x0000, 0x0000, 0x0000, 0x0000,
  0x0000, 0x0000, 0x0000, 0x0000, 0x0000, 0x0000, 0x0000, 0x0000, 0x0000, 0x0000, 0x0000, 0x0000, 0x0000, 0x7bae, 0xff9c, 0xc5d5,
  0xbd94, 0xc5b5, 0xcdd5, 0xcdf5, 0xcdf6, 0xd616, 0xd637, 0xd657, 0xd658, 0xd658, 0xde58, 0xde79, 0xde79, 0xe6ba, 0xe6db, 0xe6db,
  0xe6db, 0xe6fb, 0xe6fb, 0xe6fc, 0xe6fc, 0xe6fc, 0xe71c, 0xe71c, 0xe71c, 0xe71c, 0xe71c, 0xe71c, 0xe71c, 0xe71c, 0xe71c, 0xe71c,
  0xe71c, 0xe71c, 0xe71c, 0xe71c, 0xe71c, 0xe71c, 0xe71d, 0xef1c, 0xef1c, 0xef3c, 0xe71c, 0xef5e, 0xbe1a, 0x19ce, 0x0a52, 0x1af5,
  0x2398, 0x23b9, 0x1379, 0x0318, 0x0318, 0x035a, 0x037a, 0x0c1b, 0x1d1d, 0x359e, 0x3ddf, 0x1d1b, 0x04da, 0x0d1b, 0x0d1a, 0x361e,
  0x361d, 0x2d9a, 0x467d, 0x4e5c, 0x5ebd, 0x5efd, 0x5e5b, 0x7e9c, 0x86dc, 0x8f1d, 0x7efc, 0x7659, 0x7d76, 0x536e, 0x2a69, 0x1166,
  0x1125, 0x1125, 0x10e5, 0x1105, 0x1105, 0x1987, 0x5411, 0x7d97, 0x9edb, 0x9f7e, 0x66bd, 0x35fa, 0x25fb, 0x36be, 0x2e5d, 0x263d,
  0x0d7b, 0x1d9c, 0x25dd, 0x1dfd, 0x1dbc, 0x1dbd, 0x25be, 0x0d3c, 0x049b, 0x049c, 0x049c, 0x045c, 0x0c7c, 0x24fe, 0x0c1b, 0x03b9,
  0x0398, 0x0378, 0x0316, 0x02b4, 0x0ab4, 0x0ab4, 0x01cf, 0x9d59, 0xef7f, 0xeedb, 0xff1c, 0xbbf0, 0xa30d, 0xdd15, 0xddb8, 0xdd97,
  0xc515, 0xb4b3, 0xd5d8, 0xf71c, 0xef3c, 0xeefc, 0xf6fc, 0xeebb, 0xde39, 0xf71c, 0xe6fc, 0xef1c, 0xcd97, 0xee7a, 0xf6fc, 0xeedc,
  0xeefc, 0xeefc, 0xe6fb, 0xe6db, 0xe6db, 0xe6db, 0xe6ba, 0xdeba, 0xdeb9, 0xde99, 0xde99, 0xd678, 0xd658, 0xd658, 0xd638, 0xd617,
  0xcdf6, 0xcdd6, 0xc5b5, 0xc5b5, 0xc5d5, 0xbdb5, 0x0020, 0x0000, 0x0000, 0x0000, 0x0000, 0x0000, 0x0000, 0x0000, 0x0000, 0x0000,
  0x0000, 0x0000, 0x0000, 0x0000, 0x0000, 0x0000, 0x0000, 0x0000, 0x0000, 0x0000, 0x0000, 0x0000, 0x0000, 0x0000, 0x0000, 0x0000,
  0x0000, 0x0000, 0x0000, 0x0000, 0x0000, 0x0000, 0x0000, 0x0000, 0x0000, 0x0000, 0x0000, 0x0000, 0x0000, 0x0000, 0x0000, 0x0000,
  0x0000, 0x0000, 0x0000, 0x0000, 0x0000, 0x0000, 0x0000, 0x0000, 0x0000, 0xce18, 0xef3b, 0xc5b4, 0xc5b4, 0xc5b5, 0xcdd5, 0xcdf6,
  0xce16, 0xd637, 0xd637, 0xd658, 0xd678, 0xde78, 0xde99, 0xdeba, 0xdeba, 0xdeba, 0xe6da, 0xe6db, 0xe6fb, 0xe6fb, 0xe6fb, 0xe6fc,
  0xe6fc, 0xe6fc, 0xe71c, 0xe71c, 0xe71c, 0xe71c, 0xe71c, 0xe71c, 0xe71c, 0xe71c, 0xe71c, 0xef1c, 0xef1c, 0xef1c, 0xe71c, 0xe71c,
  0xe71c, 0xe71c, 0xe71d, 0xe71d, 0xef1c, 0xef1c, 0xe73c, 0xdf7f, 0x4bd3, 0x01ee, 0x0a93, 0x0273, 0x0274, 0x0af7, 0x1379, 0x13db,
  0x0bdb, 0x03bb, 0x0c1c, 0x043c, 0x047c, 0x1d1d, 0x35be, 0x3e5f, 0x259c, 0x153b, 0x259c, 0x259b, 0x467e, 0x35fb, 0x467d, 0x5ebd,
  0x669c, 0x6edd, 0x6e9b, 0x869b, 0xa75d, 0x8e39, 0x3b6e, 0x19a7, 0x0061, 0x0000, 0x0000, 0x0000, 0x0000, 0x0000, 0x0000, 0x0000,
  0x0000, 0x0000, 0x0000, 0x0082, 0x19a7, 0x4bcf, 0x65b7, 0x561a, 0x4e5c, 0x3e9d, 0x267d, 0x15db, 0x1ddc, 0x365d, 0x261c, 0x15bb,
  0x1dfd, 0x25fe, 0x1d5d, 0x04ba, 0x04dc, 0x04bc, 0x045b, 0x14dd, 0x255f, 0x0c7c, 0x03fa, 0x03d9, 0x0378, 0x0378, 0x1398, 0x1b98,
  0x1336, 0x0ad5, 0x0211, 0x3af2, 0xd73f, 0xef5d, 0xcd75, 0xa38e, 0xf69a, 0xf73d, 0xf75d, 0xf73d, 0xf73d, 0xe6bb, 0xbd15, 0xbd35,
  0xee9b, 0xff1d, 0xfefc, 0xcdb7, 0xde7a, 0xf71c, 0xeefc, 0xee9b, 0xcd56, 0xfefc, 0xee7a, 0xd618, 0xde59, 0xde9a, 0xe6db, 0xe6db,
  0xe6db, 0xe6da, 0xe6ba, 0xdeba, 0xdeba, 0xde99, 0xde99, 0xd679, 0xd658, 0xd658, 0xd638, 0xd617, 0xd5f6, 0xcdd6, 0xcdd6, 0xc5b5,
  0xbd74, 0xdeb9, 0x41e7, 0x0000, 0x0000, 0x0000, 0x0000, 0x0000, 0x0000, 0x0000, 0x0000, 0x0000, 0x0000, 0x0000, 0x0000, 0x0000,
  0x0000, 0x0000, 0x0000, 0x0000, 0x0000, 0x0000, 0x0000, 0x0000, 0x0000, 0x0000, 0x0000, 0x0000, 0x0000, 0x0000, 0x0000, 0x0000,
  0x0000, 0x0000, 0x0000, 0x0000, 0x0000, 0x0000, 0x0000, 0x0000, 0x0000, 0x0000, 0x0000, 0x0000, 0x0000, 0x0000, 0x0000, 0x0000,
  0x0000, 0x0000, 0x0000, 0x0000, 0x0000, 0xbd96, 0xe6da, 0xbd94, 0xc5b4, 0xcdd5, 0xcdd5, 0xcdf6, 0xce16, 0xd617, 0xd637, 0xd658,
  0xd678, 0xde79, 0xde99, 0xdeba, 0xdeba, 0xdeba, 0xdeda, 0xe6db, 0xe6fb, 0xe6fb, 0xe6fb, 0xe6fc, 0xe6fc, 0xe6fc, 0xef1c, 0xef1c,
  0xe71c, 0xe71c, 0xe71c, 0xef1c, 0xef1c, 0xef1c, 0xe71c, 0xef1c, 0xef1c, 0xef1c, 0xef1c, 0xef1c, 0xef1c, 0xe71c, 0xe73c, 0xe73c,
  0xef1b, 0xeefb, 0xef3d, 0xc6fe, 0x124f, 0x0251, 0x0294, 0x02b4, 0x0295, 0x0296, 0x02b7, 0x0319, 0x0bbb, 0x145d, 0x14be, 0x0cde,
  0x04dd, 0x04dc, 0x0cfb, 0x155b, 0x3e7e, 0x3e5e, 0x2ddc, 0x259a, 0x2dba, 0x4e9d, 0x467c, 0x569c, 0x76bc, 0x7ebc, 0x975d, 0x8638,
  0x4b6e, 0x08c4, 0x0000, 0x0000, 0x0000, 0x0820, 0x1040, 0x0820, 0x0840, 0x0840, 0x1040, 0x0841, 0x0820, 0x0020, 0x0020, 0x0000,
  0x0000, 0x0000, 0x00e3, 0x2aed, 0x65d9, 0x5ebd, 0x361a, 0x2e5b, 0x3ede, 0x361b, 0x261b, 0x1e1c, 0x263d, 0x157c, 0x04ba, 0x151c,
  0x04fc, 0x04bb, 0x153d, 0x1d5e, 0x0c9b, 0x043a, 0x03f9, 0x0c1a, 0x1c7c, 0x247c, 0x13d9, 0x0b57, 0x02d5, 0x0294, 0x0273, 0x01ef,
  0x9d9b, 0xeebc, 0x9b6e, 0xf679, 0xff1c, 0xf75d, 0xef3c, 0xe71c, 0xe6fb, 0xeefc, 0xff3d, 0xde19, 0xc536, 0xcdb7, 0xc596, 0xce18,
  0xf73d, 0xe6fb, 0xf71d, 0xddb7, 0xddb8, 0xee7a, 0xcdb7, 0xeebb, 0xe6bb, 0xe69a, 0xde7a, 0xe6db, 0xe6db, 0xe6da, 0xe6da, 0xe6ba,
  0xdeba, 0xdeb9, 0xde99, 0xde79, 0xde59, 0xd658, 0xd638, 0xd617, 0xd5f6, 0xcdd6, 0xcdd6, 0xc5b5, 0xbd73, 0xde98, 0x8c50, 0x0000,
  0x0000, 0x0000, 0x0000, 0x0000, 0x0000, 0x0000, 0x0000, 0x0000, 0x0000, 0x0000, 0x0000, 0x0000, 0x0000, 0x0000, 0x0000, 0x0000,
  0x0000, 0x0000, 0x0000, 0x0000, 0x0000, 0x0000, 0x0000, 0x0000, 0x0000, 0x0000, 0x0000, 0x0000, 0x0000, 0x0000, 0x0000, 0x0000,
  0x0000, 0x0000, 0x0000, 0x0000, 0x0000, 0x0000, 0x0000, 0x0000, 0x0000, 0x0000, 0x0000, 0x0000, 0x0000, 0x0000, 0x0000, 0x0000,
  0x2124, 0xe6fb, 0xd658, 0xbd94, 0xc5b4, 0xcdd5, 0xcdd5, 0xcdf6, 0xd616, 0xd617, 0xd637, 0xd657, 0xd678, 0xde99, 0xde99, 0xdeba,
  0xdeba, 0xdeda, 0xdeda, 0xdedb, 0xe6db, 0xe6fb, 0xe6fb, 0xe6fc, 0xe6fc, 0xe6fc, 0xe71c, 0xef1c, 0xe71c, 0xe71c, 0xe71c, 0xef1c,
  0xef1c, 0xe71c, 0xe6fc, 0xe6db, 0xeefc, 0xef1c, 0xef1c, 0xef1c, 0xe71c, 0xe71c, 0xe71b, 0xe73b, 0xef3b, 0xeefb, 0xef5e, 0x9dba,
  0x0a0f, 0x0293, 0x02b5, 0x02b5, 0x0296, 0x0af8, 0x0b7b, 0x0b5b, 0x035a, 0x03da, 0x049c, 0x04fd, 0x04dd, 0x051d, 0x0d5c, 0x0d7c,
  0x157a, 0x2e1c, 0x46be, 0x4ede, 0x465c, 0x463b, 0x5efd, 0x66bc, 0x7e9b, 0xa75d, 0x7535, 0x1165, 0x0000, 0x0000, 0x0821, 0x0841,
  0x0041, 0x0000, 0x0000, 0x0000, 0x0000, 0x0020, 0x1081, 0x1081, 0x1061, 0x0840, 0x0020, 0x0000, 0x0000, 0x0020, 0x0000, 0x0000,
  0x0925, 0x3c11, 0x6ebb, 0x5f1c, 0x3e7b, 0x365c, 0x2e7c, 0x1e3c, 0x0dbc, 0x051a, 0x153c, 0x0d1c, 0x0d1d, 0x0d3d, 0x0cdc, 0x0c9b,
  0x0c7b, 0x0c1a, 0x24fc, 0x353e, 0x143c, 0x0379, 0x0337, 0x0317, 0x02f6, 0x02d5, 0x02b4, 0x0211, 0x4b33, 0xa414, 0xdd77, 0xff5d,
  0xf6db, 0xee5a, 0xee5a, 0xfefc, 0xff1d, 0xff3c, 0xf71c, 0xef1c, 0xef1b, 0xdeba, 0xe6fb, 0xef1c, 0xef1c, 0xf73c, 0xee9a, 0xc4b4,
  0xdd57, 0xb493, 0xe65a, 0xeedb, 0xeedb, 0xef1c, 0xe6fb, 0xe6ba, 0xe6db, 0xe6db, 0xe6da, 0xe6ba, 0xdeba, 0xdeb9, 0xde99, 0xde79,
  0xde59, 0xd658, 0xd638, 0xd617, 0xd617, 0xcdf6, 0xcdd6, 0xcdd5, 0xbd74, 0xce16, 0xc5f7, 0x0000, 0x0000, 0x0000, 0x0000, 0x0000,
  0x0000, 0x0000, 0x0000, 0x0000, 0x0000, 0x0000, 0x0000, 0x0000, 0x0000, 0x0000, 0x0000, 0x0000, 0x0000, 0x0000, 0x0000, 0x0000,
  0x0000, 0x0000, 0x0000, 0x0000, 0x0000, 0x0000, 0x0000, 0x0000, 0x0000, 0x0000, 0x0000, 0x0000, 0x0000, 0x0000, 0x0000, 0x0000,
  0x0000, 0x0000, 0x0000, 0x0000, 0x0000, 0x0000, 0x0000, 0x0000, 0x0000, 0x0000, 0x0000, 0x0000, 0x4208, 0xffbe, 0xcdf6, 0xbdb4,
  0xc5b5, 0xcdd5, 0xcdf5, 0xcdf6, 0xd616, 0xd637, 0xd637, 0xd658, 0xde78, 0xde99, 0xde99, 0xdeba, 0xdeba, 0xdeda, 0xdeda, 0xdedb,
  0xe6db, 0xe6fb, 0xe6fb, 0xe6fc, 0xe71c, 0xef1c, 0xef1c, 0xef1c, 0xe71c, 0xe71c, 0xe71c, 0xe71c, 0xe71c, 0xe6fc, 0xe6fc, 0xe69b,
  0xd619, 0xeefc, 0xef1c, 0xef1c, 0xe71c, 0xe71c, 0xef1b, 0xe71c, 0xe71c, 0xe71c, 0xef7f, 0x4b93, 0x01f0, 0x02b4, 0x02d5, 0x02b6,
  0x02b6, 0x02d8, 0x02f9, 0x031a, 0x0b7c, 0x0bfd, 0x047d, 0x0cdc, 0x1d7e, 0x153c, 0x053b, 0x15dd, 0x15db, 0x15ba, 0x2e3c, 0x4ede,
  0x5efe, 0x66bc, 0x5e3a, 0x7edc, 0x9f1c, 0x5baf, 0x0041, 0x0020, 0x0020, 0x0820, 0x0800, 0x0000, 0x0000, 0x10c2, 0x2945, 0x52ab,
  0x52cb, 0x29a6, 0x2104, 0x18c3, 0x18c2, 0x1061, 0x0820, 0x0000, 0x0000, 0x0800, 0x0800, 0x0020, 0x0021, 0x0021, 0x3b0c, 0x7e9a,
  0x5e9b, 0x3e7c, 0x2e7c, 0x0ddb, 0x057b, 0x15bd, 0x0d3d, 0x0cfc, 0x0d1c, 0x04db, 0x0cdb, 0x0c7a, 0x14bb, 0x3d9e, 0x2d1d, 0x03b9,
  0x0bbb, 0x0bba, 0x0358, 0x0337, 0x02f6, 0x02f5, 0x02b5, 0x0253, 0x19af, 0x9372, 0xf599, 0xbbf1, 0xa34e, 0xa30d, 0xa32e, 0xb3d0,
  0xbc11, 0xdd56, 0xee39, 0xff1c, 0xf73c, 0xf75d, 0xff3c, 0xff1c, 0xff3d, 0xee7a, 0xb452, 0xabf1, 0xbc93, 0xcd97, 0xeedb, 0xde7a,
  0xe6bb, 0xe6fb, 0xe6fb, 0xe6db, 0xe6db, 0xe6db, 0xe6da, 0xe6ba, 0xdeba, 0xdeb9, 0xde99, 0xde99, 0xde79, 0xde58, 0xd658, 0xd637,
  0xd617, 0xcdf6, 0xcdf6, 0xcdd5, 0xbd94, 0xce16, 0xad34, 0x10a2, 0x0000, 0x0000, 0x0000, 0x0000, 0x0000, 0x0000, 0x0000, 0x0000,
  0x0000, 0x0000, 0x0000, 0x0000, 0x0000, 0x0000, 0x0000, 0x0000, 0x0000, 0x0000, 0x0000, 0x0000, 0x0000, 0x0000, 0x0000, 0x0000,
  0x0000, 0x0000, 0x0000, 0x0000, 0x0000, 0x0000, 0x0000, 0x0000, 0x0000, 0x0000, 0x0000, 0x0000, 0x0000, 0x0000, 0x0000, 0x0000,
  0x0000, 0x0000, 0x0000, 0x0000, 0x0000, 0x0000, 0x0000, 0x0000, 0x39c7, 0xf75d, 0xc5d5, 0xc5b4, 0xc5d5, 0xcdf5, 0xcdf6, 0xd616,
  0xd637, 0xd637, 0xd637, 0xd658, 0xde78, 0xde99, 0xdeb9, 0xdeba, 0xdeda, 0xdeda, 0xdeda, 0xdedb, 0xe6db, 0xe6db, 0xe6fc, 0xe6fc,
  0xe6db, 0xe6db, 0xe71c, 0xef1c, 0xe71c, 0xe71c, 0xe71c, 0xe71c, 0xef1c, 0xe71c, 0xe6fc, 0xf73d, 0xde7a, 0xde9a, 0xf73d, 0xef1c,
  0xef1c, 0xe71c, 0xf71c, 0xff3d, 0xef3e, 0xe73e, 0xbe7d, 0x122f, 0x0253, 0x02b5, 0x02d6, 0x02d6, 0x0318, 0x035a, 0x0b5b, 0x0b7c,
  0x031b, 0x035d, 0x0c1d, 0x14bd, 0x2d9d, 0x469f, 0x15bb, 0x0d7a, 0x1e3d, 0x263c, 0x1dda, 0x3e3b, 0x5ebd, 0x76fd, 0x7efd, 0x96fc,
  0x434d, 0x0000, 0x0800, 0x0820, 0x0840, 0x0000, 0x0000, 0x4208, 0x8c91, 0xceba, 0xef3d, 0xff9f, 0xf7bf, 0xe75c, 0xbdf7, 0x5acb,
  0x2925, 0x1082, 0x0841, 0x0000, 0x0000, 0x0001, 0x0021, 0x0020, 0x0020, 0x0821, 0x0000, 0x2209, 0x663a, 0x46bd, 0x15da, 0x05db,
  0x05dc, 0x0d9d, 0x0d3d, 0x0cfc, 0x04fc, 0x04fb, 0x0cbb, 0x2d7d, 0x3dfe, 0x1c9b, 0x03d9, 0x143c, 0x0bdc, 0x0b9a, 0x0b9a, 0x0337,
  0x0316, 0x02f5, 0x02d5, 0x0274, 0x0a10, 0x62f0, 0x928c, 0xab0d, 0xd4d4, 0xedb6, 0xedd8, 0xd515, 0xc472, 0xb36f, 0xab2e, 0xbbf1,
  0xd4d4, 0xd576, 0xe5b7, 0xdd56, 0xc4d4, 0xb472, 0xcd15, 0xe5d8, 0xfedc, 0xff1c, 0xf71c, 0xeedb, 0xde7a, 0xe6fb, 0xe6fb, 0xe6fb,
  0xe6db, 0xe6db, 0xe6da, 0xe6ba, 0xdeba, 0xdeb9, 0xde99, 0xde99, 0xde79, 0xde58, 0xd658, 0xd637, 0xd617, 0xd5f6, 0xcdf6, 0xc5b5,
  0xc5d5, 0xbd94, 0xdeb9, 0xad34, 0x0000, 0x0000, 0x0000, 0x0000, 0x0000, 0x0000, 0x0000, 0x0000, 0x0000, 0x0000, 0x0000, 0x0000,
  0x0000, 0x0000, 0x0000, 0x0000, 0x0000, 0x0000, 0x0000, 0x0000, 0x0000, 0x0000, 0x0000, 0x0000, 0x0000, 0x0000, 0x0000, 0x0000,
  0x0000, 0x0000, 0x0000, 0x0000, 0x0000, 0x0000, 0x0000, 0x0000, 0x0000, 0x0000, 0x0000, 0x0000, 0x0000, 0x0000, 0x0000, 0x0000,
  0x0000, 0x0000, 0x0000, 0x0000, 0x9cd2, 0xf75c, 0xc5b5, 0xc5b5, 0xc5b5, 0xcdd5, 0xcdf6, 0xce16, 0xd617, 0xd637, 0xd658, 0xd678,
  0xde99, 0xde99, 0xde9a, 0xdeba, 0xe6ba, 0xe6db, 0xe6db, 0xe6db, 0xeefc, 0xeedb, 0xe6bb, 0xde59, 0xd639, 0xde39, 0xddf8, 0xf6db,
  0xf73c, 0xef3c, 0xdf1c, 0xe73d, 0xe73d, 0xef1c, 0xef1c, 0xef1c, 0xef3c, 0xce18, 0xeefc, 0xeefc, 0xeedc, 0xff3d, 0xee39, 0xbc93,
  0xd597, 0xffbf, 0x84f8, 0x01cf, 0x0294, 0x02d6, 0x02f6, 0x0318, 0x0338, 0x0339, 0x03bb, 0x0bdb, 0x141c, 0x0c3d, 0x0c7c, 0x0cbb,
  0x1dbd, 0x2e1c, 0x56de, 0x4e3b, 0x2db9, 0x3e9d, 0x3e5c, 0x25fa, 0x46bc, 0x66dc, 0x96fc, 0x4b6e, 0x0000, 0x0020, 0x0020, 0x0020,
  0x0000, 0x4228, 0xb5d6, 0xf79e, 0xf7be, 0xef7d, 0xef5d, 0xef3c, 0xe6fb, 0xef5d, 0xffdf, 0xbdd7, 0x2965, 0x18c3, 0x0841, 0x0020,
  0x0000, 0x0000, 0x0000, 0x0000, 0x0000, 0x0000, 0x0020, 0x0000, 0x1187, 0x4d78, 0x2e5c, 0x063c, 0x05dc, 0x0d7c, 0x0d3c, 0x0d3b,
  0x0d1a, 0x257c, 0x3e3f, 0x2d7d, 0x0c5a, 0x0c3b, 0x145d, 0x0c1c, 0x03fc, 0x0bdc, 0x0339, 0x0318, 0x0317, 0x0316, 0x02d5, 0x0295,
  0x0252, 0x222e, 0xad16, 0xfefc, 0xff5d, 0xf73d, 0xf73d, 0xff1d, 0xff3d, 0xf6fc, 0xee5a, 0xd536, 0xccf5, 0xb472, 0xbc93, 0xbcd4,
  0xcd96, 0xeebb, 0xff3d, 0xf71c, 0xeefc, 0xe6fc, 0xef1c, 0xef1c, 0xe6db, 0xe6bb, 0xe6fc, 0xe6fc, 0xe6db, 0xe6bb, 0xe6bb, 0xe6ba,
  0xe6ba, 0xe6ba, 0xde9a, 0xde99, 0xde99, 0xd678, 0xd658, 0xd637, 0xd617, 0xcdf6, 0xcdf6, 0xcdd5, 0xcdd5, 0xbd74, 0xe6da, 0x5269,
  0x0000, 0x0000, 0x0000, 0x0000, 0x0000, 0x0000, 0x0000, 0x0000, 0x0000, 0x0000, 0x0000, 0x0000, 0x0000, 0x0000, 0x0000, 0x0000,
  0x0000, 0x0000, 0x0000, 0x0000, 0x0000, 0x0000, 0x0000, 0x0000, 0x0000, 0x0000, 0x0000, 0x0000, 0x0000, 0x0000, 0x0000, 0x0000,
  0x0000, 0x0000, 0x0000, 0x0000, 0x0000, 0x0000, 0x0000, 0x0000, 0x0000, 0x0000, 0x0000, 0x0000, 0x0000, 0x0000, 0x0000, 0x0000,
  0xad34, 0xef1b, 0xbd94, 0xc5b5, 0xc5b5, 0xcdd5, 0xcdf6, 0xce17, 0xd637, 0xd638, 0xd658, 0xd679, 0xde99, 0xde99, 0xde9a, 0xde79,
  0xd679, 0xde9a, 0xe6bb, 0xe6db, 0xde9a, 0xde79, 0xde7a, 0xeedb, 0xff1d, 0xf6bb, 0xcd36, 0xbcb3, 0xddf8, 0xe67a, 0xff5e, 0xeefc,
  0xe6fc, 0xef3d, 0xef1c, 0xe71c, 0xef3d, 0xde59, 0xd5f8, 0xfefd, 0xff3d, 0xcd97, 0xac52, 0xd576, 0xa3f1, 0xcdd9, 0x5352, 0x0211,
  0x02b5, 0x02d5, 0x0316, 0x0b78, 0x0b9a, 0x13fb, 0x145c, 0x24fe, 0x149c, 0x045b, 0x14dd, 0x25be, 0x159c, 0x35fc, 0x4e1c, 0x6efd,
  0x5ebc, 0x4e3b, 0x5e9c, 0x56dd, 0x4e7a, 0x6e79, 0x4bf0, 0x0000, 0x0020, 0x0021, 0x0000, 0x0041, 0x738e, 0xef5d, 0xffdf, 0xe73c,
  0xe73c, 0xe73c, 0xe73c, 0xef7d, 0xf7be, 0xffdf, 0xffde, 0x8430, 0x18e3, 0x10a2, 0x0841, 0x0020, 0x0000, 0x0000, 0x0000, 0x0000,
  0x0000, 0x0000, 0x0000, 0x0000, 0x0000, 0x126b, 0x3e3a, 0x0e3a, 0x05da, 0x0d7b, 0x157c, 0x159b, 0x2e1d, 0x2e1d, 0x0d1a, 0x047a,
  0x0cbd, 0x0c7d, 0x0c1d, 0x0bfd, 0x039c, 0x031a, 0x0319, 0x02f8, 0x0318, 0x02f6, 0x0316, 0x02d5, 0x0293, 0x09ee, 0xadfa, 0xef5e,
  0xe6fc, 0xe71c, 0xe71c, 0xef1c, 0xeefc, 0xef1c, 0xef1c, 0xff3e, 0xff3d, 0xfefc, 0xfefc, 0xff3d, 0xf73d, 0xef1c, 0xe6fc, 0xe6fc,
  0xe71c, 0xe71c, 0xe71c, 0xe71c, 0xef1d, 0xef1c, 0xe6fc, 0xe6fc, 0xe6db, 0xe6bb, 0xe6bb, 0xe6bb, 0xe6bb, 0xe6ba, 0xde9a, 0xde99,
  0xde99, 0xd678, 0xd658, 0xd657, 0xd637, 0xce16, 0xcdf6, 0xcdd5, 0xcdd5, 0xc594, 0xde78, 0x4228, 0x0020, 0x0000, 0x0000, 0x0000,
  0x0000, 0x0000, 0x0000, 0x0000, 0x0000, 0x0000, 0x0000, 0x0000, 0x0000, 0x0000, 0x0000, 0x0000, 0x0000, 0x0000, 0x0000, 0x0000,
  0x0000, 0x0000, 0x0000, 0x0000, 0x0000, 0x0000, 0x0000, 0x0000, 0x0000, 0x0000, 0x0000, 0x0000, 0x0000, 0x0000, 0x0000, 0x0000,
  0x0000, 0x0000, 0x0000, 0x0000, 0x0000, 0x0000, 0x0000, 0x0000, 0x0000, 0x0000, 0x0000, 0x18c3, 0xd699, 0xde98, 0xbd94, 0xc5b5,
  0xcdb5, 0xcdd6, 0xcdf6, 0xd617, 0xd637, 0xd658, 0xd658, 0xd679, 0xde99, 0xde99, 0xde99, 0xde9a, 0xe6db, 0xe6bb, 0xde9a, 0xe6bb,
  0xdeba, 0xe6fb, 0xeefc, 0xf6fc, 0xde18, 0xc535, 0xddd8, 0xe619, 0xc515, 0xb452, 0xcd15, 0xfefc, 0xf6fc, 0xe6fc, 0xe71c, 0xe71c,
  0xef1c, 0xf71c, 0xd5b7, 0xcd77, 0xc556, 0xb4d4, 0xeebb, 0xff3d, 0xee9c, 0x83b2, 0x2a0e, 0x0252, 0x02b5, 0x02f6, 0x0336, 0x0337,
  0x0378, 0x03b9, 0x03d9, 0x147b, 0x2d5e, 0x2d9e, 0x14fc, 0x255b, 0x3e3d, 0x4e3c, 0x5e5c, 0x669d, 0x76dd, 0x7efd, 0x7edd, 0x6e9b,
  0x871c, 0x6534, 0x0082, 0x0020, 0x0020, 0x0000, 0x0000, 0x9cd3, 0xffff, 0xef5d, 0xe73c, 0xe73c, 0xe73c, 0xef5d, 0xffdf, 0xdedb,
  0x9cf3, 0x6b4d, 0x4a49, 0x18e3, 0x10a2, 0x1082, 0x0841, 0x0000, 0x0000, 0x0000, 0x0000, 0x0000, 0x0000, 0x0000, 0x0000, 0x0020,
  0x0020, 0x0041, 0x1b8e, 0x3659, 0x15d9, 0x1ddb, 0x261c, 0x369d, 0x263d, 0x057a, 0x0d5b, 0x0d3d, 0x14fe, 0x149e, 0x0bdd, 0x033c,
  0x02dc, 0x02fb, 0x031a, 0x02f9, 0x0318, 0x0b59, 0x0358, 0x02f5, 0x02d4, 0x01ef, 0x6455, 0xef9f, 0xe71c, 0xef1b, 0xe73c, 0xe73c,
  0xef1c, 0xe71c, 0xe6fc, 0xeefc, 0xeefc, 0xeefc, 0xeefc, 0xeefc, 0xef1c, 0xe71c, 0xe71c, 0xe71c, 0xe71c, 0xe71c, 0xe71c, 0xe71c,
  0xe6fc, 0xe6fc, 0xe6fc, 0xe6fc, 0xe6db, 0xe6db, 0xe6db, 0xe6db, 0xe6bb, 0xe6ba, 0xde9a, 0xde99, 0xde99, 0xd678, 0xd658, 0xd658,
  0xd637, 0xce17, 0xcdf6, 0xcdd5, 0xcdd5, 0xc594, 0xc5d6, 0xf77c, 0x2124, 0x0000, 0x0000, 0x0000, 0x0000, 0x0000, 0x0000, 0x0000,
  0x0000, 0x0000, 0x0000, 0x0000, 0x0000, 0x0000, 0x0000, 0x0000, 0x0000, 0x0000, 0x0000, 0x0000, 0x0000, 0x0000, 0x0000, 0x0000,
  0x0000, 0x0000, 0x0000, 0x0000, 0x0000, 0x0000, 0x0000, 0x0000, 0x0000, 0x0000, 0x0000, 0x0000, 0x0000, 0x0000, 0x0000, 0x0000,
  0x0000, 0x0000, 0x0000, 0x0000, 0x0000, 0x0000, 0x0000, 0x3185, 0xffde, 0xce17, 0xbd94, 0xc5b5, 0xcdb5, 0xcdf6, 0xce16, 0xd617,
  0xd637, 0xd658, 0xd658, 0xd679, 0xde99, 0xde79, 0xde9a, 0xdeba, 0xdeba, 0xe6db, 0xe6db, 0xe6db, 0xe71c, 0xe6fb, 0xeefc, 0xd618,
  0xcd97, 0xf6dc, 0xff3d, 0xf71c, 0xf73d, 0xee7a, 0xbc72, 0xb411, 0xf6bb, 0xf73d, 0xe71c, 0xe71c, 0xef3c, 0xef1c, 0xf6dc, 0xde39,
  0xd619, 0xf71d, 0xef1c, 0xeedb, 0xff5f, 0x94d7, 0x09ad, 0x0273, 0x02f5, 0x0b77, 0x0398, 0x0bf9, 0x143a, 0x145b, 0x1cbc, 0x14bc,
  0x1cfc, 0x2dbe, 0x3e3f, 0x3ddc, 0x4dfb, 0x667c, 0x667c, 0x665b, 0x769b, 0x86dc, 0x8efc, 0x9f1d, 0x9ebb, 0x19c7, 0x0000, 0x0800,
  0x0020, 0x0020, 0x9cd3, 0xffdf, 0xe73c, 0xe73c, 0xe73c, 0xef5d, 0xef7d, 0xef5d, 0x7bcf, 0x18e3, 0x0000, 0x0000, 0x0020, 0x1082,
  0x0861, 0x0841, 0x0020, 0x0000, 0x0000, 0x0000, 0x0000, 0x0000, 0x0000, 0x0000, 0x0000, 0x0000, 0x0000, 0x0020, 0x00c3, 0x3cf4,
  0x467b, 0x3ebd, 0x46fe, 0x2e7c, 0x15fb, 0x1e1d, 0x15bd, 0x155e, 0x0cbd, 0x03bb, 0x033b, 0x02fb, 0x02fc, 0x02fa, 0x031a, 0x0b7a,
  0x13da, 0x0b99, 0x0316, 0x02f4, 0x02d4, 0x0251, 0x3311, 0xdf5f, 0xf75d, 0xf71b, 0xe73c, 0xe73c, 0xe73c, 0xe71c, 0xef3c, 0xe71c,
  0xe73c, 0xe73c, 0xe71c, 0xe71c, 0xe71c, 0xe71c, 0xe71c, 0xe71c, 0xe71c, 0xe71c, 0xe71c, 0xe71c, 0xe71c, 0xe71c, 0xe71c, 0xe71c,
  0xe6fc, 0xe6db, 0xe6db, 0xe6db, 0xe6ba, 0xe6ba, 0xde9a, 0xde99, 0xde99, 0xd678, 0xd658, 0xd658, 0xd637, 0xce17, 0xcdf6, 0xcdd5,
  0xcdd5, 0xc5b4, 0xc5b5, 0xffbe, 0x4208, 0x0000, 0x0000, 0x0000, 0x0000, 0x0000, 0x0000, 0x0000, 0x0000, 0x0000, 0x0000, 0x0000,
  0x0000, 0x0000, 0x0000, 0x0000, 0x0000, 0x0000, 0x0000, 0x0000, 0x0000, 0x0000, 0x0000, 0x0000, 0x0000, 0x0000, 0x0000, 0x0000,
  0x0000, 0x0000, 0x0000, 0x0000, 0x0000, 0x0000, 0x0000, 0x0000, 0x0000, 0x0000, 0x0000, 0x0000, 0x0000, 0x0000, 0x0000, 0x0000,
  0x0000, 0x0000, 0x0000, 0x2104, 0xef7d, 0xce17, 0xbd94, 0xc5b5, 0xcdd5, 0xcdd6, 0xce16, 0xd617, 0xd637, 0xd658, 0xd658, 0xd699,
  0xde99, 0xde99, 0xde9a, 0xdeba, 0xe6db, 0xe6db, 0xe6bb, 0xe6db, 0xeedb, 0xeedb, 0xe67a, 0xd618, 0xf71c, 0xef1c, 0xe71c, 0xe71c,
  0xe71c, 0xef1c, 0xfefc, 0xc4d3, 0xa3f0, 0xf6bb, 0xf71d, 0xe71c, 0xe71c, 0xef3c, 0xef1c, 0xef3d, 0xef5d, 0xef1c, 0xe73c, 0xe71c,
  0xef7f, 0x7436, 0x01cf, 0x02b4, 0x0316, 0x0377, 0x0398, 0x1c5a, 0x1c7b, 0x24fd, 0x359f, 0x35bf, 0x2dbe, 0x257c, 0x3dfd, 0x56be,
  0x6ede, 0x665b, 0x6e7b, 0x7ebc, 0x86bc, 0x86bc, 0x8ebc, 0xaf5e, 0x6431, 0x0000, 0x0021, 0x0841, 0x0000, 0x738e, 0xffff, 0xe71c,
  0xef7d, 0xef5d, 0xef5d, 0xf79e, 0xef5d, 0x4a49, 0x0000, 0x0000, 0x0020, 0x0841, 0x0841, 0x0841, 0x0020, 0x0000, 0x0000, 0x0000,
  0x0000, 0x0000, 0x0000, 0x0000, 0x0000, 0x0000, 0x0000, 0x0000, 0x0000, 0x0821, 0x0001, 0x1a4a, 0x76fe, 0x56fd, 0x3e9d, 0x2e3b,
  0x2e5d, 0x1ddc, 0x0d5b, 0x04bb, 0x041b, 0x039b, 0x0b5c, 0x037c, 0x03bc, 0x0bfd, 0x0bfc, 0x0bba, 0x0358, 0x02f7, 0x0316, 0x0af5,
  0x02b4, 0x0272, 0x122f, 0xb61b, 0xde5a, 0xee9a, 0xf75d, 0xe71c, 0xe71c, 0xef3c, 0xe73c, 0xe73c, 0xe73c, 0xe71c, 0xe71c, 0xe73c,
  0xe71c, 0xe71c, 0xe73c, 0xe71c, 0xef1c, 0xeefc, 0xef1c, 0xef1c, 0xe71c, 0xe71c, 0xe6fc, 0xe6fb, 0xe6fc, 0xe6db, 0xe6db, 0xe6db,
  0xe6ba, 0xe6ba, 0xde9a, 0xdeba, 0xde99, 0xd678, 0xd678, 0xd658, 0xd637, 0xce17, 0xce16, 0xcdd5, 0xcdb5, 0xc5b5, 0xbd74, 0xffbe,
  0xa534, 0x0000, 0x0000, 0x0000, 0x0000, 0x0000, 0x0000, 0x0000, 0x0000, 0x0000, 0x0000, 0x0000, 0x0000, 0x0000, 0x0000, 0x0000,
  0x0000, 0x0000, 0x0000, 0x0000, 0x0000, 0x0000, 0x0000, 0x0000, 0x0000, 0x0000, 0x0000, 0x0000, 0x0000, 0x0000, 0x0000, 0x0000,
  0x0000, 0x0000, 0x0000, 0x0000, 0x0000, 0x0000, 0x0000, 0x0000, 0x0000, 0x0000, 0x0000, 0x0000, 0x0000, 0x0000, 0x0000, 0x528a,
  0xf79d, 0xc5f6, 0xbd94, 0xc5b5, 0xcdd5, 0xcdd6, 0xce16, 0xd617, 0xd637, 0xd658, 0xd658, 0xd699, 0xde99, 0xde99, 0xde9a, 0xdeba,
  0xe6db, 0xe6bb, 0xe6db, 0xe6fc, 0xeefc, 0xeebb, 0xd5f8, 0xef1c, 0xef1c, 0xef3c, 0xe71b, 0xe73c, 0xef3c, 0xef1c, 0xeedb, 0xff5d,
  0xbcd3, 0xa3af, 0xfebb, 0xf71d, 0xe6fc, 0xe71c, 0xe73c, 0xe73c, 0xe71c, 0xe71c, 0xe71c, 0xef1c, 0xef5f, 0x3af2, 0x0211, 0x02d5,
  0x0316, 0x0b98, 0x0bd9, 0x1c5b, 0x145a, 0x147a, 0x149a, 0x1cdc, 0x35be, 0x35fe, 0x25dc, 0x2ddb, 0x461b, 0x66de, 0x6edd, 0x7ebc,
  0x86dd, 0x8edc, 0x9efd, 0xa6db, 0x1966, 0x0000, 0x0841, 0x0000, 0x31a6, 0xe73c, 0xef5d, 0xe71c, 0xef5d, 0xef5d, 0xef7d, 0xe73c,
  0x4a49, 0x0000, 0x0020, 0x0000, 0x0000, 0x0000, 0x0000, 0x0000, 0x0000, 0x0000, 0x0000, 0x0000, 0x0000, 0x0000, 0x0000, 0x0000,
  0x0000, 0x0000, 0x0000, 0x0000, 0x0000, 0x0001, 0x0001, 0x0043, 0x54d5, 0x5e9b, 0x3e3a, 0x2dfb, 0x1dbb, 0x157b, 0x0d3b, 0x04fb,
  0x049c, 0x0c5d, 0x143d, 0x143e, 0x0c7e, 0x0c3d, 0x037b, 0x0319, 0x02f8, 0x02f7, 0x0316, 0x0af5, 0x02b5, 0x0273, 0x09ef, 0x6bd3,
  0xa493, 0xacb3, 0xde5a, 0xf73d, 0xef1c, 0xef3c, 0xe71c, 0xe73c, 0xe73c, 0xe71c, 0xe71c, 0xe71c, 0xe71c, 0xe71c, 0xeefc, 0xf71c,
  0xf73c, 0xf71c, 0xeefc, 0xeefc, 0xeefc, 0xef1c, 0xef1c, 0xe6fb, 0xe6db, 0xe6db, 0xe6db, 0xe6db, 0xe6ba, 0xe6ba, 0xde9a, 0xdeba,
  0xde99, 0xd678, 0xd678, 0xd658, 0xd637, 0xce17, 0xce16, 0xcdd5, 0xcdd5, 0xc5b5, 0xbd94, 0xef1b, 0x6b6d, 0x0000, 0x0000, 0x0000,
  0x0000, 0x0000, 0x0000, 0x0000, 0x0000, 0x0000, 0x0000, 0x0000, 0x0000, 0x0000, 0x0000, 0x0000, 0x0000, 0x0000, 0x0000, 0x0000,
  0x0000, 0x0000, 0x0000, 0x0000, 0x0000, 0x0000, 0x0000, 0x0000, 0x0000, 0x0000, 0x0000, 0x0000, 0x0000, 0x0000, 0x0000, 0x0000,
  0x0000, 0x0000, 0x0000, 0x0000, 0x0000, 0x0000, 0x0000, 0x0000, 0x0000, 0x0000, 0x0000, 0x9cf3, 0xf7be, 0xc5d6, 0xbd94, 0xc5b5,
  0xcdd5, 0xcdd6, 0xce16, 0xd617, 0xd637, 0xd658, 0xd658, 0xd699, 0xde99, 0xde99, 0xde9a, 0xe6ba, 0xe6bb, 0xe6bb, 0xe6db, 0xe6db,
  0xe6bb, 0xde59, 0xe6fb, 0xe71c, 0xe71c, 0xe6fc, 0xf73d, 0xe69a, 0xde18, 0xf6fc, 0xeefc, 0xeefc, 0xfefc, 0xb3f0, 0xb3af, 0xfefc,
  0xf71c, 0xef1c, 0xe73c, 0xe73c, 0xe73c, 0xe71c, 0xef1c, 0xff5d, 0xb578, 0x220f, 0x0233, 0x02d5, 0x02f6, 0x0b37, 0x0b98, 0x141a,
  0x2cfc, 0x355e, 0x253d, 0x251c, 0x1d1c, 0x157d, 0x0d9c, 0x0dbc, 0x159b, 0x361c, 0x567c, 0x6e9c, 0x86dd, 0x869b, 0xa73d, 0x6471,
  0x0000, 0x0020, 0x0000, 0x0040, 0xbdf7, 0xf7be, 0xe73c, 0xef7d, 0xe73c, 0xef7d, 0xef5d, 0x4228, 0x0000, 0x0841, 0x0020, 0x0000,
  0x0000, 0x0000, 0x0000, 0x0000, 0x0000, 0x0000, 0x0000, 0x0000, 0x0000, 0x0000, 0x0000, 0x0000, 0x0000, 0x0000, 0x0000, 0x0000,
  0x0000, 0x0041, 0x0821, 0x0000, 0x226a, 0x6ebb, 0x465a, 0x363c, 0x363c, 0x2e1d, 0x1dbc, 0x15bd, 0x155d, 0x0cfd, 0x149d, 0x0c5d,
  0x03fd, 0x037c, 0x031b, 0x02db, 0x02f9, 0x0318, 0x0317, 0x02f6, 0x02b5, 0x02b4, 0x01cf, 0x7c96, 0xff9f, 0xe67a, 0xb493, 0xee9b,
  0xef1c, 0xe6fc, 0xe73c, 0xe73c, 0xef1c, 0xef1c, 0xe71c, 0xe71c, 0xe71c, 0xeefb, 0xf71c, 0xf6fc, 0xddf8, 0xc576, 0xc576, 0xd5d7,
  0xcdd7, 0xd618, 0xe67a, 0xeefc, 0xeefc, 0xe6db, 0xe6db, 0xe6db, 0xe6ba, 0xe6ba, 0xde9a, 0xdeba, 0xde99, 0xd678, 0xd678, 0xd658,
  0xd637, 0xce17, 0xce16, 0xcdf5, 0xcdd5, 0xc5b5, 0xc5d6, 0xce17, 0x0841, 0x0000, 0x0000, 0x0000, 0x0000, 0x0000, 0x0000, 0x0000,
  0x0000, 0x0000, 0x0000, 0x0000, 0x0000, 0x0000, 0x0000, 0x0000, 0x0000, 0x0000, 0x0000, 0x0000, 0x0000, 0x0000, 0x0000, 0x0000,
  0x0000, 0x0000, 0x0000, 0x0000, 0x0000, 0x0000, 0x0000, 0x0000, 0x0000, 0x0000, 0x0000, 0x0000, 0x0000, 0x0000, 0x0000, 0x0000,
  0x0000, 0x0000, 0x0000, 0x0000, 0x0000, 0x0000, 0x0000, 0x9491, 0xf79d, 0xbd95, 0xc594, 0xc5b5, 0xcdd5, 0xcdf6, 0xce16, 0xd617,
  0xd637, 0xd658, 0xd658, 0xd699, 0xde99, 0xde9a, 0xde9a, 0xe6ba, 0xe6bb, 0xe6bb, 0xe6bb, 0xde9a, 0xe6bb, 0xe6fb, 0xef1c, 0xe71c,
  0xef1c, 0xef1c, 0xde7a, 0xc535, 0xcd55, 0xbd14, 0xeedb, 0xf6db, 0xfefc, 0xfefc, 0xb38f, 0xbbd0, 0xfedc, 0xf71c, 0xe71c, 0xdf3c,
  0xe71c, 0xef1c, 0xfebb, 0xcc94, 0x628e, 0x19ef, 0x0254, 0x02d5, 0x02f6, 0x0337, 0x0378, 0x03b9, 0x0c1b, 0x24fe, 0x2d5e, 0x1d3d,
  0x151c, 0x053d, 0x057d, 0x0dbc, 0x15dc, 0x25fb, 0x463b, 0x6ebd, 0x7efd, 0x8f1d, 0xa71c, 0x3228, 0x0000, 0x0861, 0x0000, 0x4a69,
  0xf79e, 0xe73c, 0xef5d, 0xef5d, 0xe73c, 0xffff, 0x738e, 0x0000, 0x0020, 0x0000, 0x0000, 0x0000, 0x0000, 0x0000, 0x0000, 0x0000,
  0x0000, 0x0000, 0x0000, 0x0000, 0x0000, 0x0000, 0x0000, 0x0000, 0x0000, 0x0000, 0x0000, 0x0000, 0x0000, 0x0040, 0x0020, 0x0000,
  0x00a3, 0x75f7, 0x773d, 0x56fe, 0x46be, 0x2e1d, 0x1ddc, 0x159c, 0x155d, 0x14de, 0x0c7d, 0x0bfd, 0x039d, 0x035c, 0x033c, 0x031b,
  0x031a, 0x0319, 0x0318, 0x02f6, 0x02d5, 0x02b4, 0x01f0, 0x5bf4, 0xe77f, 0xf75d, 0xddf8, 0xcd76, 0xf75d, 0xe71c, 0xe71c, 0xef1c,
  0xeefc, 0xef1c, 0xe71c, 0xe73c, 0xef1c, 0xf6fc, 0xee7a, 0xbcf4, 0xcd96, 0xe67a, 0xeedb, 0xeefc, 0xe6db, 0xde7a, 0xd639, 0xd639,
  0xe6bb, 0xeefc, 0xe6db, 0xe6db, 0xdeda, 0xdeda, 0xdeba, 0xdeb9, 0xde99, 0xde79, 0xd678, 0xd658, 0xd637, 0xd617, 0xce16, 0xcdf6,
  0xcdd5, 0xc5d5, 0xbd94, 0xd678, 0x630c, 0x10a2, 0x0000, 0x0000, 0x0000, 0x0000, 0x0000, 0x0000, 0x0000, 0x0000, 0x0000, 0x0000,
  0x0000, 0x0000, 0x0000, 0x0000, 0x0000, 0x0000, 0x0000, 0x0000, 0x0000, 0x0000, 0x0000, 0x0000, 0x0000, 0x0000, 0x0000, 0x0000,
  0x0000, 0x0000, 0x0000, 0x0000, 0x0000, 0x0000, 0x0000, 0x0000, 0x0000, 0x0000, 0x0000, 0x0000, 0x0000, 0x0000, 0x0000, 0x0000,
  0x0000, 0x0000, 0x0000, 0x9491, 0xf77c, 0xb573, 0xc5b4, 0xc5d5, 0xcdd5, 0xcdf6, 0xce16, 0xd617, 0xd637, 0xd658, 0xd658, 0xd699,
  0xde99, 0xde9a, 0xdeba, 0xe6ba, 0xe6bb, 0xe6bb, 0xe6bb, 0xe6db, 0xe6dc, 0xe6fc, 0xe6fc, 0xef1c, 0xef1c, 0xf71c, 0xc597, 0xeebb,
  0xff5d, 0xcd96, 0xb493, 0xfefc, 0xfebb, 0xccf5, 0xbc11, 0x9a6b, 0xb34e, 0xf65a, 0xff3d, 0xf71c, 0xf71c, 0xfebc, 0xc3b0, 0x89ea,
  0x6b11, 0x1a10, 0x0274, 0x02d5, 0x0336, 0x0378, 0x0378, 0x03da, 0x03fb, 0x041b, 0x0c9c, 0x0cdc, 0x0d1c, 0x051d, 0x055c, 0x0d9b,
  0x15fc, 0x367d, 0x4e9c, 0x669c, 0x6ebc, 0x8f1d, 0x9659, 0x08c3, 0x0000, 0x0040, 0x0000, 0x9492, 0xffdf, 0xef5d, 0xef5d, 0xe73c,
  0xf79e, 0xb5b6, 0x0861, 0x0000, 0x0000, 0x0000, 0x0000, 0x0000, 0x0000, 0x0000, 0x0000, 0x0000, 0x0000, 0x0000, 0x0000, 0x0000,
  0x0000, 0x0000, 0x0000, 0x0000, 0x0000, 0x0000, 0x0000, 0x0000, 0x0000, 0x0000, 0x0000, 0x0000, 0x0000, 0x5451, 0x771c, 0x4e9c,
  0x367d, 0x261c, 0x15bc, 0x0d5c, 0x0cfc, 0x0c1b, 0x035a, 0x031a, 0x031b, 0x033b, 0x039c, 0x0bbc, 0x037a, 0x0319, 0x02d7, 0x02d6,
  0x02d5, 0x0294, 0x0211, 0x3333, 0xd73f, 0xef1c, 0xf73c, 0xc556, 0xe6bb, 0xef5d, 0xef1c, 0xf71c, 0xef1c, 0xe6fc, 0xe6fc, 0xe73c,
  0xf71c, 0xee5a, 0xb472, 0xe659, 0xf73d, 0xf71c, 0xeefc, 0xef1c, 0xeefc, 0xeefc, 0xeefc, 0xe69b, 0xd618, 0xe69a, 0xe6db, 0xe6da,
  0xdeda, 0xdeda, 0xdeba, 0xde99, 0xde99, 0xde79, 0xd679, 0xd658, 0xd658, 0xd637, 0xce17, 0xcdf6, 0xcdd5, 0xc5d4, 0xbdb4, 0xc5f5,
  0x8c50, 0x2924, 0x0000, 0x0000, 0x0000, 0x0000, 0x0000, 0x0000, 0x0000, 0x0000, 0x0000, 0x0000, 0x0000, 0x0000, 0x0000, 0x0000,
  0x0000, 0x0000, 0x0000, 0x0000, 0x0000, 0x0000, 0x0000, 0x0000, 0x0000, 0x0000, 0x0000, 0x0000, 0x0000, 0x0000, 0x0000, 0x0000,
  0x0000, 0x0000, 0x0000, 0x0000, 0x0000, 0x0000, 0x0000, 0x0000, 0x0000, 0x0000, 0x0000, 0x0000, 0x0000, 0x0000, 0x0000, 0x9491,
  0xef3b, 0xb573, 0xc5b4, 0xc5d4, 0xcdd5, 0xcdf6, 0xce16, 0xd617, 0xd637, 0xd658, 0xd658, 0xd699, 0xde99, 0xde9a, 0xdeba, 0xe6ba,
  0xe6db, 0xe6bb, 0xe6db, 0xe6db, 0xe6fb, 0xe6fc, 0xe71c, 0xef1c, 0xef1c, 0xde7a, 0xd639, 0xff3d, 0xf6db, 0xff1d, 0xcd55, 0xb472,
  0xb452, 0xbc93, 0xf63a, 0xedb7, 0xab4d, 0x9acb, 0xdd14, 0xfdf8, 0xed36, 0xb2ed, 0x89c8, 0xc494, 0x8c56, 0x01af, 0x0294, 0x02d5,
  0x0336, 0x0358, 0x0398, 0x03d9, 0x0c3b, 0x147c, 0x0c5b, 0x0cbb, 0x04fc, 0x04fc, 0x055c, 0x15dc, 0x263c, 0x2e3c, 0x56bd, 0x66bc,
  0x6e7b, 0x8efd, 0x7515, 0x0020, 0x0020, 0x0020, 0x0861, 0xbdd7, 0xf7be, 0xef5d, 0xef5d, 0xef5d, 0xf79e, 0x39e7, 0x0000, 0x0000,
  0x0000, 0x0000, 0x0000, 0x0000, 0x0000, 0x0000, 0x0000, 0x0000, 0x0000, 0x0000, 0x0000, 0x0000, 0x0000, 0x0000, 0x0000, 0x0000,
  0x0000, 0x0000, 0x0000, 0x0000, 0x0000, 0x0000, 0x0800, 0x0800, 0x0000, 0x228a, 0x6edb, 0x3e7b, 0x263b, 0x15fb, 0x0559, 0x04d9,
  0x0459, 0x03da, 0x0bdb, 0x13dc, 0x141d, 0x141e, 0x0c1d, 0x0b9b, 0x035a, 0x0319, 0x02f8, 0x02d6, 0x02d5, 0x0294, 0x0232, 0x2291,
  0xd73f, 0xe71c, 0xf71c, 0xe67a, 0xbd35, 0xeebb, 0xeefc, 0xeebb, 0xe6bb, 0xe69b, 0xef1d, 0xef1d, 0xf6fc, 0xbcd4, 0xe619, 0xff3d,
  0xeefc, 0xe71c, 0xe71c, 0xeefc, 0xeefc, 0xeedc, 0xeedb, 0xf6fc, 0xeefb, 0xd638, 0xde79, 0xeedb, 0xeedb, 0xe6da, 0xde9a, 0xde99,
  0xde99, 0xde79, 0xd679, 0xd658, 0xd658, 0xd637, 0xce17, 0xcdf6, 0xcdd5, 0xc5d4, 0xbd94, 0xc5d5, 0x7bef, 0x2124, 0x0000, 0x0000,
  0x0000, 0x0000, 0x0000, 0x0000, 0x0000, 0x0000, 0x0000, 0x0000, 0x0000, 0x0000, 0x0000, 0x0000, 0x0000, 0x0000, 0x0000, 0x0000,
  0x0000, 0x0000, 0x0000, 0x0000, 0x0000, 0x0000, 0x0000, 0x0000, 0x0000, 0x0000, 0x0000, 0x0000, 0x0000, 0x0000, 0x0000, 0x0000,
  0x0000, 0x0000, 0x0000, 0x0000, 0x0000, 0x0000, 0x0000, 0x0000, 0x0000, 0x0000, 0x0000, 0x9491, 0xef3b, 0xb573, 0xc5b4, 0xc5d4,
  0xcdd5, 0xcdf6, 0xce16, 0xd617, 0xd637, 0xd658, 0xd658, 0xd699, 0xde99, 0xde9a, 0xdeba, 0xe6ba, 0xe6db, 0xe6db, 0xe6db, 0xe6db,
  0xe6fc, 0xe6fc, 0xe71c, 0xeefc, 0xeefc, 0xd659, 0xe6bb, 0xeefc, 0xeefc, 0xf6fc, 0xff1d, 0xe639, 0xe639, 0xff1d, 0xfefc, 0xff1c,
  0xfebb, 0xc431, 0x9a8a, 0xa26a, 0x9a2a, 0xaaac, 0xdcf5, 0xff7f, 0x7c97, 0x01cf, 0x02b4, 0x02d5, 0x0316, 0x0b78, 0x247b, 0x2cfd,
  0x353e, 0x45df, 0x35bf, 0x1d7e, 0x157e, 0x0d1d, 0x157c, 0x1ddc, 0x261c, 0x363c, 0x4e5b, 0x6ebc, 0x76bc, 0x96fc, 0x53f0, 0x0000,
  0x0820, 0x0000, 0x2986, 0xdefb, 0xe71c, 0xe73c, 0xe73c, 0xf7be, 0xa534, 0x0020, 0x0000, 0x0000, 0x0000, 0x0000, 0x0000, 0x0000,
  0x0000, 0x0000, 0x0000, 0x0000, 0x0000, 0x0000, 0x0000, 0x0000, 0x0000, 0x0000, 0x0000, 0x0000, 0x0000, 0x0000, 0x0000, 0x0000,
  0x0000, 0x0000, 0x0800, 0x0800, 0x0000, 0x11a6, 0x665a, 0x363a, 0x261a, 0x1dfb, 0x15db, 0x1ddd, 0x1dbe, 0x1d3e, 0x24fe, 0x24df,
  0x1c7e, 0x0c1d, 0x0bfc, 0x0bdc, 0x039b, 0x0339, 0x02f8, 0x02d6, 0x02d5, 0x0294, 0x0252, 0x1a71, 0xc6de, 0xef5d, 0xe6fb, 0xf73d,
  0xde5a, 0xc597, 0xde5a, 0xd5f8, 0xe6bb, 0xef1d, 0xeefc, 0xf73d, 0xc576, 0xc556, 0xff5d, 0xeedc, 0xe71c, 0xe71c, 0xef3c, 0xef1c,
  0xef1c, 0xef1c, 0xeefc, 0xe6db, 0xeefb, 0xeefb, 0xde59, 0xde38, 0xe69a, 0xe69a, 0xde79, 0xde99, 0xde99, 0xde79, 0xd679, 0xd658,
  0xd658, 0xd637, 0xce17, 0xcdf6, 0xcdd5, 0xc5d4, 0xbd94, 0xce16, 0xdeb9, 0x18e3, 0x0000, 0x0000, 0x0000, 0x0000, 0x0000, 0x0000,
  0x0000, 0x0000, 0x0000, 0x0000, 0x0000, 0x0000, 0x0000, 0x0000, 0x0000, 0x0000, 0x0000, 0x0000, 0x0000, 0x0000, 0x0000, 0x0000,
  0x0000, 0x0000, 0x0000, 0x0000, 0x0000, 0x0000, 0x0000, 0x0000, 0x0000, 0x0000, 0x0000, 0x0000, 0x0000, 0x0000, 0x0000, 0x0000,
  0x0000, 0x0000, 0x0000, 0x0000, 0x0000, 0x0000, 0x18c3, 0xdeda, 0xded9, 0xb573, 0xc5b4, 0xc5d5, 0xcdf5, 0xcdf6, 0xce17, 0xd637,
  0xd657, 0xd658, 0xd678, 0xde99, 0xdeb9, 0xde99, 0xde9a, 0xe6da, 0xe6db, 0xe6db, 0xe6db, 0xe6db, 0xe6fc, 0xe71c, 0xe6db, 0xe6fc,
  0xeefc, 0xd639, 0xeefc, 0xef3c, 0xdf1b, 0xe71c, 0xeefc, 0xf71c, 0xf73c, 0xef1c, 0xeefc, 0xe71c, 0xef1c, 0xfefc, 0xedf8, 0xccb3,
  0xe576, 0xfe9b, 0xfefc, 0xf73e, 0x5393, 0x0210, 0x02d4, 0x0b36, 0x1bf9, 0x245b, 0x249c, 0x24dd, 0x24dc, 0x24fd, 0x1cfd, 0x0cfd,
  0x051d, 0x0d1c, 0x157c, 0x1dbc, 0x2e1c, 0x3e7c, 0x4e5b, 0x669b, 0x7edc, 0x9f1d, 0x32ab, 0x0000, 0x0840, 0x0000, 0x2986, 0xdefb,
  0xdefb, 0xe71c, 0xef5d, 0xf79e, 0x39e7, 0x0000, 0x0020, 0x0000, 0x0000, 0x0000, 0x0000, 0x0000, 0x0000, 0x0000, 0x0000, 0x0000,
  0x0000, 0x0000, 0x0000, 0x0000, 0x0000, 0x0000, 0x0000, 0x0000, 0x0000, 0x0000, 0x0000, 0x0000, 0x0000, 0x0000, 0x0000, 0x0000,
  0x0000, 0x00c4, 0x6dd8, 0x56dd, 0x3e7c, 0x365d, 0x261c, 0x15bc, 0x0d5c, 0x04bb, 0x043b, 0x03da, 0x03ba, 0x039a, 0x037a, 0x037a,
  0x037a, 0x035a, 0x0339, 0x02f6, 0x02d5, 0x02b4, 0x0252, 0x1230, 0xb65c, 0xef7e, 0xe71c, 0xe73c, 0xef3c, 0xef1c, 0xef1c, 0xef1c,
  0xef3c, 0xef3d, 0xef1d, 0xeedc, 0xacb3, 0xee9a, 0xf6fc, 0xef1c, 0xff5d, 0xfedc, 0xf69b, 0xf69b, 0xee9b, 0xeebb, 0xf71c, 0xeefc,
  0xe6db, 0xe6fb, 0xeefb, 0xde79, 0xce17, 0xde79, 0xde9a, 0xdeba, 0xde99, 0xde99, 0xd679, 0xd658, 0xd658, 0xd637, 0xce17, 0xcdf6,
  0xcdd5, 0xc5d5, 0xbd94, 0xce16, 0xf77c, 0x18c3, 0x0000, 0x0000, 0x0000, 0x0000, 0x0000, 0x0000, 0x0000, 0x0000, 0x0000, 0x0000,
  0x0000, 0x0000, 0x0000, 0x0000, 0x0000, 0x0000, 0x0000, 0x0000, 0x0000, 0x0000, 0x0000, 0x0000, 0x0000, 0x0000, 0x0000, 0x0000,
  0x0000, 0x0000, 0x0000, 0x0000, 0x0000, 0x0000, 0x0000, 0x0000, 0x0000, 0x0000, 0x0000, 0x0000, 0x0000, 0x0000, 0x0000, 0x0000,
  0x0000, 0x0000, 0x18e3, 0xef5c, 0xdeb9, 0xb573, 0xc5b4, 0xc5d5, 0xcdf5, 0xcdf6, 0xce17, 0xd637, 0xd657, 0xd658, 0xd678, 0xde99,
  0xdeb9, 0xde99, 0xde9a, 0xe6da, 0xe6db, 0xe6db, 0xe6db, 0xe6db, 0xe6fc, 0xe6fb, 0xef1c, 0xef1c, 0xd659, 0xdeba, 0xef3c, 0xe71c,
  0xdf3c, 0xe71c, 0xe71c, 0xe71c, 0xe71c, 0xe71c, 0xe71c, 0xdf3d, 0xe73d, 0xeefc, 0xf71c, 0xff5d, 0xf73c, 0xeefc, 0xfefc, 0xbcf6,
  0x326f, 0x0230, 0x0294, 0x02f6, 0x0b57, 0x0316, 0x0338, 0x0398, 0x03fa, 0x149c, 0x0cbc, 0x0cdd, 0x0d1d, 0x0d3d, 0x1dbd, 0x2e3d,
  0x3e5d, 0x3e1b, 0x5e7c, 0x7edc, 0x86dc, 0xa73d, 0x328a, 0x0000, 0x0840, 0x0000, 0x2124, 0xce79, 0xdedb, 0xdedb, 0xf79e, 0xad55,
  0x0000, 0x0020, 0x0000, 0x0000, 0x0000, 0x0000, 0x0000, 0x0000, 0x0000, 0x0000, 0x0000, 0x0000, 0x0000, 0x0000, 0x0000, 0x0000,
  0x0000, 0x0000, 0x0000, 0x0000, 0x0000, 0x0000, 0x0000, 0x0000, 0x0000, 0x0000, 0x0000, 0x0000, 0x0000, 0x0083, 0x75d8, 0x673e,
  0x46be, 0x365d, 0x261c, 0x15bc, 0x057c, 0x051c, 0x04dc, 0x0c9d, 0x147e, 0x147d, 0x145e, 0x143d, 0x0bbb, 0x0b7a, 0x0318, 0x02f7,
  0x02f6, 0x02b5, 0x0253, 0x0a10, 0xae1c, 0xef5e, 0xe71c, 0xe73c, 0xe73c, 0xe71c, 0xe71c, 0xe73c, 0xe71c, 0xe71c, 0xf73d, 0xd5b7,
  0xc4f4, 0xff5d, 0xfefc, 0xe659, 0xc515, 0xcc12, 0xbbd1, 0xb3f1, 0xb411, 0xbc52, 0xccf5, 0xe5d8, 0xf6db, 0xeefb, 0xe6db, 0xe6db,
  0xdeba, 0xde99, 0xde9a, 0xde9a, 0xde99, 0xde79, 0xd679, 0xd658, 0xd658, 0xd637, 0xce17, 0xcdf6, 0xcdd5, 0xc5d5, 0xbd94, 0xce16,
  0xef5c, 0x18e3, 0x0000, 0x0000, 0x0000, 0x0000, 0x0000, 0x0000, 0x0000, 0x0000, 0x0000, 0x0000, 0x0000, 0x0000, 0x0000, 0x0000,
  0x0000, 0x0000, 0x0000, 0x0000, 0x0000, 0x0000, 0x0000, 0x0000, 0x0000, 0x0000, 0x0000, 0x0000, 0x0000, 0x0000, 0x0000, 0x0000,
  0x0000, 0x0000, 0x0000, 0x0000, 0x0000, 0x0000, 0x0000, 0x0000, 0x0000, 0x0000, 0x0000, 0x0000, 0x0000, 0x0000, 0x18e3, 0xef3c,
  0xdeb9, 0xb573, 0xc5b4, 0xc5d5, 0xcdf5, 0xcdf6, 0xce17, 0xd637, 0xd657, 0xd658, 0xd678, 0xde99, 0xdeb9, 0xde99, 0xde9a, 0xe6da,
  0xe6db, 0xe6db, 0xe6db, 0xe6fc, 0xe6fb, 0xe6fb, 0xe6fc, 0xde9a, 0xde9a, 0xef3d, 0xe71c, 0xe6fc, 0xe71c, 0xe71c, 0xe71c, 0xe71c,
  0xe73c, 0xef1c, 0xef1c, 0xe73c, 0xe73c, 0xe71c, 0xe73c, 0xe73c, 0xe6fb, 0xf73c, 0xe5b7, 0x8b0f, 0x5312, 0x01f0, 0x02b4, 0x02d6,
  0x02d6, 0x0b37, 0x241c, 0x2cbe, 0x149e, 0x0cbe, 0x0cbd, 0x0cbc, 0x04dc, 0x051b, 0x0d3b, 0x25bb, 0x3e3c, 0x463b, 0x76fd, 0x86fd,
  0x8efc, 0xaf3d, 0x3a6a, 0x0000, 0x0840, 0x0820, 0x0000, 0x9d34, 0xe71c, 0xce79, 0xf7be, 0x52aa, 0x0000, 0x0841, 0x0000, 0x0000,
  0x0000, 0x0000, 0x0000, 0x0000, 0x0000, 0x0000, 0x0000, 0x0000, 0x0000, 0x0000, 0x0000, 0x0000, 0x0000, 0x0000, 0x0000, 0x0000,
  0x0000, 0x0000, 0x0000, 0x0000, 0x0000, 0x0000, 0x0000, 0x0000, 0x0000, 0x0062, 0x6576, 0x4edc, 0x2e5c, 0x261c, 0x1e1c, 0x0ddd,
  0x0d7d, 0x0d3d, 0x0cfd, 0x0c9d, 0x0c5d, 0x0c1d, 0x141d, 0x0bdc, 0x0339, 0x0339, 0x0318, 0x02f7, 0x02f6, 0x02b5, 0x0273, 0x09ef,
  0xadfb, 0xef5e, 0xe71c, 0xe73c, 0xe73c, 0xe71c, 0xe71c, 0xe71c, 0xe71c, 0xeefc, 0xff1d, 0xc493, 0xf5d8, 0xedf8, 0xbc32, 0xab6f,
  0xb3b0, 0xccb4, 0xedd8, 0xe5f8, 0xe618, 0xee19, 0xccd4, 0xbc11, 0xc493, 0xddb7, 0xf6db, 0xeedb, 0xe6da, 0xde9a, 0xe679, 0xde9a,
  0xd699, 0xd679, 0xd678, 0xd658, 0xd658, 0xd637, 0xce17, 0xcdf6, 0xcdd5, 0xc5d5, 0xbd94, 0xce16, 0xef5c, 0x18e3, 0x0000, 0x0000,
  0x0000, 0x0000, 0x0000, 0x0000, 0x0000, 0x0000, 0x0000, 0x0000, 0x0000, 0x0000, 0x0000, 0x0000, 0x0000, 0x0000, 0x0000, 0x0000,
  0x0000, 0x0000, 0x0000, 0x0000, 0x0000, 0x0000, 0x0000, 0x0000, 0x0000, 0x0000, 0x0000, 0x0000, 0x0000, 0x0000, 0x0000, 0x0000,
  0x0000, 0x0000, 0x0000, 0x0000, 0x0000, 0x0000, 0x0000, 0x0000, 0x0000, 0x0000, 0x18e3, 0xef3c, 0xdeb9, 0xb573, 0xc5b4, 0xc5d5,
  0xcdf5, 0xcdf6, 0xce17, 0xd637, 0xd657, 0xd658, 0xd678, 0xde99, 0xdeb9, 0xde99, 0xde9a, 0xe6da, 0xe6db, 0xe6db, 0xe6db, 0xe6db,
  0xe6fc, 0xe6fc, 0xe6bb, 0xe6db, 0xef1c, 0xef3c, 0xe71c, 0xe71c, 0xe71c, 0xef1c, 0xe71c, 0xe71c, 0xe73c, 0xe71c, 0xef1c, 0xef1b,
  0xef1c, 0xe73c, 0xe73c, 0xe71c, 0xf73c, 0xf69a, 0x92cb, 0xd578, 0x63b4, 0x01cf, 0x02b4, 0x02d6, 0x02d6, 0x0af7, 0x0af9, 0x033a,
  0x03bc, 0x041d, 0x0c9e, 0x0cfe, 0x0d1d, 0x157d, 0x25dd, 0x2dfc, 0x3e3c, 0x4e5c, 0x6ebd, 0x86dd, 0x86dc, 0xa71d, 0x3a6a, 0x0000,
  0x0020, 0x0020, 0x0000, 0x4228, 0xdefb, 0xe73c, 0xa514, 0x1082, 0x0020, 0x0000, 0x0000, 0x0000, 0x0000, 0x0000, 0x0000, 0x0000,
  0x0000, 0x0000, 0x0000, 0x0000, 0x0000, 0x0000, 0x0000, 0x0000, 0x0000, 0x0000, 0x0000, 0x0000, 0x0000, 0x0000, 0x0000, 0x0000,
  0x0000, 0x0000, 0x0000, 0x0000, 0x0000, 0x0042, 0x4d15, 0x367a, 0x1dfa, 0x15fb, 0x0dbb, 0x057b, 0x051b, 0x049b, 0x045b, 0x03fb,
  0x03bb, 0x037b, 0x037b, 0x035b, 0x0b7a, 0x0339, 0x0318, 0x0317, 0x02f6, 0x02d5, 0x0273, 0x09ef, 0xa61b, 0xef5e, 0xf6fc, 0xef1c,
  0xe71c, 0xe71c, 0xef1c, 0xf75d, 0xff3c, 0xff1c, 0xf65a, 0xbbb0, 0xc3d1, 0xa2ed, 0xb3d0, 0xe577, 0xfebb, 0xf71c, 0xf73c, 0xef3c,
  0xef3c, 0xf71c, 0xfedc, 0xcd15, 0xd4f5, 0xccf5, 0xc514, 0xee9a, 0xeedb, 0xe69a, 0xe67a, 0xde79, 0xde79, 0xd679, 0xd658, 0xd658,
  0xd658, 0xd637, 0xce17, 0xcdf6, 0xcdd5, 0xcdd5, 0xbd94, 0xce16, 0xef5c, 0x18e3, 0x0000, 0x0000, 0x0000, 0x0000, 0x0000, 0x0000,
  0x0000, 0x0000, 0x0000, 0x0000, 0x0000, 0x0000, 0x0000, 0x0000, 0x0000, 0x0000, 0x0000, 0x0000, 0x0000, 0x0000, 0x0000, 0x0000,
  0x0000, 0x0000, 0x0000, 0x0000, 0x0000, 0x0000, 0x0000, 0x0000, 0x0000, 0x0000, 0x0000, 0x0000, 0x0000, 0x0000, 0x0000, 0x0000,
  0x0000, 0x0000, 0x0000, 0x0000, 0x0000, 0x0000, 0x18e3, 0xef3c, 0xdeb9, 0xbd93, 0xc5b4, 0xc5d4, 0xcdd5, 0xcdf6, 0xce17, 0xd637,
  0xd657, 0xd658, 0xd678, 0xde99, 0xdeb9, 0xde9a, 0xdeba, 0xe6ba, 0xe6db, 0xe6db, 0xe6db, 0xe6db, 0xeedc, 0xeefc, 0xe71c, 0xe71c,
  0xe71c, 0xe71c, 0xe71c, 0xe71c, 0xe71b, 0xe71c, 0xeefc, 0xef1c, 0xe73c, 0xe73c, 0xe6fc, 0xe6fc, 0xe71c, 0xdf1c, 0xe71b, 0xf75c,
  0xfe9b, 0xa2ed, 0xbc32, 0xff9f, 0x5bd4, 0x01f0, 0x02b4, 0x02d6, 0x02b6, 0x0277, 0x0258, 0x0279, 0x029a, 0x031c, 0x039c, 0x043c,
  0x049c, 0x159c, 0x2dfd, 0x3e1d, 0x4e7d, 0x567d, 0x5e3b, 0x7ebc, 0x7ebb, 0x8e9b, 0x322a, 0x0000, 0x0020, 0x0000, 0x0000, 0x0000,
  0x39e7, 0x4a69, 0x1082, 0x0000, 0x0000, 0x0000, 0x0000, 0x0000, 0x0000, 0x0000, 0x0000, 0x0000, 0x0000, 0x0000, 0x0000, 0x0000,
  0x0000, 0x0000, 0x0000, 0x0000, 0x0000, 0x0000, 0x0000, 0x0000, 0x0000, 0x0000, 0x0000, 0x0000, 0x0000, 0x0001, 0x0800, 0x0800,
  0x0000, 0x00a3, 0x4d36, 0x3e9b, 0x2e7c, 0x2e7d, 0x1e1c, 0x15fd, 0x0d9d, 0x0d1d, 0x0cbc, 0x0c3c, 0x03bc, 0x037c, 0x035c, 0x035b,
  0x033a, 0x0339, 0x0338, 0x0317, 0x02f6, 0x02b5, 0x0273, 0x0a2f, 0xa63c, 0xef5e, 0xeefc, 0xeefc, 0xef1c, 0xe71c, 0xff3c, 0xdd76,
  0xc492, 0xdcd3, 0xcbf0, 0xa2ab, 0xb36e, 0xe576, 0xfedc, 0xf73d, 0xef3c, 0xe71c, 0xe71c, 0xe71c, 0xe6fc, 0xe6fc, 0xeefc, 0xe67a,
  0xcd56, 0xfedb, 0xd5b7, 0xbcf4, 0xde18, 0xeebb, 0xe6ba, 0xde79, 0xde99, 0xde79, 0xd678, 0xd658, 0xd657, 0xd637, 0xce17, 0xcdf6,
  0xcdd5, 0xcdd4, 0xc593, 0xce16, 0xef5c, 0x18c3, 0x0000, 0x0000, 0x0000, 0x0000, 0x0000, 0x0000, 0x0000, 0x0000, 0x0000, 0x0000,
  0x0000, 0x0000, 0x0000, 0x0000, 0x0000, 0x0000, 0x0000, 0x0000, 0x0000, 0x0000, 0x0000, 0x0000, 0x0000, 0x0000, 0x0000, 0x0000,
  0x0000, 0x0000, 0x0000, 0x0000, 0x0000, 0x0000, 0x0000, 0x0000, 0x0000, 0x0000, 0x0000, 0x0000, 0x0000, 0x0000, 0x0000, 0x0000,
  0x0000, 0x0000, 0x18e3, 0xe73c, 0xdeb9, 0xbd93, 0xc5b4, 0xc5d4, 0xcdd5, 0xcdf6, 0xce17, 0xd637, 0xd657, 0xd658, 0xd678, 0xde99,
  0xdeb9, 0xde9a, 0xdeba, 0xe6ba, 0xe6db, 0xe6db, 0xe6db, 0xe6db, 0xe6fc, 0xe6fc, 0xe71c, 0xe71c, 0xe71c, 0xe71c, 0xe71c, 0xef1c,
  0xef1d, 0xef1d, 0xf71d, 0xf71d, 0xef1d, 0xef1d, 0xeedc, 0xef1c, 0xeefc, 0xf71c, 0xff3d, 0xee59, 0x934e, 0xc432, 0xfedc, 0xf77f,
  0x5c15, 0x01ef, 0x02b4, 0x02d6, 0x02b6, 0x0297, 0x0298, 0x0299, 0x02db, 0x031b, 0x039b, 0x043c, 0x04dc, 0x053b, 0x153a, 0x2dbb,
  0x3dfb, 0x4e3b, 0x66bd, 0x871e, 0x871d, 0x9f3d, 0x2a2a, 0x0000, 0x0000, 0x0000, 0x0000, 0x0000, 0x0000, 0x0000, 0x0000, 0x0000,
  0x0000, 0x0000, 0x0000, 0x0000, 0x0000, 0x0000, 0x0000, 0x0000, 0x0000, 0x0000, 0x0000, 0x0000, 0x0000, 0x0000, 0x0000, 0x0000,
  0x0000, 0x0000, 0x0000, 0x0000, 0x0000, 0x0000, 0x0000, 0x0000, 0x0000, 0x0001, 0x0000, 0x0800, 0x0000, 0x08c4, 0x65b8, 0x469c,
  0x2e1b, 0x1dda, 0x1dfc, 0x0dbc, 0x055c, 0x04fd, 0x0cbd, 0x0c3d, 0x0bfe, 0x0bbd, 0x035c, 0x033b, 0x031a, 0x0319, 0x0338, 0x0317,
  0x02f6, 0x02b5, 0x0273, 0x1250, 0xb67d, 0xef5e, 0xdf3c, 0xe73c, 0xeefb, 0xff3c, 0xd4d4, 0xbb0e, 0xc32e, 0xaa8b, 0xa2ac, 0xcc73,
  0xfe7a, 0xfefc, 0xeefb, 0xe71c, 0xe73c, 0xe71c, 0xe71c, 0xe71c, 0xe71c, 0xe71c, 0xe6fc, 0xef1d, 0xcd96, 0xde18, 0xfefc, 0xddf8,
  0xc555, 0xde38, 0xeeba, 0xde99, 0xde99, 0xde79, 0xde78, 0xd658, 0xd657, 0xd637, 0xce17, 0xcdf6, 0xcdd5, 0xcdd4, 0xc593, 0xce16,
  0xef5c, 0x18c3, 0x0000, 0x0000, 0x0000, 0x0000, 0x0000, 0x0000, 0x0000, 0x0000, 0x0000, 0x0000, 0x0000, 0x0000, 0x0000, 0x0000,
  0x0000, 0x0000, 0x0000, 0x0000, 0x0000, 0x0000, 0x0000, 0x0000, 0x0000, 0x0000, 0x0000, 0x0000, 0x0000, 0x0000, 0x0000, 0x0000,
  0x0000, 0x0000, 0x0000, 0x0000, 0x0000, 0x0000, 0x0000, 0x0000, 0x0000, 0x0000, 0x0000, 0x0000, 0x0000, 0x0000, 0x2104, 0xf77d,
  0xdeb9, 0xbd93, 0xc5b4, 0xc5d4, 0xcdd5, 0xcdf6, 0xce17, 0xd637, 0xd657, 0xd658, 0xd678, 0xde99, 0xdeb9, 0xde9a, 0xdeba, 0xe6ba,
  0xe6db, 0xe6db, 0xe6db, 0xe6db, 0xe6fc, 0xe71c, 0xe71c, 0xe71c, 0xe71c, 0xef1c, 0xef3c, 0xf71d, 0xeebc, 0xe63a, 0xe5d9, 0xee3a,
  0xf69c, 0xfedc, 0xfedc, 0xfefc, 0xfedb, 0xee39, 0xc4d4, 0x934e, 0xcd35, 0xff1d, 0xf6dc, 0xef7e, 0x6cb6, 0x01ef, 0x02b4, 0x02d5,
  0x02b6, 0x0296, 0x02b7, 0x02b8, 0x035b, 0x0bdd, 0x0c3d, 0x0cbd, 0x0cfc, 0x15bc, 0x365e, 0x56df, 0x5ede, 0x66fe, 0x66bd, 0x6ebc,
  0x6e9b, 0x8efc, 0x4b8f, 0x0000, 0x0000, 0x0800, 0x0000, 0x0020, 0x0020, 0x0020, 0x0020, 0x0000, 0x0000, 0x0000, 0x0000, 0x0000,
  0x0000, 0x0000, 0x0000, 0x0000, 0x0000, 0x0000, 0x0000, 0x0000, 0x0000, 0x0000, 0x0000, 0x0000, 0x0000, 0x0000, 0x0000, 0x0000,
  0x0000, 0x0000, 0x0000, 0x0000, 0x0000, 0x0000, 0x0000, 0x0800, 0x0000, 0x1166, 0x7ebc, 0x675f, 0x46fe, 0x367d, 0x1dfc, 0x057b,
  0x055c, 0x04dc, 0x045b, 0x03db, 0x037c, 0x0b9d, 0x0b7d, 0x033c, 0x031a, 0x02f9, 0x0318, 0x0317, 0x02f6, 0x02b5, 0x0253, 0x1a50,
  0xcebd, 0xef1d, 0xdf1b, 0xef3c, 0xff5d, 0xed97, 0xb2ac, 0xcaee, 0xc28c, 0xc390, 0xedb8, 0xfefc, 0xeefc, 0xe71c, 0xe73c, 0xe75d,
  0xe71c, 0xe71c, 0xe71c, 0xe71c, 0xe71c, 0xe71c, 0xe71c, 0xe6fc, 0xe69a, 0xbd55, 0xe69a, 0xf6fb, 0xe659, 0xc576, 0xd5f8, 0xe69a,
  0xde79, 0xde79, 0xde78, 0xd658, 0xd657, 0xd637, 0xce17, 0xcdf6, 0xcdd5, 0xcdd4, 0xc593, 0xce16, 0xef5c, 0x18c3, 0x0000, 0x0000,
  0x0000, 0x0000, 0x0000, 0x0000, 0x0000, 0x0000, 0x0000, 0x0000, 0x0000, 0x0000, 0x0000, 0x0000, 0x0000, 0x0000, 0x0000, 0x0000,
  0x0000, 0x0000, 0x0000, 0x0000, 0x0000, 0x0000, 0x0000, 0x0000, 0x0000, 0x0000, 0x0000, 0x0000, 0x0000, 0x0000, 0x0000, 0x0000,
  0x0000, 0x0000, 0x0000, 0x0000, 0x0000, 0x0000, 0x0000, 0x0000, 0x0000, 0x0000, 0x0861, 0xb5b6, 0xe6fa, 0xbd93, 0xc5b4, 0xc5d4,
  0xcdd5, 0xcdf6, 0xce16, 0xd617, 0xd637, 0xd658, 0xd678, 0xd699, 0xde99, 0xde9a, 0xdeba, 0xe6ba, 0xe6ba, 0xe6db, 0xe6db, 0xe6db,
  0xeefc, 0xeefc, 0xde9a, 0xe6db, 0xf71c, 0xeedb, 0xde5a, 0xcdb7, 0xc596, 0xcd56, 0xd536, 0xd4d4, 0xc432, 0xbbb0, 0xbb8f, 0xabaf,
  0xabb0, 0xbc11, 0xc473, 0xee39, 0xff5d, 0xef1c, 0xef1c, 0xefbf, 0x74d7, 0x01cf, 0x0293, 0x02b5, 0x0b37, 0x1399, 0x139a, 0x139b,
  0x0bbc, 0x0bfd, 0x0c7d, 0x0cdd, 0x0d1d, 0x1ddd, 0x2e1d, 0x3dfc, 0x2d9a, 0x359a, 0x45fa, 0x5e7c, 0x6edc, 0x977e, 0x6493, 0x0000,
  0x0800, 0x0800, 0x0000, 0x0000, 0x0000, 0x0000, 0x0000, 0x0000, 0x0000, 0x0000, 0x0000, 0x0000, 0x0000, 0x0000, 0x0000, 0x0000,
  0x0000, 0x0000, 0x0000, 0x0000, 0x0000, 0x0000, 0x0000, 0x0000, 0x0000, 0x0000, 0x0000, 0x0000, 0x0000, 0x0000, 0x0000, 0x0000,
  0x0000, 0x0020, 0x0000, 0x0000, 0x0000, 0x1a4a, 0x667b, 0x3e3b, 0x367c, 0x3ebe, 0x2e7e, 0x0ddc, 0x057c, 0x04fc, 0x0c7c, 0x141d,
  0x0bbd, 0x035c, 0x031c, 0x031c, 0x02fa, 0x02f9, 0x02f8, 0x0317, 0x02f6, 0x02b5, 0x0232, 0x2a91, 0xe71f, 0xff1d, 0xfedc, 0xfe7a,
  0xe556, 0xbb4e, 0xa24a, 0xaacc, 0xdc93, 0xfe9b, 0xff5e, 0xe71c, 0xe75c, 0xdf3c, 0xdf3c, 0xe6fb, 0xef1c, 0xeefc, 0xef1c, 0xf73d,
  0xef1c, 0xeefc, 0xe71c, 0xe71c, 0xeefb, 0xde59, 0xc596, 0xe69a, 0xf6db, 0xee9a, 0xc576, 0xde38, 0xe699, 0xde58, 0xde58, 0xd658,
  0xd637, 0xce17, 0xce16, 0xcdf6, 0xcdd5, 0xcdd4, 0xc593, 0xce16, 0xe73c, 0x18e3, 0x0000, 0x0000, 0x0000, 0x0000, 0x0000, 0x0000,
  0x0000, 0x0000, 0x0000, 0x0000, 0x0000, 0x0000, 0x0000, 0x0000, 0x0000, 0x0000, 0x0000, 0x0000, 0x0000, 0x0000, 0x0000, 0x0000,
  0x0000, 0x0000, 0x0000, 0x0000, 0x0000, 0x0000, 0x0000, 0x0000, 0x0000, 0x0000, 0x0000, 0x0000, 0x0000, 0x0000, 0x0000, 0x0000,
  0x0000, 0x0000, 0x0000, 0x0000, 0x0000, 0x0000, 0x0000, 0x8c50, 0xef3b, 0xb573, 0xc5b4, 0xc5d4, 0xcdd5, 0xcdf6, 0xce16, 0xd617,
  0xd637, 0xd658, 0xd658, 0xd699, 0xde99, 0xde9a, 0xdeba, 0xe6ba, 0xe6db, 0xe6db, 0xe6bb, 0xeefc, 0xe6bb, 0xde5a, 0xd5f8, 0xde39,
  0xe639, 0xbd15, 0xcdb7, 0xe69a, 0xf6fb, 0xfedb, 0xcd35, 0xbc51, 0xb3af, 0xb34e, 0xb32e, 0xb3d0, 0xe597, 0xfe9b, 0xff1d, 0xf71c,
  0xe71c, 0xdf3c, 0xdf1b, 0xef9e, 0x959a, 0x01ef, 0x0293, 0x02b5, 0x0b17, 0x0b99, 0x13ba, 0x0bbb, 0x0bbc, 0x03dc, 0x041c, 0x049c,
  0x04dc, 0x04fb, 0x151a, 0x2d7b, 0x3e1c, 0x4ede, 0x5efe, 0x6f1f, 0x6ebc, 0x7efc, 0x75b7, 0x0062, 0x0000, 0x0800, 0x0000, 0x0000,
  0x0000, 0x0000, 0x0000, 0x0000, 0x0000, 0x0000, 0x0000, 0x0000, 0x0000, 0x0000, 0x0000, 0x0000, 0x0000, 0x0000, 0x0000, 0x0000,
  0x0000, 0x0000, 0x0000, 0x0000, 0x0000, 0x0000, 0x0000, 0x0000, 0x0000, 0x0000, 0x0000, 0x0000, 0x0000, 0x0000, 0x0000, 0x0000,
  0x0001, 0x33d0, 0x4e7c, 0x25fb, 0x1ddb, 0x15db, 0x15db, 0x15dd, 0x059d, 0x0cfd, 0x045c, 0x03bb, 0x037c, 0x035c, 0x031c, 0x02fb,
  0x02fa, 0x02f9, 0x02d7, 0x02f6, 0x02d6, 0x0294, 0x0231, 0x3a70, 0xc4f7, 0xd493, 0xcb90, 0xaa8c, 0x9a2a, 0xa28b, 0xcc52, 0xee39,
  0xf73c, 0xef3c, 0xdf1c, 0xdf1c, 0xe73c, 0xe73c, 0xf73c, 0xff3c, 0xff1c, 0xf6bb, 0xee9b, 0xf6bb, 0xee9b, 0xf6dc, 0xf71c, 0xeefc,
  0xeedb, 0xeefb, 0xde59, 0xc596, 0xd5f7, 0xe67a, 0xe679, 0xcdb6, 0xde38, 0xe699, 0xde58, 0xd638, 0xd637, 0xce17, 0xce16, 0xcdf6,
  0xcdd5, 0xcdd4, 0xbd73, 0xce36, 0xef7c, 0x18c3, 0x0000, 0x0000, 0x0000, 0x0000, 0x0000, 0x0000, 0x0000, 0x0000, 0x0000, 0x0000,
  0x0000, 0x0000, 0x0000, 0x0000, 0x0000, 0x0000, 0x0000, 0x0000, 0x0000, 0x0000, 0x0000, 0x0000, 0x0000, 0x0000, 0x0000, 0x0000,
  0x0000, 0x0000, 0x0000, 0x0000, 0x0000, 0x0000, 0x0000, 0x0000, 0x0000, 0x0000, 0x0000, 0x0000, 0x0000, 0x0000, 0x0000, 0x0000,
  0x0000, 0x0000, 0x0000, 0x9492, 0xef5b, 0xbd93, 0xc5b4, 0xc5d4, 0xcdd5, 0xcdf6, 0xce16, 0xd617, 0xd637, 0xd658, 0xd658, 0xd699,
  0xde99, 0xde9a, 0xdeba, 0xe6ba, 0xe6db, 0xe6bb, 0xe6db, 0xe6db, 0xde59, 0xeebb, 0xf6fc, 0xf6dc, 0xcdd8, 0xde5a, 0xf73d, 0xf71c,
  0xf6fc, 0xc534, 0xbcd3, 0xf6bb, 0xfebb, 0xfebb, 0xfedc, 0xfedc, 0xff1d, 0xf6fc, 0xeefc, 0xe71c, 0xe73d, 0xe73d, 0xe71b, 0xef7e,
  0xae3c, 0x09ef, 0x0252, 0x0ab5, 0x02f6, 0x0316, 0x0337, 0x0359, 0x039b, 0x03dc, 0x041c, 0x14fe, 0x151d, 0x1d5d, 0x361e, 0x465e,
  0x469e, 0x363c, 0x3e1b, 0x4e1b, 0x667b, 0x76fd, 0x8f1c, 0x19a7, 0x0000, 0x0000, 0x0000, 0x0000, 0x0000, 0x0000, 0x0000, 0x0000,
  0x0000, 0x0000, 0x0000, 0x0000, 0x0000, 0x0000, 0x0000, 0x0000, 0x0000, 0x0000, 0x0000, 0x0000, 0x0000, 0x0000, 0x0000, 0x0000,
  0x0000, 0x0000, 0x0000, 0x0000, 0x0000, 0x0000, 0x0000, 0x0000, 0x0000, 0x0000, 0x0000, 0x0001, 0x00c4, 0x3d15, 0x369c, 0x165d,
  0x0e1c, 0x0dfb, 0x0dbc, 0x057c, 0x053c, 0x04fc, 0x0c9c, 0x0bfc, 0x0b9c, 0x035c, 0x031b, 0x02fa, 0x02f9, 0x02f8, 0x02f7, 0x02d6,
  0x02d5, 0x0294, 0x0a30, 0x3a0e, 0x8a4c, 0xa9e9, 0xba2a, 0xbb2e, 0xcc72, 0xedf9, 0xfedc, 0xef1c, 0xdf1c, 0xe6fc, 0xef1c, 0xf73d,
  0xff1c, 0xfedb, 0xee18, 0xccf3, 0xc492, 0xabf0, 0xac11, 0xabf0, 0xabf0, 0xc4b3, 0xd576, 0xee59, 0xf71c, 0xeedb, 0xe6fb, 0xe6da,
  0xde59, 0xd618, 0xd618, 0xd5d7, 0xcd75, 0xde38, 0xde38, 0xde58, 0xd637, 0xce17, 0xce16, 0xcdf6, 0xcdd5, 0xcdd4, 0xbd73, 0xce36,
  0xd6b9, 0x2104, 0x0000, 0x0000, 0x0000, 0x0000, 0x0000, 0x0000, 0x0000, 0x0000, 0x0000, 0x0000, 0x0000, 0x0000, 0x0000, 0x0000,
  0x0000, 0x0000, 0x0000, 0x0000, 0x0000, 0x0000, 0x0000, 0x0000, 0x0000, 0x0000, 0x0000, 0x0000, 0x0000, 0x0000, 0x0000, 0x0000,
  0x0000, 0x0000, 0x0000, 0x0000, 0x0000, 0x0000, 0x0000, 0x0000, 0x0000, 0x0000, 0x0000, 0x0000, 0x0000, 0x0000, 0x0000, 0x9492,
  0xf79c, 0xc5d4, 0xc5b4, 0xc5d4, 0xcdd5, 0xcdf6, 0xce16, 0xd617, 0xd637, 0xd658, 0xd658, 0xd699, 0xde99, 0xde9a, 0xdeba, 0xe6ba,
  0xe6bb, 0xe6db, 0xe6db, 0xde7a, 0xe6bb, 0xeefc, 0xeefc, 0xd639, 0xeedb, 0xf73d, 0xe71c, 0xeefc, 0xf6dc, 0xbcd4, 0xf6bb, 0xf73d,
  0xef1d, 0xe71c, 0xe71c, 0xef3d, 0xe71c, 0xe73d, 0xdf3c, 0xe73d, 0xe71d, 0xef1d, 0xef1b, 0xe75d, 0xbe9d, 0x1a50, 0x0252, 0x02b4,
  0x02f6, 0x0357, 0x0378, 0x037a, 0x039b, 0x03dc, 0x041c, 0x045c, 0x0cdd, 0x1d1d, 0x14db, 0x14fa, 0x0d3a, 0x1579, 0x465c, 0x6f3f,
  0x771e, 0x66bc, 0x7edb, 0x4bcf, 0x0000, 0x0000, 0x0000, 0x0000, 0x0000, 0x0000, 0x0000, 0x0000, 0x0000, 0x0000, 0x0000, 0x0000,
  0x0000, 0x0000, 0x0000, 0x0000, 0x0000, 0x0000, 0x0000, 0x0000, 0x0000, 0x0000, 0x0000, 0x0000, 0x0000, 0x0000, 0x0000, 0x0000,
  0x0000, 0x0000, 0x0000, 0x0000, 0x0000, 0x0000, 0x0000, 0x0000, 0x1209, 0x463a, 0x0e1a, 0x061c, 0x05fc, 0x0dfc, 0x0dbc, 0x057c,
  0x053d, 0x04dc, 0x045b, 0x03db, 0x0bbc, 0x0bbd, 0x13de, 0x139d, 0x0b7b, 0x0b39, 0x0317, 0x02f7, 0x02d5, 0x0293, 0x0a0f, 0x7373,
  0xb30f, 0xb1a8, 0xcb2d, 0xfdf8, 0xff3c, 0xff5d, 0xf73d, 0xef3d, 0xf75e, 0xf6fd, 0xfebc, 0xedd8, 0xd4d4, 0xb3af, 0xab4d, 0xbc10,
  0xd4f3, 0xe5b7, 0xf618, 0xf5f8, 0xdd35, 0xbc31, 0xc472, 0xc4b3, 0xcdb7, 0xef1c, 0xe6db, 0xe6da, 0xe6fb, 0xe6ba, 0xe69a, 0xe679,
  0xe659, 0xcd96, 0xd617, 0xde58, 0xd637, 0xce17, 0xce16, 0xcdf6, 0xcdd5, 0xcdd4, 0xc593, 0xd678, 0x630b, 0x18c3, 0x0000, 0x0000,
  0x0000, 0x0000, 0x0000, 0x0000, 0x0000, 0x0000, 0x0000, 0x0000, 0x0000, 0x0000, 0x0000, 0x0000, 0x0000, 0x0000, 0x0000, 0x0000,
  0x0000, 0x0000, 0x0000, 0x0000, 0x0000, 0x0000, 0x0000, 0x0000, 0x0000, 0x0000, 0x0000, 0x0000, 0x0000, 0x0000, 0x0000, 0x0000,
  0x0000, 0x0000, 0x0000, 0x0000, 0x0000, 0x0000, 0x0000, 0x0000, 0x0000, 0x0000, 0x0000, 0x9492, 0xf79e, 0xc5d6, 0xbd94, 0xc5b4,
  0xcdd5, 0xcdd5, 0xcdf6, 0xce17, 0xd637, 0xd658, 0xd658, 0xd679, 0xde99, 0xde99, 0xde9a, 0xdeba, 0xe6ba, 0xe6bb, 0xde7a, 0xde9a,
  0xeefc, 0xef1c, 0xde9a, 0xde9a, 0xef1c, 0xe6fc, 0xe71c, 0xe6fc, 0xf73d, 0xcd97, 0xbcf5, 0xf71c, 0xef1c, 0xe71c, 0xe71c, 0xe71c,
  0xe71c, 0xe73c, 0xe73c, 0xe71c, 0xef1c, 0xef1c, 0xef1c, 0xef3d, 0xdf5f, 0x32f2, 0x0211, 0x02b5, 0x02f5, 0x0357, 0x0398, 0x0379,
  0x0379, 0x03db, 0x041c, 0x0c7d, 0x0c9e, 0x0c7d, 0x0cbc, 0x0cbb, 0x155b, 0x365d, 0x46be, 0x467d, 0x35da, 0x45fa, 0x6e7a, 0x8618,
  0x00a3, 0x0820, 0x0800, 0x0041, 0x0000, 0x0000, 0x0000, 0x0000, 0x0000, 0x0000, 0x0000, 0x0000, 0x0000, 0x0000, 0x0000, 0x0000,
  0x0000, 0x0000, 0x0000, 0x0000, 0x0000, 0x0000, 0x0000, 0x0000, 0x0000, 0x0000, 0x0000, 0x0000, 0x0800, 0x0000, 0x0000, 0x0000,
  0x0000, 0x0020, 0x0000, 0x0062, 0x2432, 0x2ebc, 0x1e7c, 0x1e5e, 0x15dd, 0x0d5b, 0x053b, 0x04fc, 0x04dc, 0x047c, 0x045c, 0x041d,
  0x03bd, 0x037c, 0x035c, 0x033b, 0x0b5a, 0x0b79, 0x1379, 0x1337, 0x0b16, 0x0af5, 0x01ef, 0xa59a, 0xf67a, 0xab4d, 0x9a09, 0xb28b,
  0xcbf0, 0xdcf4, 0xdd14, 0xe555, 0xdd14, 0xc411, 0xbb4e, 0xa2cc, 0xb36f, 0xccb4, 0xe5f8, 0xfedc, 0xff1d, 0xf73d, 0xf71d, 0xf71c,
  0xf71c, 0xe639, 0xcd15, 0xf65a, 0xd596, 0xcd96, 0xeedb, 0xe6db, 0xdeba, 0xdeba, 0xde9a, 0xde9a, 0xde79, 0xde78, 0xd658, 0xd658,
  0xd637, 0xce17, 0xce16, 0xcdf5, 0xcdd4, 0xc5b4, 0xc5b5, 0xde99, 0x6b4d, 0x18e3, 0x0000, 0x0000, 0x0000, 0x0000, 0x0000, 0x0000,
  0x0000, 0x0000, 0x0000, 0x0000, 0x0000, 0x0000, 0x0000, 0x0000, 0x0000, 0x0000, 0x0000, 0x0000, 0x0000, 0x0000, 0x0000, 0x0000,
  0x0000, 0x0000, 0x0000, 0x0000, 0x0000, 0x0000, 0x0000, 0x0000, 0x0000, 0x0000, 0x0000, 0x0000, 0x0000, 0x0000, 0x0000, 0x0000,
  0x0000, 0x0000, 0x0000, 0x0000, 0x0000, 0x0000, 0x0000, 0x9cf3, 0xffbe, 0xc5f6, 0xbd94, 0xc5b4, 0xcdd4, 0xcdd5, 0xcdf6, 0xce17,
  0xd637, 0xd658, 0xd658, 0xd679, 0xde99, 0xde99, 0xde9a, 0xdeba, 0xdeba, 0xde9a, 0xe6bb, 0xe6db, 0xeefc, 0xe6db, 0xde9a, 0xef1c,
  0xe6fc, 0xef1c, 0xef1c, 0xe6fb, 0xeefc, 0xff1d, 0xcd76, 0xe67a, 0xf71c, 0xe71c, 0xef3c, 0xef1c, 0xef1c, 0xef1c, 0xef1c, 0xef1c,
  0xef1c, 0xef1c, 0xef1c, 0xe6fc, 0xe79f, 0x5c35, 0x01f0, 0x0294, 0x02f5, 0x0316, 0x0377, 0x0bfa, 0x143c, 0x1c7e, 0x0c5d, 0x03fc,
  0x039b, 0x03bb, 0x041b, 0x1d5e, 0x2e3f, 0x25dc, 0x1d9a, 0x1d79, 0x463c, 0x66dd, 0x76bb, 0x96fc, 0x434d, 0x0000, 0x0840, 0x0000,
  0x0000, 0x0000, 0x0000, 0x0000, 0x0000, 0x0000, 0x0000, 0x0000, 0x0000, 0x0000, 0x0000, 0x0000, 0x0000, 0x0000, 0x0000, 0x0000,
  0x0000, 0x0000, 0x0000, 0x0000, 0x0000, 0x0000, 0x0000, 0x0000, 0x0000, 0x0000, 0x0020, 0x0020, 0x0000, 0x0020, 0x0000, 0x09c8,
  0x35fa, 0x0e1a, 0x0dda, 0x1dfd, 0x2e3e, 0x365f, 0x2dfe, 0x151c, 0x047b, 0x045b, 0x043b, 0x03fc, 0x03bc, 0x03bc, 0x037b, 0x031a,
  0x02f8, 0x02f7, 0x02d6, 0x02b5, 0x02b5, 0x0273, 0x0a30, 0xbe5c, 0xff3d, 0xf69b, 0xdc73, 0xc2ee, 0xaa2b, 0xa22a, 0xaa4b, 0xaa2a,
  0xb28c, 0xb34e, 0xc451, 0xe596, 0xfe9a, 0xfefc, 0xf71c, 0xeefc, 0xe6fc, 0xe71c, 0xeefc, 0xeefc, 0xe6fc, 0xf73d, 0xd5b7, 0xddd8,
  0xff1c, 0xd5d7, 0xc596, 0xeefb, 0xe6db, 0xe6ba, 0xdeba, 0xde99, 0xde99, 0xd678, 0xd658, 0xd658, 0xd637, 0xce17, 0xce16, 0xcdd5,
  0xcdd4, 0xc5b4, 0xbd94, 0xef1b, 0x41e7, 0x0020, 0x0000, 0x0000, 0x0000, 0x0000, 0x0000, 0x0000, 0x0000, 0x0000, 0x0000, 0x0000,
  0x0000, 0x0000, 0x0000, 0x0000, 0x0000, 0x0000, 0x0000, 0x0000, 0x0000, 0x0000, 0x0000, 0x0000, 0x0000, 0x0000, 0x0000, 0x0000,
  0x0000, 0x0000, 0x0000, 0x0000, 0x0000, 0x0000, 0x0000, 0x0000, 0x0000, 0x0000, 0x0000, 0x0000, 0x0000, 0x0000, 0x0000, 0x0000,
  0x0000, 0x0000, 0x0000, 0x528a, 0xf79d, 0xce17, 0xbd94, 0xc5b4, 0xcdd4, 0xcdd5, 0xcdf6, 0xce17, 0xd637, 0xd658, 0xd658, 0xd679,
  0xde99, 0xde99, 0xde9a, 0xdeba, 0xe6ba, 0xe6bb, 0xe6db, 0xe6db, 0xe6db, 0xe6bb, 0xeefc, 0xeefc, 0xeefc, 0xef1c, 0xeefc, 0xef1c,
  0xf6fc, 0xe65a, 0xbcf4, 0xeedc, 0xef1c, 0xe71c, 0xef3c, 0xef1c, 0xef1c, 0xef1c, 0xef1c, 0xef1c, 0xef1c, 0xef1c, 0xef1c, 0xe71c,
  0xef9f, 0x8559, 0x01ef, 0x0293, 0x02f5, 0x1398, 0x1c3a, 0x1c3b, 0x0bda, 0x039a, 0x037a, 0x039b, 0x03fc, 0x0c3e, 0x149e, 0x1d3e,
  0x04bb, 0x0cd9, 0x361c, 0x4ebe, 0x66bd, 0x6e9c, 0x7edc, 0x973d, 0x9e9a, 0x1104, 0x0020, 0x0000, 0x0000, 0x0000, 0x0000, 0x0000,
  0x0000, 0x0000, 0x0000, 0x0000, 0x0000, 0x0000, 0x0000, 0x0000, 0x0000, 0x0000, 0x0000, 0x0000, 0x0000, 0x0000, 0x0000, 0x0000,
  0x0000, 0x0000, 0x0000, 0x0000, 0x0000, 0x0000, 0x0020, 0x0020, 0x0000, 0x0020, 0x00a3, 0x2c73, 0x1dfa, 0x0ddb, 0x15dc, 0x157b,
  0x0cfa, 0x153b, 0x259c, 0x35fe, 0x35de, 0x253d, 0x14bc, 0x0c3c, 0x03db, 0x039b, 0x037a, 0x0359, 0x0338, 0x0317, 0x02f6, 0x02f6,
  0x02b5, 0x0212, 0x2af2, 0xd71f, 0xeefc, 0xf6fc, 0xff3c, 0xfefb, 0xe5f8, 0xdd96, 0xe596, 0xdd56, 0xee18, 0xfedb, 0xff1c, 0xff3c,
  0xeefc, 0xeefb, 0xe71c, 0xe73c, 0xe71c, 0xe71c, 0xeefc, 0xef1c, 0xe71c, 0xef1c, 0xeebb, 0xcd96, 0xeedb, 0xf6fb, 0xcdf7, 0xcdb6,
  0xeedb, 0xe6ba, 0xdeba, 0xde99, 0xde99, 0xd678, 0xd658, 0xd658, 0xd637, 0xce17, 0xce16, 0xcdd5, 0xcdd4, 0xc5b4, 0xbd94, 0xffbe,
  0x9cd3, 0x0000, 0x0000, 0x0000, 0x0000, 0x0000, 0x0000, 0x0000, 0x0000, 0x0000, 0x0000, 0x0000, 0x0000, 0x0000, 0x0000, 0x0000,
  0x0000, 0x0000, 0x0000, 0x0000, 0x0000, 0x0000, 0x0000, 0x0000, 0x0000, 0x0000, 0x0000, 0x0000, 0x0000, 0x0000, 0x0000, 0x0000,
  0x0000, 0x0000, 0x0000, 0x0000, 0x0000, 0x0000, 0x0000, 0x0000, 0x0000, 0x0000, 0x0000, 0x0000, 0x0000, 0x0000, 0x0000, 0x2104,
  0xef5d, 0xce37, 0xbd94, 0xc5b4, 0xcdd4, 0xcdd5, 0xcdf6, 0xce17, 0xd637, 0xd658, 0xd658, 0xd678, 0xde99, 0xde99, 0xde9a, 0xdeba,
  0xe6db, 0xe6db, 0xe6bb, 0xe6fc, 0xe6db, 0xe6db, 0xeefc, 0xe6fc, 0xe71c, 0xef1c, 0xef1c, 0xd659, 0xcd97, 0xc556, 0xe639, 0xf71d,
  0xef1c, 0xe71c, 0xe71c, 0xe71c, 0xef1c, 0xef1c, 0xe71c, 0xef1c, 0xef1c, 0xef1c, 0xef1c, 0xef1c, 0xe75d, 0xbe9c, 0x0a0f, 0x0273,
  0x1b97, 0x13b8, 0x0356, 0x0337, 0x0358, 0x0b9a, 0x0c1d, 0x147e, 0x147e, 0x0c5d, 0x043c, 0x041a, 0x253c, 0x4e3e, 0x567e, 0x5e7d,
  0x769c, 0x7ebd, 0x86fe, 0x86bc, 0x96fc, 0x6472, 0x0000, 0x0001, 0x0000, 0x0000, 0x0000, 0x0000, 0x0000, 0x0000, 0x0000, 0x0000,
  0x0000, 0x0000, 0x0000, 0x0000, 0x0000, 0x0000, 0x0000, 0x0000, 0x0000, 0x0000, 0x0000, 0x0000, 0x0000, 0x0000, 0x0000, 0x0000,
  0x0000, 0x0000, 0x0000, 0x0000, 0x0020, 0x0000, 0x12ec, 0x2e3b, 0x0dfc, 0x057b, 0x04fa, 0x0d3a, 0x153b, 0x0d1b, 0x0499, 0x045a,
  0x0cbb, 0x251d, 0x2d7e, 0x253e, 0x1cbe, 0x0bfb, 0x039a, 0x0379, 0x0358, 0x0337, 0x0316, 0x02d5, 0x0ab5, 0x01d0, 0x5bf5, 0xef9f,
  0xe71d, 0xef1c, 0xe73c, 0xe73b, 0xf75c, 0xf73c, 0xf73c, 0xf75d, 0xef3c, 0xe71c, 0xe71c, 0xe71c, 0xe71c, 0xe73c, 0xe73c, 0xe73c,
  0xe73c, 0xe71c, 0xef1c, 0xe71c, 0xe71c, 0xe6fb, 0xeefc, 0xd5f7, 0xde99, 0xeefb, 0xeefb, 0xcdb7, 0xcdd7, 0xe69a, 0xde9a, 0xde79,
  0xde99, 0xd678, 0xd658, 0xd658, 0xd637, 0xce17, 0xce16, 0xcdd5, 0xcdd4, 0xc5b4, 0xbd94, 0xff9d, 0x7bcf, 0x0000, 0x0000, 0x0000,
  0x0000, 0x0000, 0x0000, 0x0000, 0x0000, 0x0000, 0x0000, 0x0000, 0x0000, 0x0000, 0x0000, 0x0000, 0x0000, 0x0000, 0x0000, 0x0000,
  0x0000, 0x0000, 0x0000, 0x0000, 0x0000, 0x0000, 0x0000, 0x0000, 0x0000, 0x0000, 0x0000, 0x0000, 0x0000, 0x0000, 0x0000, 0x0000,
  0x0000, 0x0000, 0x0000, 0x0000, 0x0000, 0x0000, 0x0000, 0x0000, 0x0000, 0x0000, 0x0000, 0x2965, 0xffbe, 0xd658, 0xc594, 0xc5b4,
  0xcdb4, 0xcdd5, 0xcdf6, 0xce16, 0xd637, 0xd637, 0xd658, 0xd678, 0xd699, 0xde99, 0xde9a, 0xdeba, 0xe6ba, 0xe6bb, 0xe6db, 0xe6db,
  0xe6db, 0xe6db, 0xe6fc, 0xe71c, 0xe6fc, 0xef1c, 0xde5a, 0xc5b7, 0xeedc, 0xf71d, 0xf6fc, 0xeefc, 0xe71c, 0xe71c, 0xe71c, 0xe71c,
  0xef1c, 0xef1c, 0xe71c, 0xef1c, 0xef1c, 0xef1c, 0xef1c, 0xe71c, 0xe73c, 0xdf7f, 0x3b11, 0x0210, 0x02b4, 0x0b16, 0x13b8, 0x243b,
  0x247d, 0x249e, 0x147e, 0x0c1d, 0x03fc, 0x043b, 0x149c, 0x3dde, 0x45bc, 0x459b, 0x663c, 0x767d, 0x767c, 0x7e9d, 0x7e9d, 0x769c,
  0x86fd, 0x9f3e, 0x3acc, 0x0000, 0x0021, 0x0000, 0x0020, 0x0000, 0x0000, 0x0000, 0x0000, 0x0000, 0x0000, 0x0000, 0x0000, 0x0000,
  0x0000, 0x0000, 0x0000, 0x0000, 0x0000, 0x0000, 0x0000, 0x0000, 0x0000, 0x0000, 0x0000, 0x0000, 0x0000, 0x0800, 0x1000, 0x0800,
  0x0000, 0x09c8, 0x3597, 0x0dfa, 0x05bc, 0x0d9d, 0x0d3c, 0x04b9, 0x04ba, 0x0d1c, 0x155e, 0x0d1d, 0x049c, 0x043b, 0x045c, 0x047c,
  0x149d, 0x1cbd, 0x145c, 0x0bda, 0x0357, 0x0316, 0x0316, 0x02d4, 0x0a94, 0x09cf, 0x9d7a, 0xef7f, 0xe71c, 0xe71c, 0xe71c, 0xef1c,
  0xeefc, 0xeefc, 0xeefc, 0xe71c, 0xe73c, 0xe71c, 0xe71c, 0xe71c, 0xe71c, 0xe71c, 0xe71c, 0xe71c, 0xe71c, 0xe71c, 0xe71c, 0xe71c,
  0xe71c, 0xe6fb, 0xef1c, 0xde39, 0xd659, 0xeefb, 0xe6ba, 0xeeba, 0xcdb6, 0xde79, 0xde79, 0xde79, 0xde79, 0xd658, 0xd658, 0xd657,
  0xce37, 0xce17, 0xcdf6, 0xcdd5, 0xcdd4, 0xc5b4, 0xc5f6, 0xff9e, 0x2945, 0x0000, 0x0000, 0x0000, 0x0000, 0x0000, 0x0000, 0x0000,
  0x0000, 0x0000, 0x0000, 0x0000, 0x0000, 0x0000, 0x0000, 0x0000, 0x0000, 0x0000, 0x0000, 0x0000, 0x0000, 0x0000, 0x0000, 0x0000,
  0x0000, 0x0000, 0x0000, 0x0000, 0x0000, 0x0000, 0x0000, 0x0000, 0x0000, 0x0000, 0x0000, 0x0000, 0x0000, 0x0000, 0x0000, 0x0000,
  0x0000, 0x0000, 0x0000, 0x0000, 0x0000, 0x0000, 0x0000, 0x18c3, 0xd699, 0xe6b9, 0xc5b4, 0xc5b4, 0xcdb4, 0xcdd5, 0xcdf6, 0xce16,
  0xd637, 0xd637, 0xd658, 0xd678, 0xd699, 0xde99, 0xde9a, 0xdeba, 0xe6ba, 0xe6bb, 0xe6db, 0xe6db, 0xe6db, 0xe6db, 0xe6fc, 0xe71c,
  0xe71c, 0xe6fc, 0xde7a, 0xeefc, 0xef1c, 0xeefc, 0xeefc, 0xef1c, 0xe71c, 0xe71c, 0xef1c, 0xef1c, 0xef1c, 0xef1c, 0xef1c, 0xef1c,
  0xef1c, 0xef1c, 0xef1c, 0xe71b, 0xe71b, 0xefbf, 0x74b6, 0x01cf, 0x1315, 0x1b97, 0x1bf9, 0x13b9, 0x13da, 0x039a, 0x03ba, 0x041c,
  0x0c5d, 0x0cbc, 0x255d, 0x2d1b, 0x3d5b, 0x663d, 0x665d, 0x6e7d, 0x669d, 0x667d, 0x665c, 0x669c, 0x6efd, 0x76fd, 0x763a, 0x0987,
  0x0020, 0x0061, 0x0020, 0x0000, 0x0000, 0x0000, 0x0000, 0x0000, 0x0000, 0x0000, 0x0000, 0x0000, 0x0000, 0x0000, 0x0000, 0x0000,
  0x0000, 0x0000, 0x0000, 0x0000, 0x0000, 0x0000, 0x0000, 0x0000, 0x0000, 0x0800, 0x0821, 0x0001, 0x0966, 0x4dd8, 0x261a, 0x05da,
  0x057b, 0x0d1c, 0x0d1c, 0x0d1b, 0x04fc, 0x04db, 0x04bb, 0x0cfd, 0x153f, 0x0cde, 0x047c, 0x045c, 0x043b, 0x03fb, 0x0c1b, 0x143b,
  0x13f9, 0x0357, 0x02d5, 0x02d4, 0x0231, 0x2270, 0xd6fe, 0xe73d, 0xe6fc, 0xe71d, 0xe71c, 0xe71c, 0xef1c, 0xef1c, 0xef1c, 0xe73c,
  0xe73c, 0xe71c, 0xe71c, 0xe71c, 0xe71c, 0xef1c, 0xef1c, 0xef1c, 0xef1c, 0xe71c, 0xe71c, 0xe71c, 0xe71c, 0xe71b, 0xef3c, 0xe67a,
  0xd638, 0xeedb, 0xe6ba, 0xeedb, 0xde79, 0xde59, 0xe69a, 0xde79, 0xde79, 0xd658, 0xd658, 0xd657, 0xce37, 0xce17, 0xcdf6, 0xcdd5,
  0xcdd4, 0xc594, 0xd657, 0xe6db, 0x18c3, 0x0000, 0x0000, 0x0000, 0x0000, 0x0000, 0x0000, 0x0000, 0x0000, 0x0000, 0x0000, 0x0000,
  0x0000, 0x0000, 0x0000, 0x0000, 0x0000, 0x0000, 0x0000, 0x0000, 0x0000, 0x0000, 0x0000, 0x0000, 0x0000, 0x0000, 0x0000, 0x0000,
  0x0000, 0x0000, 0x0000, 0x0000, 0x0000, 0x0000, 0x0000, 0x0000, 0x0000, 0x0000, 0x0000, 0x0000, 0x0000, 0x0000, 0x0000, 0x0000,
  0x0000, 0x0000, 0x0000, 0x0000, 0x9cf3, 0xef1b, 0xc5b4, 0xc5b4, 0xcdd4, 0xcdd5, 0xcdf6, 0xce16, 0xd637, 0xd637, 0xd658, 0xd678,
  0xd699, 0xde99, 0xde9a, 0xdeba, 0xe6ba, 0xe6bb, 0xe6db, 0xe6db, 0xe6db, 0xe6fc, 0xe6fc, 0xe71c, 0xe6fc, 0xef1c, 0xe6bb, 0xeedb,
  0xe71c, 0xe71c, 0xef1c, 0xe71c, 0xe71c, 0xe71c, 0xef1c, 0xe71c, 0xe6fc, 0xe6fc, 0xef1c, 0xef1c, 0xe71c, 0xef1c, 0xef5c, 0xef5c,
  0xe71b, 0xef7d, 0xb67c, 0x0a30, 0x0294, 0x02d4, 0x02f5, 0x0317, 0x0358, 0x03ba, 0x03da, 0x041b, 0x0c9d, 0x151e, 0x1cfc, 0x45de,
  0x5e3e, 0x561c, 0x5ebe, 0x56de, 0x3e3b, 0x3e1b, 0x569d, 0x569c, 0x46dc, 0x3639, 0x4e5b, 0x7618, 0x1985, 0x0000, 0x0020, 0x0000,
  0x0000, 0x0000, 0x0000, 0x0000, 0x0000, 0x0000, 0x0000, 0x0000, 0x0000, 0x0000, 0x0000, 0x0000, 0x0000, 0x0000, 0x0000, 0x0000,
  0x0000, 0x0000, 0x0000, 0x0000, 0x0000, 0x0020, 0x0000, 0x0986, 0x4514, 0x46dd, 0x1ebd, 0x05da, 0x0cf9, 0x14db, 0x0d1c, 0x051b,
  0x04fb, 0x051c, 0x0d1c, 0x04bc, 0x047c, 0x047c, 0x045c, 0x045d, 0x041c, 0x03fb, 0x03b9, 0x0378, 0x0b97, 0x0b97, 0x0b15, 0x0ab4,
  0x01f0, 0x53f5, 0xe77f, 0xe6fc, 0xef3d, 0xef1d, 0xe71c, 0xe73c, 0xe73c, 0xe71c, 0xe71c, 0xe71c, 0xef1c, 0xef1c, 0xe71c, 0xe71c,
  0xe71c, 0xef1c, 0xef1c, 0xef1c, 0xef1c, 0xe71c, 0xe71c, 0xe71c, 0xe71c, 0xe71c, 0xef1c, 0xd5d7, 0xde38, 0xeefb, 0xe6ba, 0xe6ba,
  0xe6ba, 0xd638, 0xe67a, 0xde99, 0xd679, 0xd658, 0xd658, 0xd657, 0xce37, 0xce17, 0xcdf6, 0xcdd5, 0xcdd4, 0xbd93, 0xe6b9, 0x736d,
  0x0020, 0x0000, 0x0000, 0x0000, 0x0000, 0x0000, 0x0000, 0x0000, 0x0000, 0x0000, 0x0000, 0x0000, 0x0000, 0x0000, 0x0000, 0x0000,
  0x0000, 0x0000, 0x0000, 0x0000, 0x0000, 0x0000, 0x0000, 0x0000, 0x0000, 0x0000, 0x0000, 0x0000, 0x0000, 0x0000, 0x0000, 0x0000,
  0x0000, 0x0000, 0x0000, 0x0000, 0x0000, 0x0000, 0x0000, 0x0000, 0x0000, 0x0000, 0x0000, 0x0000, 0x0000, 0x0000, 0x0000, 0x0000,
  0xb575, 0xf77c, 0xc5d5, 0xc5b4, 0xc5b4, 0xcdd5, 0xcdf6, 0xce16, 0xd637, 0xd637, 0xd657, 0xd678, 0xde78, 0xde99, 0xde99, 0xde9a,
  0xdeba, 0xe6ba, 0xe6db, 0xe6db, 0xe6db, 0xe6fb, 0xe6fb, 0xe6fc, 0xe6fc, 0xef1c, 0xd659, 0xde7a, 0xef3c, 0xe71c, 0xe71c, 0xe71c,
  0xe71c, 0xe71c, 0xe71c, 0xe6fc, 0xe71c, 0xe6fc, 0xe6fc, 0xef1c, 0xef3d, 0xef1c, 0xde59, 0xd618, 0xef1c, 0xe71c, 0xdf7f, 0x3b53,
  0x01f1, 0x0ad5, 0x02f5, 0x0337, 0x0358, 0x039a, 0x03da, 0x0c5c, 0x14bd, 0x1c7a, 0x3d9d, 0x5e7f, 0x4e5e, 0x35dc, 0x2dfc, 0x1559,
  0x2dda, 0x4ebe, 0x469d, 0x3e7c, 0x261a, 0x261a, 0x469c, 0x6edc, 0x7df7, 0x328a, 0x0000, 0x0001, 0x0020, 0x0000, 0x0000, 0x0000,
  0x0000, 0x0000, 0x0000, 0x0000, 0x0000, 0x0000, 0x0000, 0x0000, 0x0000, 0x0000, 0x0000, 0x0000, 0x0000, 0x0000, 0x0800, 0x0000,
  0x0000, 0x0000, 0x1209, 0x5619, 0x4e9c, 0x0db9, 0x167c, 0x1e7d, 0x15bb, 0x0d1b, 0x04ba, 0x0cfb, 0x0cfc, 0x04dc, 0x04dc, 0x0cdd,
  0x0cdd, 0x0cbd, 0x045c, 0x045c, 0x043b, 0x03da, 0x039a, 0x0359, 0x0317, 0x02d5, 0x0af5, 0x0293, 0x01ef, 0x9dda, 0xef9e, 0xe71c,
  0xe71c, 0xe71c, 0xe71c, 0xe73c, 0xe73c, 0xe71c, 0xe71c, 0xe71c, 0xef1c, 0xef1c, 0xe71c, 0xe71c, 0xe71c, 0xe71c, 0xe71c, 0xe71c,
  0xe71c, 0xe71c, 0xe71c, 0xef1c, 0xef1c, 0xe6db, 0xde79, 0xd618, 0xde59, 0xeefb, 0xe6db, 0xdeba, 0xe6da, 0xde79, 0xd658, 0xde99,
  0xd678, 0xd678, 0xd658, 0xd657, 0xd637, 0xce16, 0xcdf6, 0xcdd5, 0xc5b5, 0xbd94, 0xe6da, 0x9cf3, 0x1082, 0x0000, 0x0000, 0x0000,
  0x0000, 0x0000, 0x0000, 0x0000, 0x0000, 0x0000, 0x0000, 0x0000, 0x0000, 0x0000, 0x0000, 0x0000, 0x0000, 0x0000, 0x0000, 0x0000,
  0x0000, 0x0000, 0x0000, 0x0000, 0x0000, 0x0000, 0x0000, 0x0000, 0x0000, 0x0000, 0x0000, 0x0000, 0x0000, 0x0000, 0x0000, 0x0000,
  0x0000, 0x0000, 0x0000, 0x0000, 0x0000, 0x0000, 0x0000, 0x0000, 0x0000, 0x0000, 0x0000, 0x0000, 0x8c91, 0xf79d, 0xc5f6, 0xbd94,
  0xc5b4, 0xcdb5, 0xcdf6, 0xd616, 0xd636, 0xd637, 0xd637, 0xd658, 0xde78, 0xde79, 0xde99, 0xde99, 0xdeba, 0xe6ba, 0xe6da, 0xe6db,
  0xe6db, 0xe6fb, 0xe6fb, 0xe6fc, 0xe6fc, 0xef3c, 0xde9a, 0xde9a, 0xef1c, 0xe71c, 0xe71c, 0xe71c, 0xe71c, 0xe71c, 0xe71c, 0xe71c,
  0xef1c, 0xe71c, 0xdebb, 0xde9a, 0xd67a, 0xde7a, 0xe69a, 0xde39, 0xd639, 0xef1c, 0xef9e, 0x957a, 0x09f1, 0x0a94, 0x02d5, 0x0316,
  0x0358, 0x0379, 0x03b9, 0x03da, 0x0c3b, 0x3d5c, 0x669f, 0x3dbc, 0x1cfa, 0x151b, 0x151b, 0x2ddd, 0x4ebf, 0x469e, 0x2e5d, 0x15ba,
  0x261b, 0x363b, 0x3e7b, 0x569b, 0x7f1d, 0x96fd, 0x432d, 0x0041, 0x0000, 0x0020, 0x0020, 0x0000, 0x0000, 0x0000, 0x0000, 0x0000,
  0x0000, 0x0000, 0x0000, 0x0000, 0x0000, 0x0000, 0x0000, 0x0000, 0x0820, 0x0820, 0x0820, 0x0000, 0x0062, 0x438e, 0x55f9, 0x3e7b,
  0x369c, 0x163c, 0x05ba, 0x0ddb, 0x0dbc, 0x15dd, 0x1d9d, 0x047a, 0x04bc, 0x0cfd, 0x0cdd, 0x045b, 0x049c, 0x1cfe, 0x14be, 0x043c,
  0x041a, 0x03b8, 0x0379, 0x0338, 0x02f7, 0x02b5, 0x0295, 0x0232, 0x3312, 0xd75f, 0xe75d, 0xe71c, 0xe71c, 0xe71d, 0xe71c, 0xe71c,
  0xe71c, 0xe71c, 0xe71c, 0xe71c, 0xe71c, 0xe71c, 0xe71c, 0xe71c, 0xe71c, 0xe71c, 0xe71c, 0xe71c, 0xe71c, 0xe71c, 0xef1c, 0xef1c,
  0xe6db, 0xde59, 0xeedb, 0xde79, 0xde9a, 0xe6db, 0xe6da, 0xdeba, 0xdeda, 0xde99, 0xd678, 0xde98, 0xd698, 0xd678, 0xd657, 0xd637,
  0xd636, 0xce16, 0xcdd5, 0xcdd5, 0xc595, 0xbd95, 0xef3c, 0x9cb2, 0x0000, 0x0000, 0x0000, 0x0000, 0x0000, 0x0000, 0x0000, 0x0000,
  0x0000, 0x0000, 0x0000, 0x0000, 0x0000, 0x0000, 0x0000, 0x0000, 0x0000, 0x0000, 0x0000, 0x0000, 0x0000, 0x0000, 0x0000, 0x0000,
  0x0000, 0x0000, 0x0000, 0x0000, 0x0000, 0x0000, 0x0000, 0x0000, 0x0000, 0x0000, 0x0000, 0x0000, 0x0000, 0x0000, 0x0000, 0x0000,
  0x0000, 0x0000, 0x0000, 0x0000, 0x0000, 0x0000, 0x0000, 0x0000, 0x31c6, 0xf7bd, 0xce37, 0xbd94, 0xc5b4, 0xc5b4, 0xcdf5, 0xcdf6,
  0xd616, 0xd637, 0xd637, 0xd658, 0xde78, 0xde79, 0xde99, 0xde99, 0xdeba, 0xe6ba, 0xe6da, 0xe6db, 0xe6db, 0xe6fb, 0xe6fb, 0xe6fc,
  0xe6fc, 0xef1c, 0xe6db, 0xe6db, 0xef1c, 0xe71c, 0xe71c, 0xe71c, 0xe71c, 0xe71c, 0xe71c, 0xe71c, 0xef3c, 0xe71c, 0xe6db, 0xe6fc,
  0xe6db, 0xef1c, 0xf71c, 0xf71d, 0xe69b, 0xeefb, 0xef7d, 0xbebd, 0x1230, 0x0253, 0x02b5, 0x02f6, 0x0317, 0x0b39, 0x0b79, 0x0bb9,
  0x353e, 0x45ff, 0x1479, 0x1498, 0x251a, 0x2d3c, 0x463e, 0x4e9f, 0x35dd, 0x25bc, 0x159b, 0x159a, 0x2e1c, 0x363b, 0x467c, 0x467b,
  0x5edc, 0x76dc, 0x96fc, 0x6cd3, 0x2a29, 0x0000, 0x0000, 0x0020, 0x0000, 0x0000, 0x0000, 0x0000, 0x0800, 0x0000, 0x0000, 0x0000,
  0x0000, 0x0800, 0x0820, 0x0000, 0x0000, 0x0000, 0x0042, 0x1a4a, 0x6576, 0x8f3e, 0x5e9c, 0x2dfa, 0x263b, 0x267d, 0x0dfb, 0x05bb,
  0x0dbc, 0x055b, 0x1d9d, 0x2dff, 0x14fc, 0x047b, 0x14fd, 0x0cbc, 0x045b, 0x045c, 0x0c7d, 0x0c9d, 0x041a, 0x0397, 0x0398, 0x0337,
  0x02f5, 0x02b4, 0x0273, 0x01ef, 0x7d39, 0xe79f, 0xe71c, 0xef1c, 0xe71c, 0xe71d, 0xe71c, 0xe71c, 0xe71c, 0xe71c, 0xe71c, 0xe71c,
  0xe71c, 0xe71c, 0xe71c, 0xe71c, 0xe71c, 0xe71c, 0xe71c, 0xe71c, 0xe71c, 0xe71c, 0xe71c, 0xef1c, 0xe6ba, 0xde9a, 0xeefb, 0xd638,
  0xe6db, 0xe6ba, 0xdeba, 0xdeda, 0xdeba, 0xde99, 0xde78, 0xd678, 0xd678, 0xd658, 0xd657, 0xce37, 0xce16, 0xcdf6, 0xcdf5, 0xcdd5,
  0xc595, 0xbdb5, 0xffbd, 0x39e7, 0x0000, 0x0000, 0x0000, 0x0000, 0x0000, 0x0000, 0x0000, 0x0000, 0x0000, 0x0000, 0x0000, 0x0000,
  0x0000, 0x0000, 0x0000, 0x0000, 0x0000, 0x0000, 0x0000, 0x0000, 0x0000, 0x0000, 0x0000, 0x0000, 0x0000, 0x0000, 0x0000, 0x0000,
  0x0000, 0x0000, 0x0000, 0x0000, 0x0000, 0x0000, 0x0000, 0x0000, 0x0000, 0x0000, 0x0000, 0x0000, 0x0000, 0x0000, 0x0000, 0x0000,
  0x0000, 0x0000, 0x0000, 0x0000, 0x39e7, 0xf79d, 0xd678, 0xc5b5, 0xc594, 0xcdd5, 0xcdd5, 0xcdf6, 0xd616, 0xd617, 0xd637, 0xd657,
  0xd678, 0xde79, 0xde99, 0xde99, 0xdeba, 0xe6ba, 0xe6da, 0xe6db, 0xe6db, 0xe6fb, 0xe6fb, 0xe6fc, 0xe71c, 0xe6bb, 0xe6db, 0xef1c,
  0xe71c, 0xe71c, 0xe71c, 0xe71c, 0xe71c, 0xe71c, 0xe71c, 0xe71c, 0xef3c, 0xe6fc, 0xef1c, 0xef3c, 0xef3c, 0xe71c, 0xef1c, 0xe6dc,
  0xcdf8, 0xf6fb, 0xef1c, 0xd73f, 0x32f2, 0x0211, 0x02b4, 0x02d5, 0x02f7, 0x0b17, 0x0b58, 0x34dd, 0x353e, 0x0419, 0x149a, 0x2d5c,
  0x359c, 0x4e3f, 0x35bd, 0x1d1b, 0x151b, 0x04fa, 0x157c, 0x2e5e, 0x2e1c, 0x467d, 0x3e3c, 0x469c, 0x4edc, 0x66fd, 0x665a, 0x8f3d,
  0x96fc, 0x64b3, 0x2229, 0x0061, 0x0000, 0x0000, 0x0000, 0x0000, 0x0000, 0x0000, 0x0020, 0x0020, 0x0020, 0x0000, 0x0000, 0x0041,
  0x0905, 0x32ac, 0x6536, 0x76bc, 0x5e9b, 0x56bd, 0x673f, 0x365c, 0x15fa, 0x161d, 0x15fc, 0x059b, 0x0dbc, 0x0d9d, 0x04fb, 0x0d1c,
  0x2ddf, 0x257e, 0x047b, 0x14dd, 0x0cbd, 0x043c, 0x043b, 0x041b, 0x0c1a, 0x03b8, 0x0356, 0x0316, 0x02d5, 0x0294, 0x0211, 0x2ad1,
  0xcf1f, 0xe71e, 0xef1c, 0xef1c, 0xe71c, 0xe71d, 0xe71c, 0xe71c, 0xe71c, 0xe71c, 0xe71c, 0xe71c, 0xe71c, 0xe71c, 0xe71c, 0xe71c,
  0xe71c, 0xe71c, 0xe71c, 0xe71c, 0xe71c, 0xe71c, 0xef1c, 0xef1c, 0xe6bb, 0xe6ba, 0xe6ba, 0xd638, 0xe6da, 0xe6ba, 0xe6fb, 0xdeba,
  0xdeba, 0xdeb9, 0xde79, 0xd678, 0xd678, 0xd657, 0xd657, 0xce36, 0xce16, 0xcdf6, 0xcdd5, 0xcdb4, 0xc594, 0xce17, 0xe71b, 0x2924,
  0x0000, 0x0000, 0x0000, 0x0000, 0x0000, 0x0000, 0x0000, 0x0000, 0x0000, 0x0000, 0x0000, 0x0000, 0x0000, 0x0000, 0x0000, 0x0000,
  0x0000, 0x0000, 0x0000, 0x0000, 0x0000, 0x0000, 0x0000, 0x0000, 0x0000, 0x0000, 0x0000, 0x0000, 0x0000, 0x0000, 0x0000, 0x0000,
  0x0000, 0x0000, 0x0000, 0x0000, 0x0000, 0x0000, 0x0000, 0x0000, 0x0000, 0x0000, 0x0000, 0x0000, 0x0000, 0x0000, 0x0000, 0x0000,
  0x0020, 0xbdf7, 0xe71b, 0xc5b5, 0xc5b4, 0xcdb4, 0xcdd5, 0xcdf6, 0xce16, 0xd617, 0xd637, 0xd657, 0xd678, 0xde79, 0xde99, 0xde99,
  0xdeba, 0xdeba, 0xe6ba, 0xe6db, 0xe6db, 0xe6db, 0xe6fc, 0xe6fc, 0xe6fc, 0xe6fb, 0xe6fc, 0xe71c, 0xe71c, 0xe71c, 0xe71c, 0xe71c,
  0xef1c, 0xe6fc, 0xef1c, 0xe71c, 0xef1c, 0xef1c, 0xef1c, 0xe6fb, 0xef1c, 0xe71c, 0xef1d, 0xe6dc, 0xd619, 0xf6db, 0xeefb, 0xf79f,
  0x9559, 0x01ce, 0x0293, 0x02b4, 0x02d5, 0x02f6, 0x2c3b, 0x247b, 0x03b7, 0x141a, 0x355e, 0x45bf, 0x4e1f, 0x1cdb, 0x043a, 0x151c,
  0x04fc, 0x0d3c, 0x15bd, 0x1dbc, 0x25dc, 0x2dbb, 0x3e7d, 0x363c, 0x467c, 0x3e1a, 0x5edc, 0x6f3d, 0x669a, 0x7f3d, 0x7e7a, 0x8dd7,
  0x53af, 0x2208, 0x0904, 0x0082, 0x0000, 0x0000, 0x0000, 0x0000, 0x0000, 0x00c3, 0x330c, 0x4431, 0x4d76, 0x7efd, 0x871d, 0x5edc,
  0x363a, 0x365c, 0x469d, 0x46de, 0x15da, 0x0dbc, 0x0ddc, 0x0d9c, 0x055b, 0x0d9d, 0x159e, 0x04db, 0x047b, 0x255e, 0x2d9f, 0x0c9c,
  0x0c7c, 0x043b, 0x03fa, 0x03da, 0x0399, 0x0378, 0x0336, 0x02f6, 0x02b5, 0x0a74, 0x01af, 0x8518, 0xef9f, 0xe71d, 0xef1c, 0xef1c,
  0xe71d, 0xe71d, 0xe71c, 0xe71c, 0xe71c, 0xe71c, 0xe71c, 0xe71c, 0xe71c, 0xe71c, 0xe71c, 0xe71c, 0xe71c, 0xe71c, 0xe71c, 0xe71c,
  0xe71c, 0xe71c, 0xef1c, 0xeefc, 0xe6fb, 0xe6db, 0xe6ba, 0xd638, 0xeefb, 0xe6ba, 0xe6db, 0xdeba, 0xdeb9, 0xdeb9, 0xde79, 0xd678,
  0xd678, 0xd658, 0xd657, 0xce37, 0xce16, 0xcdf6, 0xcdd5, 0xcdb5, 0xbd74, 0xe6ba, 0xbd96, 0x0000, 0x0000, 0x0000, 0x0000, 0x0000,
  0x0000, 0x0000, 0x0000, 0x0000, 0x0000, 0x0000, 0x0000, 0x0000, 0x0000, 0x0000, 0x0000, 0x0000, 0x0000, 0x0000, 0x0000, 0x0000,
  0x0000, 0x0000, 0x0000, 0x0000, 0x0000, 0x0000, 0x0000, 0x0000, 0x0000, 0x0000, 0x0000, 0x0000, 0x0000, 0x0000, 0x0000, 0x0000,
  0x0000, 0x0000, 0x0000, 0x0000, 0x0000, 0x0000, 0x0000, 0x0000, 0x0000, 0x0000, 0x0000, 0x0000, 0x0000, 0xa534, 0xef5c, 0xc5b5,
  0xc594, 0xcdb4, 0xcdd5, 0xcdf5, 0xcdf6, 0xd616, 0xd637, 0xd637, 0xd658, 0xd678, 0xde99, 0xde99, 0xde99, 0xdeba, 0xe6ba, 0xe6db,
  0xe6db, 0xe6db, 0xe6fb, 0xe6fc, 0xe71c, 0xe71c, 0xe71c, 0xe71c, 0xe71c, 0xe71c, 0xe71c, 0xe71c, 0xe6fc, 0xef1c, 0xe71c, 0xef3d,
  0xf73d, 0xef1c, 0xf71d, 0xeefc, 0xef3c, 0xe71c, 0xef1c, 0xe6db, 0xde59, 0xff3d, 0xff1c, 0xef1c, 0xe71f, 0x4b32, 0x0210, 0x0293,
  0x02d4, 0x1bf9, 0x241b, 0x0357, 0x0bd8, 0x247b, 0x34fd, 0x3d5e, 0x0c5b, 0x043a, 0x1d1e, 0x04bb, 0x051c, 0x0d5d, 0x0d5c, 0x157c,
  0x1d7b, 0x3e7e, 0x2dfc, 0x363d, 0x25db, 0x361b, 0x571e, 0x4edd, 0x467b, 0x4e7a, 0x5e9b, 0x975d, 0x9f3d, 0x869b, 0x7df9, 0x7db7,
  0x64b3, 0x5c51, 0x5c51, 0x6471, 0x74d3, 0x8e39, 0x971d, 0x563a, 0x363a, 0x467c, 0x5ebd, 0x46bc, 0x2e7c, 0x2e5c, 0x2e1b, 0x2e1c,
  0x2e5d, 0x0d5b, 0x0d7c, 0x0dbd, 0x053b, 0x053c, 0x157d, 0x1d7e, 0x14fd, 0x045b, 0x14bc, 0x2d7f, 0x14bc, 0x03fa, 0x03fa, 0x0399,
  0x0379, 0x0358, 0x02f6, 0x02d5, 0x0a94, 0x0211, 0x32d2, 0xdf1e, 0xe71d, 0xef1c, 0xef1c, 0xe71c, 0xe71d, 0xe71d, 0xe71c, 0xe71c,
  0xe71c, 0xe71c, 0xe71c, 0xe71c, 0xe71c, 0xe71c, 0xe71c, 0xe71c, 0xe71c, 0xe71c, 0xe71c, 0xe71c, 0xe71c, 0xef1c, 0xe6fb, 0xef3c,
  0xdeba, 0xe6ba, 0xe6ba, 0xde59, 0xe6db, 0xe6ba, 0xe6da, 0xdeba, 0xdeb9, 0xde99, 0xde78, 0xd658, 0xd678, 0xd657, 0xd637, 0xce16,
  0xce16, 0xcdf5, 0xcdf5, 0xc5b4, 0xbd53, 0xef1b, 0xd679, 0x0000, 0x0000, 0x0000, 0x0000, 0x0000, 0x0000, 0x0000, 0x0000, 0x0000,
  0x0000, 0x0000, 0x0000, 0x0000, 0x0000, 0x0000, 0x0000, 0x0000, 0x0000, 0x0000, 0x0000, 0x0000, 0x0000, 0x0000, 0x0000, 0x0000,
  0x0000, 0x0000, 0x0000, 0x0000, 0x0000, 0x0000, 0x0000, 0x0000, 0x0000, 0x0000, 0x0000, 0x0000, 0x0000, 0x0000, 0x0000, 0x0000,
  0x0000, 0x0000, 0x0000, 0x0000, 0x0000, 0x0000, 0x0000, 0x0000, 0x0000, 0x528a, 0xffbe, 0xcdf6, 0xc593, 0xc5b4, 0xcdd5, 0xcdd5,
  0xcdf6, 0xce16, 0xd617, 0xd637, 0xd658, 0xd678, 0xde79, 0xde99, 0xde99, 0xdeba, 0xe6ba, 0xe6da, 0xe6db, 0xe6db, 0xe6db, 0xe6fb,
  0xe6fc, 0xe71c, 0xe71c, 0xe71c, 0xe71c, 0xe71c, 0xe71c, 0xef1c, 0xe6fb, 0xde9a, 0xe71c, 0xe6db, 0xcdf8, 0xcdb7, 0xcdb7, 0xf71c,
  0xef1c, 0xef1c, 0xef1c, 0xef1c, 0xc5b7, 0xde19, 0xcd76, 0xcdb7, 0xcdb8, 0x94d8, 0x09ef, 0x0a31, 0x0ad4, 0x1397, 0x02f6, 0x0358,
  0x0b98, 0x249b, 0x3d5e, 0x145b, 0x03fa, 0x1cde, 0x0cbd, 0x0c9c, 0x1d9f, 0x0d5d, 0x0d5c, 0x157c, 0x363e, 0x2ddc, 0x25dc, 0x263d,
  0x0d9b, 0x367d, 0x46be, 0x2dfa, 0x469c, 0x467b, 0x5edd, 0x6ebc, 0x5e7b, 0x5e9b, 0x6edd, 0x76dc, 0x871d, 0x973e, 0x9f5e, 0x9f1c,
  0xa73d, 0x9f3d, 0x7efd, 0x3dfa, 0x263c, 0x265c, 0x369d, 0x365c, 0x267d, 0x15fc, 0x15fc, 0x0d7b, 0x15bd, 0x1dbd, 0x051b, 0x055c,
  0x0d9d, 0x04fb, 0x0cfc, 0x153d, 0x151e, 0x14fd, 0x045b, 0x0c5b, 0x251e, 0x145b, 0x03b9, 0x0378, 0x0357, 0x0337, 0x02d5, 0x0294,
  0x0a72, 0x0a0f, 0x9dba, 0xf75e, 0xeefc, 0xef1b, 0xe73c, 0xe73c, 0xe71d, 0xe71d, 0xe71c, 0xe71c, 0xe71c, 0xe71c, 0xe71c, 0xe71c,
  0xe71c, 0xe71c, 0xe71c, 0xe71c, 0xe71c, 0xe71c, 0xe71c, 0xe71c, 0xe71c, 0xe6fc, 0xef1c, 0xe6fb, 0xd659, 0xeedb, 0xeedb, 0xe679,
  0xde9a, 0xe6db, 0xdeba, 0xdeba, 0xde99, 0xde99, 0xd678, 0xd658, 0xd657, 0xd657, 0xce37, 0xce16, 0xcdf6, 0xc5d5, 0xcdd5, 0xc573,
  0xcdd5, 0xd638, 0x39e7, 0x0000, 0x0000, 0x0000, 0x0000, 0x0000, 0x0000, 0x0000, 0x0000, 0x0000, 0x0000, 0x0000, 0x0000, 0x0000,
  0x0000, 0x0000, 0x0000, 0x0000, 0x0000, 0x0000, 0x0000, 0x0000, 0x0000, 0x0000, 0x0000, 0x0000, 0x0000, 0x0000, 0x0000, 0x0000,
  0x0000, 0x0000, 0x0000, 0x0000, 0x0000, 0x0000, 0x0000, 0x0000, 0x0000, 0x0000, 0x0000, 0x0000, 0x0000, 0x0000, 0x0000, 0x0000,
  0x0000, 0x0000, 0x0000, 0x0000, 0x0000, 0x39c7, 0xe71c, 0xde99, 0xc594, 0xc5b4, 0xcdd5, 0xcdd5, 0xcdf6, 0xce16, 0xce16, 0xd637,
  0xd658, 0xd678, 0xde78, 0xde99, 0xde99, 0xdeba, 0xdeba, 0xe6da, 0xe6db, 0xe6db, 0xe6db, 0xe6db, 0xe6fb, 0xe6fc, 0xe71c, 0xe71c,
  0xe71c, 0xe71c, 0xe71c, 0xe71c, 0xe71c, 0xe6fb, 0xde9a, 0xd659, 0xde7a, 0xf6fc, 0xc556, 0xe67a, 0xf71d, 0xef1c, 0xef1c, 0xef1c,
  0xeefc, 0xde19, 0xf6db, 0xfebb, 0xf65a, 0xc4f7, 0x4a70, 0x1a10, 0x0a93, 0x02b4, 0x02f6, 0x02f7, 0x0b78, 0x2cfd, 0x0bf9, 0x03d9,
  0x0c5d, 0x1cde, 0x041b, 0x2d5f, 0x157e, 0x051c, 0x053b, 0x261e, 0x1d9c, 0x155b, 0x2e3e, 0x0d9b, 0x0dbb, 0x369e, 0x2e1c, 0x2e1b,
  0x2dfa, 0x469c, 0x465c, 0x66fe, 0x4e5b, 0x56bd, 0x4e9c, 0x4e5b, 0x667b, 0x76bc, 0x7edc, 0x7ebb, 0x8edc, 0x86dd, 0x6ebd, 0x4e7d,
  0x159a, 0x0ddb, 0x161c, 0x263d, 0x1dfc, 0x0ddc, 0x057b, 0x057c, 0x051c, 0x157d, 0x155d, 0x04bb, 0x0d5d, 0x155d, 0x04bb, 0x0cbc,
  0x0cbd, 0x0cbd, 0x14bd, 0x043b, 0x0c1a, 0x24bd, 0x13fa, 0x0336, 0x0316, 0x02f6, 0x02b4, 0x0ab3, 0x01ef, 0x4bb3, 0xdf9f, 0xef1c,
  0xef1b, 0xe71c, 0xdf3c, 0xdf3c, 0xe73d, 0xe71c, 0xe71c, 0xe71c, 0xe73c, 0xef1c, 0xef1c, 0xe71c, 0xe71c, 0xe71c, 0xe71c, 0xe71c,
  0xe71c, 0xe71c, 0xe71c, 0xe71c, 0xe71c, 0xe6fc, 0xe6db, 0xd679, 0xeefb, 0xe6db, 0xe6db, 0xe6ba, 0xde79, 0xe6da, 0xe6ba, 0xdeb9,
  0xde99, 0xde99, 0xd678, 0xd658, 0xd657, 0xd637, 0xce37, 0xce16, 0xcdf6, 0xc5d5, 0xcdd5, 0xbd73, 0xd637, 0xde99, 0x0841, 0x0000,
  0x0000, 0x0000, 0x0000, 0x0000, 0x0000, 0x0000, 0x0000, 0x0000, 0x0000, 0x0000, 0x0000, 0x0000, 0x0000, 0x0000, 0x0000, 0x0000,
  0x0000, 0x0000, 0x0000, 0x0000, 0x0000, 0x0000, 0x0000, 0x0000, 0x0000, 0x0000, 0x0000, 0x0000, 0x0000, 0x0000, 0x0000, 0x0000,
  0x0000, 0x0000, 0x0000, 0x0000, 0x0000, 0x0000, 0x0000, 0x0000, 0x0000, 0x0000, 0x0000, 0x0000, 0x0000, 0x0000, 0x0000, 0x0000,
  0x0000, 0x0000, 0xce38, 0xe6fb, 0xbd95, 0xc5b4, 0xcdd5, 0xcdd5, 0xcdf6, 0xce16, 0xce16, 0xd637, 0xd657, 0xd658, 0xde78, 0xde99,
  0xdeb9, 0xdeb9, 0xdeba, 0xdeda, 0xdedb, 0xdedb, 0xdedb, 0xe6db, 0xe71c, 0xe71c, 0xdf1c, 0xdf1c, 0xe71c, 0xe71c, 0xe73c, 0xe71c,
  0xe71c, 0xef1c, 0xef1c, 0xef1d, 0xef1c, 0xff5d, 0xd597, 0xddf8, 0xf73d, 0xeefc, 0xe71c, 0xe73b, 0xff3c, 0xfefc, 0xe556, 0xc36f,
  0xb28b, 0xa1e9, 0x926d, 0x420f, 0x1232, 0x02b4, 0x02d5, 0x0316, 0x243a, 0x0bd9, 0x0378, 0x03da, 0x0c1c, 0x041b, 0x149c, 0x35bf,
  0x0cfc, 0x157d, 0x159d, 0x055c, 0x157c, 0x363f, 0x0d1c, 0x0d1b, 0x2dfc, 0x3e9f, 0x155b, 0x25fc, 0x25fa, 0x3ebd, 0x3e7d, 0x465d,
  0x3e1c, 0x5f3f, 0x3e5c, 0x35fa, 0x5e9c, 0x6edd, 0x6ebd, 0x7edd, 0x86dd, 0x7efe, 0x4e1b, 0x4ebe, 0x157a, 0x057b, 0x0d9b, 0x25fd,
  0x157b, 0x159c, 0x053b, 0x053c, 0x04fc, 0x047a, 0x251d, 0x1cfd, 0x047a, 0x153d, 0x1d5e, 0x047b, 0x0cbd, 0x047d, 0x043c, 0x0c1c,
  0x03b9, 0x0398, 0x1c3a, 0x1398, 0x02b5, 0x02d5, 0x02b4, 0x0231, 0x2290, 0xcedd, 0xef7e, 0xef3c, 0xef1c, 0xef3d, 0xef5d, 0xef3d,
  0xef3c, 0xe71c, 0xef1c, 0xe71c, 0xe73c, 0xef1c, 0xeefc, 0xe71c, 0xe71c, 0xe71c, 0xe71c, 0xe71c, 0xe71c, 0xe71c, 0xe71c, 0xe71c,
  0xef1c, 0xeefc, 0xd679, 0xe6db, 0xeefb, 0xe6db, 0xe6db, 0xe6db, 0xde9a, 0xde79, 0xe6ba, 0xe6ba, 0xde99, 0xde99, 0xde78, 0xd678,
  0xd657, 0xd637, 0xce16, 0xce16, 0xcdf5, 0xcdd5, 0xcdd5, 0xbd74, 0xce37, 0xffff, 0x5aaa, 0x0000, 0x0020, 0x0000, 0x0000, 0x0000,
  0x0000, 0x0000, 0x0000, 0x0000, 0x0000, 0x0000, 0x0000, 0x0000, 0x0000, 0x0000, 0x0000, 0x0000, 0x0000, 0x0000, 0x0000, 0x0000,
  0x0000, 0x0000, 0x0000, 0x0000, 0x0000, 0x0000, 0x0000, 0x0000, 0x0000, 0x0000, 0x0000, 0x0000, 0x0000, 0x0000, 0x0000, 0x0000,
  0x0000, 0x0000, 0x0000, 0x0000, 0x0000, 0x0000, 0x0000, 0x0000, 0x0000, 0x0000, 0x0000, 0x0000, 0x0000, 0x0000, 0x9cf3, 0xef5c,
  0xc5f6, 0xbd94, 0xc5b4, 0xcdd5, 0xcdf5, 0xcdf6, 0xce16, 0xd637, 0xd657, 0xd658, 0xd678, 0xde99, 0xde99, 0xdeb9, 0xdeba, 0xdeda,
  0xe6ba, 0xe6bb, 0xe6db, 0xe6db, 0xe6fb, 0xe6fc, 0xe71c, 0xe6fc, 0xe71c, 0xe73c, 0xe6fc, 0xe71c, 0xe71c, 0xe71c, 0xe71c, 0xe71c,
  0xe71c, 0xf75d, 0xcdb7, 0xde39, 0xf71d, 0xe71c, 0xe73c, 0xf75c, 0xee38, 0xb36e, 0x99c9, 0xa20a, 0xb2ac, 0xb30d, 0xa2ed, 0x726e,
  0x3a0f, 0x1231, 0x0294, 0x0316, 0x1357, 0x0336, 0x0378, 0x0399, 0x03da, 0x03fa, 0x251e, 0x149b, 0x14fc, 0x1d3d, 0x1d5e, 0x04bb,
  0x1d3d, 0x14bb, 0x043a, 0x0cbb, 0x35fe, 0x14fb, 0x0cba, 0x0d1b, 0x1dfc, 0x25fc, 0x2e3d, 0x157a, 0x25dc, 0x365e, 0x155a, 0x25fb,
  0x3e5d, 0x465c, 0x567d, 0x5e3b, 0x667c, 0x66de, 0x359a, 0x3e5d, 0x1d7b, 0x051b, 0x053b, 0x1d9c, 0x155c, 0x0d3b, 0x053c, 0x04db,
  0x04fc, 0x04bc, 0x041a, 0x1d1e, 0x0cbc, 0x047b, 0x14fd, 0x1d5e, 0x047c, 0x041b, 0x041b, 0x03ba, 0x0399, 0x0378, 0x0337, 0x13b8,
  0x0336, 0x02b4, 0x0271, 0x11ad, 0x9cb7, 0xf6bc, 0xf618, 0xf5f9, 0xf619, 0xf65a, 0xf65a, 0xf659, 0xf69a, 0xff1c, 0xff3c, 0xf75c,
  0xe71b, 0xe6fc, 0xef1c, 0xe71c, 0xe71c, 0xe71c, 0xe71c, 0xe71c, 0xe71c, 0xe71c, 0xe71c, 0xe71c, 0xef1c, 0xe6bb, 0xe6fb, 0xeefc,
  0xe6fb, 0xe6fb, 0xe6db, 0xe6db, 0xe6db, 0xde99, 0xde99, 0xdeb9, 0xde99, 0xde99, 0xd678, 0xd658, 0xd657, 0xd637, 0xce16, 0xcdf6,
  0xcdf5, 0xcdd5, 0xc5d5, 0xbd95, 0xef1b, 0xe71b, 0x0841, 0x0000, 0x0000, 0x0000, 0x0000, 0x0000, 0x0000, 0x0000, 0x0000, 0x0000,
  0x0000, 0x0000, 0x0000, 0x0000, 0x0000, 0x0000, 0x0000, 0x0000, 0x0000, 0x0000, 0x0000, 0x0000, 0x0000, 0x0000, 0x0000, 0x0000,
  0x0000, 0x0000, 0x0000, 0x0000, 0x0000, 0x0000, 0x0000, 0x0000, 0x0000, 0x0000, 0x0000, 0x0000, 0x0000, 0x0000, 0x0000, 0x0000,
  0x0000, 0x0000, 0x0000, 0x0000, 0x0000, 0x0000, 0x0000, 0x0000, 0x0020, 0x0000, 0x632c, 0xffbe, 0xce38, 0xbd95, 0xc5b4, 0xcdd5,
  0xcdf5, 0xcdf6, 0xce16, 0xce16, 0xd637, 0xd657, 0xd658, 0xde79, 0xde99, 0xde99, 0xdeba, 0xdeba, 0xe6bb, 0xe6bb, 0xe6db, 0xe6db,
  0xe6db, 0xe6db, 0xe6db, 0xe6db, 0xe6fc, 0xef1c, 0xef3c, 0xef1c, 0xe71c, 0xe71c, 0xe71c, 0xe71c, 0xe71c, 0xf75d, 0xcdf7, 0xe67a,
  0xf6fc, 0xeefc, 0xff1c, 0xe555, 0x9a6a, 0x9a29, 0xd3f1, 0xf5b7, 0xfebb, 0xfebb, 0xfe7b, 0xcc74, 0x722d, 0x29cd, 0x0a52, 0x02b5,
  0x02b5, 0x02f6, 0x0337, 0x0378, 0x0398, 0x145b, 0x1c9c, 0x147b, 0x251d, 0x1cdd, 0x14bc, 0x045c, 0x14bd, 0x03fa, 0x03f9, 0x2d7e,
  0x253d, 0x03fa, 0x0cbc, 0x04bb, 0x1dfe, 0x1dbd, 0x159d, 0x053b, 0x1ddd, 0x1dbd, 0x04f9, 0x1dfd, 0x25fc, 0x1dbb, 0x3e3c, 0x3dba,
  0x4e5d, 0x4e9e, 0x259b, 0x2ddc, 0x25be, 0x047a, 0x04db, 0x0cbb, 0x1d5e, 0x047a, 0x04dc, 0x04bb, 0x04dc, 0x0cdd, 0x043b, 0x045b,
  0x0cdd, 0x047b, 0x045b, 0x0c9c, 0x14be, 0x0c3c, 0x03ba, 0x0399, 0x0378, 0x0337, 0x0316, 0x02f5, 0x0b36, 0x0a93, 0x19ef, 0x622e,
  0xa2ad, 0xaa6b, 0xb24b, 0xb22b, 0xb22a, 0xaa4b, 0xaa8c, 0xaaac, 0xbb0d, 0xd411, 0xdcf4, 0xf639, 0xff1c, 0xf71c, 0xeefb, 0xe71c,
  0xe71c, 0xe71c, 0xe71c, 0xe71c, 0xe71c, 0xe71c, 0xe71c, 0xe71c, 0xef1c, 0xe6db, 0xe6fb, 0xe6fb, 0xe6fb, 0xe6fb, 0xe6db, 0xe6db,
  0xe6ba, 0xe6ba, 0xde99, 0xde99, 0xde99, 0xd678, 0xd678, 0xd658, 0xd637, 0xce16, 0xcdf6, 0xcdf6, 0xcdd5, 0xcdb5, 0xc594, 0xc5f6,
  0xdeba, 0x5acb, 0x0000, 0x0000, 0x0000, 0x0000, 0x0000, 0x0000, 0x0000, 0x0000, 0x0000, 0x0000, 0x0000, 0x0000, 0x0000, 0x0000,
  0x0000, 0x0000, 0x0000, 0x0000, 0x0000, 0x0000, 0x0000, 0x0000, 0x0000, 0x0000, 0x0000, 0x0000, 0x0000, 0x0000, 0x0000, 0x0000,
  0x0000, 0x0000, 0x0000, 0x0000, 0x0000, 0x0000, 0x0000, 0x0000, 0x0000, 0x0000, 0x0000, 0x0000, 0x0000, 0x0000, 0x0000, 0x0000,
  0x0000, 0x0000, 0x0000, 0x0000, 0x0000, 0x0000, 0x2965, 0xef3c, 0xdeba, 0xbdb5, 0xc594, 0xc5b5, 0xcdd5, 0xcdf5, 0xce16, 0xd637,
  0xd637, 0xd658, 0xd658, 0xd658, 0xde99, 0xde99, 0xde99, 0xde9a, 0xde9a, 0xde9a, 0xdeba, 0xdedb, 0xe6fb, 0xe6fb, 0xdeba, 0xde9a,
  0xe6bb, 0xcdf8, 0xde9a, 0xf71d, 0xef1c, 0xef3c, 0xe71c, 0xe71c, 0xef1c, 0xf75d, 0xcdb7, 0xd5b7, 0xff1d, 0xfefc, 0xe4d5, 0xaa0a,
  0xb2ed, 0xed96, 0xff1c, 0xf73c, 0xe73c, 0xeefc, 0xfedc, 0xbbaf, 0xa32f, 0xa4f8, 0x09ef, 0x0293, 0x02b5, 0x02b5, 0x02f6, 0x0336,
  0x0377, 0x1c5b, 0x0bd9, 0x24bd, 0x147b, 0x1cfd, 0x043b, 0x14df, 0x0c3d, 0x03da, 0x0c7c, 0x359f, 0x03ba, 0x0c1b, 0x043b, 0x0cdc,
  0x1dbe, 0x157d, 0x04fb, 0x051b, 0x1dde, 0x155c, 0x04da, 0x1ddd, 0x15dc, 0x15bb, 0x363d, 0x35db, 0x363c, 0x46be, 0x1dbb, 0x155b,
  0x2dde, 0x045b, 0x043b, 0x041b, 0x1cde, 0x0c5b, 0x047c, 0x049c, 0x0c9d, 0x0cbd, 0x045c, 0x041b, 0x0c9d, 0x0cbd, 0x043c, 0x03fb,
  0x041b, 0x0c3b, 0x03ba, 0x0379, 0x0357, 0x0316, 0x02d5, 0x02b4, 0x0a74, 0x09f1, 0x3a0f, 0x8aae, 0xa20a, 0xaa0a, 0xb26b, 0xb26b,
  0xbacc, 0xcb2e, 0xbacc, 0xb2ac, 0xb26b, 0xb22a, 0xb24b, 0xb2ed, 0xcc72, 0xf65a, 0xff1c, 0xeefc, 0xe71d, 0xe71c, 0xe71c, 0xe71c,
  0xe71c, 0xe71c, 0xe71c, 0xe71c, 0xe6fb, 0xeefb, 0xde9a, 0xe6fb, 0xe6db, 0xe6db, 0xe6db, 0xe6db, 0xe6ba, 0xdeba, 0xde99, 0xde99,
  0xde79, 0xd678, 0xd658, 0xd658, 0xd637, 0xce16, 0xce16, 0xcdf5, 0xcdd5, 0xcdd5, 0xbd94, 0xce38, 0xef5d, 0x39c7, 0x0000, 0x0000,
  0x0000, 0x0000, 0x0000, 0x0000, 0x0000, 0x0000, 0x0000, 0x0000, 0x0000, 0x0000, 0x0000, 0x0000, 0x0000, 0x0000, 0x0000, 0x0000,
  0x0000, 0x0000, 0x0000, 0x0000, 0x0000, 0x0000, 0x0000, 0x0000, 0x0000, 0x0000, 0x0000, 0x0000, 0x0000, 0x0000, 0x0000, 0x0000,
  0x0000, 0x0000, 0x0000, 0x0000, 0x0000, 0x0000, 0x0000, 0x0000, 0x0000, 0x0000, 0x0000, 0x0000, 0x0000, 0x0000, 0x0000, 0x0000,
  0x0000, 0x0000, 0x0000, 0x94b2, 0xef7d, 0xbdd6, 0xc594, 0xc5b4, 0xcdd5, 0xcdf5, 0xce16, 0xce16, 0xd637, 0xd658, 0xd658, 0xd658,
  0xd658, 0xd638, 0xd618, 0xde79, 0xde9a, 0xdeba, 0xde9a, 0xd659, 0xe6ba, 0xe71b, 0xe6fb, 0xe6db, 0xe6db, 0xeedc, 0xcdb7, 0xde59,
  0xf73d, 0xe6fc, 0xe6fc, 0xeefc, 0xeefc, 0xef1c, 0xee7a, 0xb452, 0xe536, 0xd493, 0x9a2a, 0xbb4f, 0xfe7a, 0xf73c, 0xe71b, 0xe73b,
  0xe71c, 0xff5d, 0xd515, 0x926a, 0xf639, 0xffbf, 0x74d7, 0x01ae, 0x0273, 0x0294, 0x02b5, 0x02f5, 0x0bb8, 0x0bb8, 0x13f9, 0x1c3b,
  0x147b, 0x0c5b, 0x045c, 0x0c9e, 0x03fc, 0x041c, 0x1d1f, 0x147c, 0x03bb, 0x0c1c, 0x03da, 0x151d, 0x0d1d, 0x0cdc, 0x049b, 0x04fc,
  0x155d, 0x0cdb, 0x04ba, 0x1dbd, 0x0d9b, 0x0d7b, 0x2e1c, 0x1d9b, 0x2e1c, 0x367d, 0x159b, 0x04fa, 0x1d5e, 0x0c5c, 0x03dc, 0x037b,
  0x141d, 0x147e, 0x03fc, 0x041c, 0x0c7d, 0x0c9d, 0x14bd, 0x041b, 0x0c5c, 0x0c9d, 0x041b, 0x03fb, 0x03b9, 0x0399, 0x0379, 0x0337,
  0x0316, 0x02f5, 0x02b4, 0x0a93, 0x01f0, 0x2a91, 0xbdfc, 0xe61a, 0xf5b7, 0xf5f8, 0xf65a, 0xf659, 0xf699, 0xfeda, 0xfe59, 0xf638,
  0xf618, 0xd431, 0xc26c, 0xc28c, 0xaa6b, 0xab4e, 0xdd97, 0xff1d, 0xeefc, 0xef1c, 0xe71c, 0xe71c, 0xe71c, 0xe71c, 0xe71c, 0xe6fc,
  0xe6fc, 0xeefc, 0xe6ba, 0xdeba, 0xe6fb, 0xe6db, 0xe6db, 0xe6bb, 0xe6ba, 0xdeba, 0xde99, 0xde99, 0xde79, 0xd678, 0xd658, 0xd657,
  0xd637, 0xce16, 0xcdf6, 0xcdf5, 0xcdd5, 0xc5b4, 0xbdb4, 0xd69a, 0xef7d, 0x2965, 0x0000, 0x0000, 0x0000, 0x0000, 0x0000, 0x0000,
  0x0000, 0x0000, 0x0000, 0x0000, 0x0000, 0x0000, 0x0000, 0x0000, 0x0000, 0x0000, 0x0000, 0x0000, 0x0000, 0x0000, 0x0000, 0x0000,
  0x0000, 0x0000, 0x0000, 0x0000, 0x0000, 0x0000, 0x0000, 0x0000, 0x0000, 0x0000, 0x0000, 0x0000, 0x0000, 0x0000, 0x0000, 0x0000,
  0x0000, 0x0000, 0x0000, 0x0000, 0x0000, 0x0000, 0x0000, 0x0000, 0x0000, 0x0000, 0x0000, 0x0000, 0x0000, 0x0000, 0x0000, 0x528a,
  0xef5d, 0xce38, 0xc594, 0xc5b4, 0xc5d5, 0xcdd5, 0xcdf6, 0xce16, 0xce37, 0xce37, 0xd658, 0xd658, 0xde58, 0xde99, 0xe6ba, 0xe69a,
  0xde79, 0xde59, 0xe659, 0xe67a, 0xde39, 0xe6ba, 0xe6fb, 0xe6fb, 0xe6fc, 0xef1c, 0xeedc, 0xbd35, 0xde5a, 0xf71d, 0xeefc, 0xe71c,
  0xe6fc, 0xeefc, 0xf6fc, 0xf63a, 0xbb6f, 0x9a0a, 0xb3d0, 0xf6bb, 0xf71c, 0xe6fc, 0xe73c, 0xe71c, 0xf71c, 0xfedb, 0x9aec, 0xd514,
  0xff5d, 0xe73d, 0xdf7f, 0x6454, 0x01ce, 0x0a93, 0x0293, 0x02f5, 0x0b77, 0x0336, 0x13f9, 0x0bd9, 0x141a, 0x03da, 0x0c7d, 0x043c,
  0x03db, 0x0c5d, 0x149e, 0x03bb, 0x0bdd, 0x039c, 0x03bb, 0x1d1e, 0x0c9c, 0x047c, 0x045c, 0x0cbc, 0x0cdd, 0x047b, 0x049b, 0x157d,
  0x055c, 0x0d5b, 0x25dd, 0x151b, 0x1d9c, 0x361d, 0x153b, 0x04dc, 0x0cdd, 0x0c5d, 0x037c, 0x035c, 0x033b, 0x141e, 0x03dd, 0x0bfc,
  0x03fb, 0x0c9d, 0x14be, 0x0c5c, 0x03fb, 0x043c, 0x03db, 0x03ba, 0x0379, 0x0358, 0x0337, 0x02f6, 0x02d5, 0x02b4, 0x0293, 0x0210,
  0x1a70, 0xb69d, 0xef9f, 0xf73c, 0xf73c, 0xf73c, 0xf75d, 0xef1c, 0xe73c, 0xef5c, 0xf73c, 0xef1b, 0xf73d, 0xf6bb, 0xbb0d, 0xcb0e,
  0xdc53, 0xb32e, 0xa30d, 0xd515, 0xff1c, 0xeefc, 0xe71c, 0xe71c, 0xe71c, 0xe71c, 0xe71c, 0xe6fc, 0xef1c, 0xe6fb, 0xeefb, 0xe6db,
  0xe6db, 0xe6db, 0xe6bb, 0xe6ba, 0xdeba, 0xde9a, 0xde99, 0xde99, 0xd678, 0xd678, 0xd658, 0xd657, 0xd637, 0xce16, 0xcdf6, 0xcdf5,
  0xcdb5, 0xc594, 0xc5d5, 0xef7d, 0xb5b6, 0x0000, 0x0000, 0x0000, 0x0000, 0x0000, 0x0000, 0x0000, 0x0000, 0x0000, 0x0000, 0x0000,
  0x0000, 0x0000, 0x0000, 0x0000, 0x0000, 0x0000, 0x0000, 0x0000, 0x0000, 0x0000, 0x0000, 0x0000, 0x0000, 0x0000, 0x0000, 0x0000,
  0x0000, 0x0000, 0x0000, 0x0000, 0x0000, 0x0000, 0x0000, 0x0000, 0x0000, 0x0000, 0x0000, 0x0000, 0x0000, 0x0000, 0x0000, 0x0000,
  0x0000, 0x0000, 0x0000, 0x0000, 0x0000, 0x0000, 0x0000, 0x0000, 0x0000, 0x0000, 0x0000, 0x1082, 0xe71c, 0xde99, 0xc5b4, 0xc594,
  0xc5b5, 0xcdd5, 0xcdf6, 0xce16, 0xce37, 0xce37, 0xd637, 0xd658, 0xde58, 0xde99, 0xde59, 0xcdf7, 0xcdd7, 0xd5d7, 0xcd76, 0xd556,
  0xcd15, 0xc535, 0xf6fb, 0xeefb, 0xe6fc, 0xe6db, 0xf71c, 0xeebb, 0xb515, 0xe67a, 0xf73d, 0xe73c, 0xe71c, 0xef3d, 0xff3d, 0xe5b8,
  0xaacd, 0xcb90, 0xfebb, 0xf73d, 0xef1d, 0xef1d, 0xef1d, 0xef1c, 0xf75c, 0xd575, 0xab2d, 0xfedb, 0xef3c, 0xdf1b, 0xe73c, 0xe7bf,
  0x5c35, 0x01cf, 0x0273, 0x02b4, 0x02f5, 0x0336, 0x0b97, 0x0b97, 0x0b78, 0x03b9, 0x0c1b, 0x039a, 0x03bb, 0x03fc, 0x0c1d, 0x039c,
  0x039d, 0x033c, 0x0bfd, 0x149e, 0x045d, 0x03fc, 0x0c3d, 0x043c, 0x0cbd, 0x045b, 0x049c, 0x0d7e, 0x053c, 0x051c, 0x1d7d, 0x0d1c,
  0x0cfc, 0x361e, 0x0cfc, 0x04bd, 0x045c, 0x0c3e, 0x033c, 0x031c, 0x031c, 0x037d, 0x0bfe, 0x0bfd, 0x039a, 0x0c3c, 0x0c7c, 0x24de,
  0x0bfb, 0x03ba, 0x03ba, 0x0399, 0x0358, 0x0337, 0x0317, 0x02d6, 0x02b5, 0x0293, 0x0231, 0x1a90, 0xb67c, 0xe77e, 0xe6fb, 0xeefb,
  0xef1c, 0xe71c, 0xe6fb, 0xeefc, 0xe71c, 0xe71c, 0xef1c, 0xe73c, 0xe6fb, 0xf71d, 0xdcd4, 0xaaab, 0xfdf9, 0xf5d8, 0xbb8f, 0xa2ed,
  0xe597, 0xf71c, 0xe71c, 0xe71c, 0xe71c, 0xef1c, 0xe71c, 0xe6fc, 0xe6fc, 0xeefb, 0xe6db, 0xeefb, 0xe6bb, 0xe6bb, 0xe6ba, 0xdeba,
  0xde9a, 0xde99, 0xde99, 0xde79, 0xd678, 0xd678, 0xd658, 0xd637, 0xce37, 0xce16, 0xcdf5, 0xcdd5, 0xc5d5, 0xc5b4, 0xce37, 0xffff,
  0x738e, 0x0000, 0x0020, 0x0000, 0x0000, 0x0000, 0x0000, 0x0000, 0x0000, 0x0000, 0x0000, 0x0000, 0x0000, 0x0000, 0x0000, 0x0000,
  0x0000, 0x0000, 0x0000, 0x0000, 0x0000, 0x0000, 0x0000, 0x0000, 0x0000, 0x0000, 0x0000, 0x0000, 0x0000, 0x0000, 0x0000, 0x0000,
  0x0000, 0x0000, 0x0000, 0x0000, 0x0000, 0x0000, 0x0000, 0x0000, 0x0000, 0x0000, 0x0000, 0x0000, 0x0000, 0x0000, 0x0000, 0x0000,
  0x0000, 0x0000, 0x0000, 0x0000, 0x0000, 0x0000, 0x0000, 0x0861, 0xbdf7, 0xef3c, 0xc5d6, 0xc5b4, 0xc5d4, 0xcdd5, 0xcdf5, 0xce15,
  0xce16, 0xce17, 0xce37, 0xd658, 0xd678, 0xd637, 0xd638, 0xde79, 0xdeba, 0xe6da, 0xe6ba, 0xee9a, 0xddf8, 0xc4d4, 0xccf4, 0xee39,
  0xf6fc, 0xef1c, 0xe6db, 0xef1c, 0xe69a, 0xbd14, 0xd597, 0xe69a, 0xee9a, 0xedd8, 0xdcb4, 0xa2cc, 0xbc11, 0xfebb, 0xef3c, 0xe71c,
  0xef1c, 0xef1d, 0xe73d, 0xe71c, 0xff7d, 0xb431, 0xcc93, 0xff5d, 0xe71c, 0xef1d, 0xe71c, 0xe71c, 0xef7e, 0x6c35, 0x09ee, 0x0a73,
  0x0295, 0x02f6, 0x02f6, 0x0b36, 0x0336, 0x0b98, 0x03ba, 0x037a, 0x037a, 0x0bbc, 0x03bc, 0x037c, 0x035c, 0x033b, 0x143e, 0x0c3d,
  0x0c1d, 0x03fd, 0x03dc, 0x03fc, 0x0c7d, 0x045c, 0x049c, 0x153e, 0x04dc, 0x04dc, 0x155e, 0x0cfd, 0x04bb, 0x35de, 0x14bb, 0x0c7d,
  0x03fc, 0x0bfd, 0x035d, 0x02db, 0x02fc, 0x033d, 0x037d, 0x13fd, 0x037b, 0x039b, 0x141b, 0x1c9c, 0x249c, 0x0378, 0x0358, 0x0358,
  0x0b16, 0x02f6, 0x02f6, 0x02b5, 0x0ab4, 0x0210, 0x2270, 0xb65c, 0xef7e, 0xe71c, 0xe71c, 0xe71c, 0xe71d, 0xe71d, 0xe71d, 0xef1d,
  0xeefc, 0xef1c, 0xe71c, 0xe71c, 0xeefc, 0xf73d, 0xe5b7, 0xa28b, 0xed77, 0xff5e, 0xf639, 0xb38f, 0xbb6f, 0xf63a, 0xef1c, 0xe71c,
  0xe71d, 0xeefc, 0xeefc, 0xe6fb, 0xe6fb, 0xeefc, 0xe6db, 0xe6db, 0xe6db, 0xe6ba, 0xe6da, 0xdeba, 0xdeba, 0xde99, 0xde99, 0xde78,
  0xde78, 0xd658, 0xd637, 0xd637, 0xce16, 0xcdf6, 0xcdf5, 0xc5d5, 0xc5b4, 0xc5b4, 0xdeb9, 0xdefb, 0x18e3, 0x0000, 0x0000, 0x0000,
  0x0000, 0x0000, 0x0000, 0x0000, 0x0000, 0x0000, 0x0000, 0x0000, 0x0000, 0x0000, 0x0000, 0x0000, 0x0000, 0x0000, 0x0000, 0x0000,
  0x0000, 0x0000, 0x0000, 0x0000, 0x0000, 0x0000, 0x0000, 0x0000, 0x0000, 0x0000, 0x0000, 0x0000, 0x0000, 0x0000, 0x0000, 0x0000,
  0x0000, 0x0000, 0x0000, 0x0000, 0x0000, 0x0000, 0x0000, 0x0000, 0x0000, 0x0000, 0x0000, 0x0000, 0x0000, 0x0000, 0x0000, 0x0000,
  0x0000, 0x0000, 0x0000, 0x0000, 0x4a49, 0xf77d, 0xd658, 0xc5b4, 0xc5b4, 0xc5b5, 0xcdd5, 0xce15, 0xce16, 0xce37, 0xce37, 0xd637,
  0xce37, 0xd658, 0xde99, 0xde99, 0xdeb9, 0xdeba, 0xdeda, 0xe6da, 0xeedb, 0xf6bb, 0xd5d7, 0xbcb3, 0xcd15, 0xee7a, 0xff1c, 0xf6fc,
  0xfefc, 0xf6bb, 0xcd35, 0xd556, 0xcc93, 0xab0d, 0xa28c, 0xc432, 0xfedb, 0xf73c, 0xe71c, 0xe73c, 0xef1c, 0xe71c, 0xe71d, 0xef1d,
  0xfefc, 0xabaf, 0xe5b8, 0xf75d, 0xe71c, 0xef1d, 0xe71d, 0xe71c, 0xf75d, 0xde5c, 0x424e, 0x11ce, 0x0a32, 0x0ab4, 0x0294, 0x02f6,
  0x0316, 0x0337, 0x0358, 0x0338, 0x0339, 0x0b7a, 0x035a, 0x031a, 0x02fb, 0x037c, 0x143e, 0x03fc, 0x03fd, 0x03bc, 0x03bc, 0x03fc,
  0x0c5d, 0x041c, 0x0c7c, 0x1d3e, 0x049b, 0x049c, 0x04dd, 0x0cdd, 0x045a, 0x2d9e, 0x14bc, 0x0c3d, 0x03dc, 0x03dd, 0x037d, 0x02fc,
  0x02dc, 0x031c, 0x031b, 0x0b7c, 0x0b7b, 0x0339, 0x0358, 0x13d9, 0x245b, 0x1c1a, 0x0316, 0x0337, 0x02f5, 0x02b5, 0x02b5, 0x0ab3,
  0x01ef, 0x2ad1, 0xb67c, 0xef9f, 0xe6fc, 0xe71d, 0xe71d, 0xe71d, 0xef1d, 0xef1d, 0xef1d, 0xef1d, 0xeefc, 0xef1c, 0xe73c, 0xef1c,
  0xeefc, 0xf71d, 0xedf8, 0xaaed, 0xe576, 0xf73d, 0xf6fc, 0xee18, 0xab4e, 0xcc73, 0xff1d, 0xe6fc, 0xe71d, 0xe6fc, 0xeefc, 0xe6fc,
  0xeefb, 0xe6fc, 0xe6db, 0xe6db, 0xe6bb, 0xe6ba, 0xe6ba, 0xdeba, 0xdeb9, 0xde99, 0xde79, 0xd678, 0xd678, 0xd657, 0xd637, 0xce17,
  0xce16, 0xcdf5, 0xcdd5, 0xc5d5, 0xbdb4, 0xc5d5, 0xf79d, 0x94b2, 0x0000, 0x0020, 0x0000, 0x0000, 0x0000, 0x0000, 0x0000, 0x0000,
  0x0000, 0x0000, 0x0000, 0x0000, 0x0000, 0x0000, 0x0000, 0x0000, 0x0000, 0x0000, 0x0000, 0x0000, 0x0000, 0x0000, 0x0000, 0x0000,
  0x0000, 0x0000, 0x0000, 0x0000, 0x0000, 0x0000, 0x0000, 0x0000, 0x0000, 0x0000, 0x0000, 0x0000, 0x0000, 0x0000, 0x0000, 0x0000,
  0x0000, 0x0000, 0x0000, 0x0000, 0x0000, 0x0000, 0x0000, 0x0000, 0x0000, 0x0000, 0x0000, 0x0000, 0x0000, 0x0000, 0x0000, 0x0000,
  0x10a2, 0xe71b, 0xe6fa, 0xc5d5, 0xc594, 0xc5b5, 0xc5d5, 0xcdf5, 0xce16, 0xce17, 0xce37, 0xce37, 0xd637, 0xde78, 0xde79, 0xde99,
  0xdeba, 0xd6ba, 0xdeda, 0xdeda, 0xe6ba, 0xe6db, 0xeefb, 0xeeba, 0xd536, 0xb432, 0xccd4, 0xedf8, 0xf65a, 0xfe9b, 0xfebc, 0xf598,
  0xbb6f, 0xab4e, 0xdd15, 0xfedc, 0xf6fc, 0xef1c, 0xe71c, 0xef1c, 0xe71c, 0xe73c, 0xe71c, 0xf71d, 0xee19, 0xa34e, 0xf67a, 0xef3c,
  0xe73c, 0xef1d, 0xe73c, 0xe71c, 0xff3d, 0xcc32, 0x720b, 0x7b93, 0x220e, 0x01ef, 0x0a93, 0x02b5, 0x02b6, 0x02f7, 0x02f7, 0x02d7,
  0x0ad7, 0x1318, 0x02d8, 0x02d9, 0x02fa, 0x0b7b, 0x0bbc, 0x039b, 0x03bc, 0x037b, 0x037c, 0x03bc, 0x0c1e, 0x03dc, 0x0c7d, 0x1d1e,
  0x043b, 0x045c, 0x049d, 0x0cbe, 0x041b, 0x253e, 0x1c9c, 0x03bc, 0x03bd, 0x037c, 0x0b7d, 0x02fb, 0x02bb, 0x02db, 0x02fa, 0x031a,
  0x031a, 0x02f8, 0x0318, 0x0b37, 0x1378, 0x23fa, 0x1378, 0x02b4, 0x02b5, 0x02b5, 0x0272, 0x01ae, 0x4b72, 0xc6fe, 0xe77f, 0xe6fc,
  0xef1c, 0xef1c, 0xef1c, 0xef1c, 0xef1c, 0xef1c, 0xef1c, 0xef1d, 0xeefc, 0xef1c, 0xe73c, 0xe73c, 0xeefc, 0xf71d, 0xedd8, 0xaaed,
  0xe5b7, 0xef3c, 0xe71c, 0xf73c, 0xd514, 0xab4e, 0xedf9, 0xf73d, 0xe71c, 0xe71c, 0xe71c, 0xe6fc, 0xe6fb, 0xe6db, 0xe6db, 0xe6db,
  0xe6db, 0xe6da, 0xdeba, 0xdeba, 0xdeb9, 0xde99, 0xde79, 0xd678, 0xd658, 0xd637, 0xd617, 0xce16, 0xcdf6, 0xcdf5, 0xc5d5, 0xc5d5,
  0xbd94, 0xd677, 0xffdd, 0x4a49, 0x0000, 0x0000, 0x0000, 0x0000, 0x0000, 0x0000, 0x0000, 0x0000, 0x0000, 0x0000, 0x0000, 0x0000,
  0x0000, 0x0000, 0x0000, 0x0000, 0x0000, 0x0000, 0x0000, 0x0000, 0x0000, 0x0000, 0x0000, 0x0000, 0x0000, 0x0000, 0x0000, 0x0000,
  0x0000, 0x0000, 0x0000, 0x0000, 0x0000, 0x0000, 0x0000, 0x0000, 0x0000, 0x0000, 0x0000, 0x0000, 0x0000, 0x0000, 0x0000, 0x0000,
  0x0000, 0x0000, 0x0000, 0x0000, 0x0000, 0x0000, 0x0000, 0x0000, 0x0000, 0x0000, 0x0000, 0x0000, 0x0000, 0x7bce, 0xf77c, 0xce17,
  0xbd94, 0xc5b5, 0xc5d5, 0xc5f5, 0xce16, 0xce16, 0xce17, 0xce37, 0xd658, 0xd658, 0xd678, 0xde99, 0xde99, 0xde9a, 0xdeba, 0xdeba,
  0xdeda, 0xdeda, 0xe6da, 0xeedb, 0xfedb, 0xf67a, 0xcd15, 0xbc52, 0xb411, 0xb432, 0xabd0, 0xb36f, 0xc452, 0xf619, 0xff1d, 0xeefc,
  0xef3d, 0xe71c, 0xe71d, 0xef1c, 0xe71c, 0xe73c, 0xe73d, 0xf71d, 0xedd8, 0xbbf1, 0xff1d, 0xe71c, 0xe73c, 0xef1d, 0xe73c, 0xe71c,
  0xfebb, 0xc26a, 0x99c8, 0xee1a, 0xc63b, 0x32af, 0x01ce, 0x0252, 0x02b5, 0x02b6, 0x02d7, 0x02b6, 0x0ab6, 0x0ad7, 0x02b7, 0x02d8,
  0x02f9, 0x137b, 0x033a, 0x037b, 0x037b, 0x033b, 0x035b, 0x039c, 0x0bdd, 0x03bc, 0x0c3d, 0x1cde, 0x041b, 0x043d, 0x045d, 0x045d,
  0x03db, 0x1c9d, 0x1c7d, 0x035b, 0x0b9d, 0x033c, 0x0b5c, 0x02da, 0x0299, 0x02b9, 0x02d9, 0x02b8, 0x02b8, 0x02b8, 0x02f8, 0x02f7,
  0x02f6, 0x02f6, 0x1357, 0x0af5, 0x0293, 0x0211, 0x01ee, 0x6c76, 0xdf7f, 0xe77e, 0xe71b, 0xe71c, 0xe71c, 0xe71c, 0xef1c, 0xef3c,
  0xef1c, 0xef1c, 0xef1c, 0xef1d, 0xef1d, 0xe73c, 0xe73d, 0xe73d, 0xe71c, 0xf73d, 0xe556, 0xaaed, 0xf639, 0xef1c, 0xdf1b, 0xef3c,
  0xf67a, 0xbb90, 0xccb4, 0xff1c, 0xe6fb, 0xe71c, 0xe71c, 0xe6fc, 0xe6fb, 0xe6db, 0xe6db, 0xe6bb, 0xe6db, 0xe6ba, 0xdeba, 0xdeba,
  0xde99, 0xd699, 0xd678, 0xd678, 0xd658, 0xd637, 0xce17, 0xce16, 0xcdf6, 0xcdd5, 0xc5d5, 0xc5b4, 0xbdb4, 0xef5c, 0xb5b5, 0x0000,
  0x0000, 0x0000, 0x0000, 0x0000, 0x0000, 0x0000, 0x0000, 0x0000, 0x0000, 0x0000, 0x0000, 0x0000, 0x0000, 0x0000, 0x0000, 0x0000,
  0x0000, 0x0000, 0x0000, 0x0000, 0x0000, 0x0000, 0x0000, 0x0000, 0x0000, 0x0000, 0x0000, 0x0000, 0x0000, 0x0000, 0x0000, 0x0000,
  0x0000, 0x0000, 0x0000, 0x0000, 0x0000, 0x0000, 0x0000, 0x0000, 0x0000, 0x0000, 0x0000, 0x0000, 0x0000, 0x0000, 0x0000, 0x0000,
  0x0000, 0x0000, 0x0000, 0x0000, 0x0000, 0x0000, 0x0000, 0x0000, 0x0000, 0x3186, 0xf7be, 0xd679, 0xc5b5, 0xc5b4, 0xc5d5, 0xc5f5,
  0xce15, 0xce16, 0xce17, 0xd637, 0xd658, 0xd658, 0xd658, 0xd679, 0xde79, 0xde79, 0xde9a, 0xe6ba, 0xe6ba, 0xe6da, 0xe6db, 0xe6db,
  0xe6db, 0xeefc, 0xfefc, 0xf6bb, 0xe5f9, 0xe5f8, 0xe5f9, 0xf65a, 0xff1c, 0xf71c, 0xe71c, 0xe71c, 0xe71c, 0xe71d, 0xe71d, 0xef1c,
  0xe71c, 0xe73c, 0xe71d, 0xff3e, 0xe577, 0xbc32, 0xff3d, 0xef3c, 0xe71c, 0xe71c, 0xe73c, 0xef3c, 0xf619, 0xb9e8, 0xa9e8, 0xf5f8,
  0xffbf, 0xdf3f, 0x6c56, 0x1a0f, 0x0211, 0x0274, 0x0a95, 0x0295, 0x0296, 0x0296, 0x0297, 0x0297, 0x1339, 0x0af8, 0x02d8, 0x0319,
  0x0319, 0x0319, 0x033a, 0x035a, 0x037b, 0x037b, 0x0c1c, 0x149d, 0x03fb, 0x03fb, 0x03fc, 0x03fc, 0x03db, 0x0c1c, 0x143d, 0x035a,
  0x033b, 0x031b, 0x0b3a, 0x02d9, 0x0298, 0x0298, 0x0298, 0x02b7, 0x0297, 0x02b7, 0x02d7, 0x02d6, 0x02d6, 0x0ab5, 0x0a94, 0x12d3,
  0x01ef, 0x2290, 0x95db, 0xe7bf, 0xe71d, 0xef1b, 0xef1b, 0xe71b, 0xe73c, 0xe73c, 0xe71c, 0xef1c, 0xef1c, 0xf73d, 0xef1c, 0xef1c,
  0xe6fc, 0xe73c, 0xe75d, 0xdf3c, 0xe71c, 0xff1d, 0xcc32, 0xbb8f, 0xfedc, 0xeefc, 0xef1c, 0xe71c, 0xfefc, 0xd453, 0xbbb0, 0xf6bb,
  0xef1c, 0xe71c, 0xe6fc, 0xe6fb, 0xe6fb, 0xe6db, 0xe6db, 0xe6db, 0xe6ba, 0xdeba, 0xde9a, 0xde99, 0xd699, 0xd679, 0xd658, 0xd658,
  0xd657, 0xd637, 0xce17, 0xcdf6, 0xcdf5, 0xc5d5, 0xc5b5, 0xbd94, 0xce37, 0xf7bd, 0x9cd2, 0x0000, 0x0020, 0x0000, 0x0000, 0x0000,
  0x0000, 0x0000, 0x0000, 0x0000, 0x0000, 0x0000, 0x0000, 0x0000, 0x0000, 0x0000, 0x0000, 0x0000, 0x0000, 0x0000, 0x0000, 0x0000,
  0x0000, 0x0000, 0x0000, 0x0000, 0x0000, 0x0000, 0x0000, 0x0000, 0x0000, 0x0000, 0x0000, 0x0000, 0x0000, 0x0000, 0x0000, 0x0000,
  0x0000, 0x0000, 0x0000, 0x0000, 0x0000, 0x0000, 0x0000, 0x0000, 0x0000, 0x0000, 0x0000, 0x0000, 0x0000, 0x0000, 0x0000, 0x0000,
  0x0000, 0x0000, 0x0000, 0x0000, 0x0000, 0x18e3, 0xce99, 0xe6fb, 0xce16, 0xbdb4, 0xc5b5, 0xc5d5, 0xc5f5, 0xcdf6, 0xce16, 0xce37,
  0xd637, 0xd658, 0xd658, 0xd679, 0xde79, 0xde79, 0xde99, 0xde9a, 0xe6ba, 0xdeda, 0xdeda, 0xdedb, 0xdedb, 0xe6fc, 0xeefc, 0xeedc,
  0xf71c, 0xf6fc, 0xff1d, 0xf71c, 0xeefb, 0xef1d, 0xe71c, 0xe71d, 0xe71d, 0xe71c, 0xe71c, 0xe71c, 0xe71c, 0xe71c, 0xe71c, 0xff3d,
  0xc4b4, 0xccf5, 0xf75d, 0xef1c, 0xef1d, 0xef1d, 0xe71c, 0xff5d, 0xe556, 0xa9a8, 0xc30d, 0xcc92, 0xd5d7, 0xc5b7, 0xb598, 0x7c14,
  0x326f, 0x09ae, 0x0a11, 0x0a74, 0x0275, 0x0275, 0x0276, 0x02b7, 0x1318, 0x0296, 0x02b7, 0x02d7, 0x02d8, 0x02f8, 0x0318, 0x0339,
  0x035a, 0x0359, 0x0bda, 0x143b, 0x03b9, 0x03ba, 0x03bb, 0x03ba, 0x03b9, 0x039a, 0x0bdb, 0x0b7a, 0x02f9, 0x02d9, 0x0b19, 0x02b8,
  0x0297, 0x0296, 0x0296, 0x0296, 0x0276, 0x0296, 0x02b6, 0x02b5, 0x0a94, 0x0a72, 0x0a10, 0x09cd, 0x5c35, 0xc6fe, 0xe77f, 0xe71d,
  0xf75d, 0xff1b, 0xf71c, 0xef1b, 0xe71c, 0xef1c, 0xef1c, 0xff5d, 0xf6db, 0xe65a, 0xee9a, 0xf6db, 0xff3d, 0xef1c, 0xe71c, 0xe71c,
  0xf71c, 0xee59, 0xa30d, 0xd515, 0xff7d, 0xef1c, 0xeedc, 0xe71d, 0xf71c, 0xe515, 0xb34e, 0xe5d8, 0xef1c, 0xe6fc, 0xe6dc, 0xe6fb,
  0xe6fb, 0xe6db, 0xe6bb, 0xe6bb, 0xdeba, 0xdeba, 0xde9a, 0xde99, 0xd699, 0xd679, 0xd658, 0xd658, 0xd637, 0xd617, 0xce16, 0xcdf6,
  0xcdd5, 0xc5d5, 0xc5b4, 0xbd94, 0xe71b, 0xbdf6, 0x1082, 0x0000, 0x0000, 0x0000, 0x0000, 0x0000, 0x0000, 0x0000, 0x0000, 0x0000,
  0x0000, 0x0000, 0x0000, 0x0000, 0x0000, 0x0000, 0x0000, 0x0000, 0x0000, 0x0000, 0x0000, 0x0000, 0x0000, 0x0000, 0x0000, 0x0000,
  0x0000, 0x0000, 0x0000, 0x0000, 0x0000, 0x0000, 0x0000, 0x0000, 0x0000, 0x0000, 0x0000, 0x0000, 0x0000, 0x0000, 0x0000, 0x0000,
  0x0000, 0x0000, 0x0000, 0x0000, 0x0000, 0x0000, 0x0000, 0x0000, 0x0000, 0x0000, 0x0000, 0x0000, 0x0000, 0x0000, 0x0000, 0x0000,
  0x0000, 0x0000, 0x4a69, 0xffff, 0xce58, 0xbdd4, 0xc5b4, 0xc5d5, 0xc5f5, 0xc5f6, 0xce16, 0xce17, 0xd637, 0xd638, 0xd658, 0xd658,
  0xd679, 0xde79, 0xde99, 0xdeba, 0xdeba, 0xdeda, 0xdefa, 0xdedb, 0xeedc, 0xe6fc, 0xe6fc, 0xe6fc, 0xe71c, 0xe6fc, 0xef1c, 0xef1c,
  0xeefc, 0xe6fc, 0xe6fd, 0xe71d, 0xe71c, 0xe71c, 0xe71c, 0xe71c, 0xe71c, 0xe71c, 0xe71c, 0xff3d, 0xbc93, 0xdd76, 0xf75d, 0xef1c,
  0xef1d, 0xef1c, 0xe71c, 0xff3d, 0xdcd5, 0x91a9, 0xed36, 0xf67a, 0xc514, 0xd5d7, 0xe67a, 0xde3a, 0xad58, 0x84b7, 0x1a2f, 0x01cf,
  0x0232, 0x0274, 0x0295, 0x0ad6, 0x0275, 0x0275, 0x0296, 0x0296, 0x02b7, 0x02f7, 0x02f7, 0x0317, 0x0338, 0x0358, 0x0bb9, 0x0c1a,
  0x0378, 0x0399, 0x039a, 0x0378, 0x0398, 0x0378, 0x0358, 0x0b59, 0x02d8, 0x02d8, 0x02f8, 0x0297, 0x0276, 0x0275, 0x0275, 0x0255,
  0x0255, 0x0274, 0x0294, 0x0273, 0x0210, 0x01ae, 0x4332, 0xa5fb, 0xe79f, 0xef1d, 0xeefc, 0xf6fc, 0xd5b7, 0xcd35, 0xe5f9, 0xeedb,
  0xf73c, 0xff3c, 0xf6db, 0xcd76, 0xb431, 0xb432, 0xbc52, 0xb431, 0xd576, 0xfefc, 0xff1d, 0xf71c, 0xfedc, 0xb3d0, 0xb38e, 0xf6db,
  0xe75c, 0xe6fb, 0xf6dc, 0xe71d, 0xef3d, 0xed97, 0xb34e, 0xd535, 0xf6fc, 0xe6db, 0xeedb, 0xe6db, 0xdedb, 0xe6bb, 0xe6bb, 0xdeba,
  0xdeba, 0xde9a, 0xde99, 0xde79, 0xd679, 0xd678, 0xd658, 0xd658, 0xd637, 0xce17, 0xcdf6, 0xcdf6, 0xcdd5, 0xc5b5, 0xbd94, 0xc5f6,
  0xf79d, 0xc617, 0x0000, 0x0000, 0x0000, 0x0000, 0x0000, 0x0000, 0x0000, 0x0000, 0x0000, 0x0000, 0x0000, 0x0000, 0x0000, 0x0000,
  0x0000, 0x0000, 0x0000, 0x0000, 0x0000, 0x0000, 0x0000, 0x0000, 0x0000, 0x0000, 0x0000, 0x0000, 0x0000, 0x0000, 0x0000, 0x0000,
  0x0000, 0x0000, 0x0000, 0x0000, 0x0000, 0x0000, 0x0000, 0x0000, 0x0000, 0x0000, 0x0000, 0x0000, 0x0000, 0x0000, 0x0000, 0x0000,
  0x0000, 0x0000, 0x0000, 0x0000, 0x0000, 0x0000, 0x0000, 0x0000, 0x0000, 0x0000, 0x0000, 0x0000, 0x0000, 0x0000, 0x18c3, 0xc638,
  0xe71b, 0xc5f6, 0xbd94, 0xc5b5, 0xcdd5, 0xcdd5, 0xcdf6, 0xce16, 0xd637, 0xd637, 0xd638, 0xd658, 0xd679, 0xde79, 0xde99, 0xdeba,
  0xdeba, 0xdeba, 0xdeda, 0xdedb, 0xe6db, 0xe6db, 0xe6fc, 0xe71c, 0xe71c, 0xe71c, 0xe71c, 0xe6fc, 0xeefc, 0xef1c, 0xef1d, 0xe71c,
  0xe71c, 0xe71c, 0xef1c, 0xe71c, 0xe71c, 0xe71c, 0xe6fc, 0xff5d, 0xbcd3, 0xdd97, 0xf75d, 0xe71c, 0xef1c, 0xef1c, 0xe71c, 0xff3d,
  0xd4b4, 0x91e9, 0xe597, 0xff5d, 0xf73c, 0xff3d, 0xef3d, 0xef1c, 0xc576, 0xf75e, 0xcedd, 0x6c55, 0x1a4f, 0x01cf, 0x0252, 0x0a95,
  0x0a75, 0x0275, 0x0275, 0x0295, 0x0295, 0x02d6, 0x02f6, 0x0316, 0x0317, 0x0316, 0x0b77, 0x13b8, 0x0336, 0x0337, 0x0337, 0x0357,
  0x0358, 0x0337, 0x0317, 0x0337, 0x02d7, 0x0296, 0x02b6, 0x0296, 0x0275, 0x0275, 0x0274, 0x0275, 0x0274, 0x0272, 0x0210, 0x09ee,
  0x3b11, 0x9d99, 0xe77f, 0xe77f, 0xdf1c, 0xeefc, 0xfefc, 0xcd56, 0xc535, 0xddd8, 0xc536, 0xbcb4, 0xcd15, 0xc4d4, 0xb452, 0xc4f4,
  0xe659, 0xf6db, 0xf6db, 0xde39, 0xb4b3, 0xb411, 0xed77, 0xf5d8, 0xc432, 0xa32e, 0xee39, 0xf71d, 0xe71c, 0xe71c, 0xef1d, 0xe71c,
  0xef3d, 0xedb7, 0xc38f, 0xcc32, 0xf6db, 0xeefb, 0xe6db, 0xe6db, 0xdedb, 0xe6db, 0xdebb, 0xdeba, 0xde9a, 0xde9a, 0xde79, 0xde79,
  0xde79, 0xd658, 0xd658, 0xd637, 0xd617, 0xce16, 0xcdf6, 0xcdd5, 0xc5b4, 0xc5b5, 0xbdb5, 0xd699, 0xf7be, 0x630b, 0x0000, 0x0000,
  0x0000, 0x0000, 0x0000, 0x0000, 0x0000, 0x0000, 0x0000, 0x0000, 0x0000, 0x0000, 0x0000, 0x0000, 0x0000, 0x0000, 0x0000, 0x0000,
  0x0000, 0x0000, 0x0000, 0x0000, 0x0000, 0x0000, 0x0000, 0x0000, 0x0000, 0x0000, 0x0000, 0x0000, 0x0000, 0x0000, 0x0000, 0x0000,
  0x0000, 0x0000, 0x0000, 0x0000, 0x0000, 0x0000, 0x0000, 0x0000, 0x0000, 0x0000, 0x0000, 0x0000, 0x0000, 0x0000, 0x0000, 0x0000,
  0x0000, 0x0000, 0x0000, 0x0000, 0x0000, 0x0000, 0x0000, 0x0000, 0x0000, 0x0000, 0x0000, 0x39e7, 0xef5c, 0xce58, 0xbd95, 0xc594,
  0xcdb5, 0xcdd5, 0xcdf6, 0xcdf6, 0xd616, 0xd637, 0xd637, 0xd658, 0xd678, 0xde79, 0xde99, 0xde99, 0xde9a, 0xdeba, 0xdeba, 0xdedb,
  0xdedb, 0xe6db, 0xe6fb, 0xe6fb, 0xe6fb, 0xe71c, 0xe71c, 0xe6fc, 0xe71c, 0xe71c, 0xef1c, 0xe71c, 0xe71c, 0xe71c, 0xeefc, 0xe71c,
  0xe73c, 0xe71c, 0xef1c, 0xf6fc, 0xc4d3, 0xee18, 0xf73d, 0xe71c, 0xe71c, 0xe71c, 0xef1c, 0xff3e, 0xd4d5, 0x9a09, 0xedb7, 0xef5c,
  0xe71b, 0xeefc, 0xdf1c, 0xef5c, 0xcd96, 0xe679, 0xef5d, 0xefbf, 0xc6dd, 0x7497, 0x2ad1, 0x01f0, 0x01d1, 0x0212, 0x0a73, 0x0a94,
  0x02b5, 0x02b5, 0x02d5, 0x02d5, 0x02d5, 0x02d5, 0x0316, 0x0b57, 0x0316, 0x0316, 0x02f5, 0x0316, 0x02f7, 0x02d5, 0x02d4, 0x02f5,
  0x02b5, 0x0a95, 0x0295, 0x0254, 0x0a94, 0x0a74, 0x0252, 0x0212, 0x01d0, 0x122f, 0x4b93, 0x9dba, 0xd73f, 0xef7f, 0xe71d, 0xef1d,
  0xe73c, 0xf73d, 0xddb8, 0xd577, 0xff5d, 0xf73d, 0xf71c, 0xee9b, 0xddf8, 0xe618, 0xfedb, 0xff7d, 0xff9d, 0xf77d, 0xf75d, 0xff5d,
  0xff1d, 0xed77, 0xb30e, 0xa2ac, 0xab4e, 0xedd8, 0xf71d, 0xeefc, 0xef1d, 0xe71c, 0xdf3c, 0xe71c, 0xf71d, 0xe597, 0xc36f, 0xcc11,
  0xee59, 0xeefb, 0xe6db, 0xe6da, 0xdedb, 0xdedb, 0xdebb, 0xdeba, 0xde9a, 0xde99, 0xde79, 0xde79, 0xde78, 0xd658, 0xd637, 0xd637,
  0xd617, 0xcdf6, 0xcdd6, 0xcdb5, 0xc5b4, 0xc595, 0xc5f6, 0xf79d, 0xad75, 0x0000, 0x0000, 0x0000, 0x0000, 0x0000, 0x0000, 0x0000,
  0x0000, 0x0000, 0x0000, 0x0000, 0x0000, 0x0000, 0x0000, 0x0000, 0x0000, 0x0000, 0x0000, 0x0000, 0x0000, 0x0000, 0x0000, 0x0000,
  0x0000, 0x0000, 0x0000, 0x0000, 0x0000, 0x0000, 0x0000, 0x0000, 0x0000, 0x0000, 0x0000, 0x0000, 0x0000, 0x0000, 0x0000, 0x0000,
  0x0000, 0x0000, 0x0000, 0x0000, 0x0000, 0x0000, 0x0000, 0x0000, 0x0000, 0x0000, 0x0000, 0x0000, 0x0000, 0x0000, 0x0000, 0x0000,
  0x0000, 0x0000, 0x0000, 0x0000, 0x0000, 0x0000, 0x0000, 0x0000, 0xce79, 0xe6fb, 0xcdf7, 0xbd74, 0xc5b4, 0xcdd5, 0xcdd5, 0xcdf6,
  0xce16, 0xd617, 0xd637, 0xd658, 0xd658, 0xd678, 0xde79, 0xde99, 0xde99, 0xdeba, 0xdeba, 0xdeda, 0xdedb, 0xe6db, 0xe6db, 0xe6fb,
  0xe6fb, 0xe6fb, 0xe6fb, 0xe6fc, 0xe6fc, 0xe71c, 0xe71c, 0xe71c, 0xe71c, 0xe71c, 0xe71c, 0xe71c, 0xe73c, 0xe71c, 0xef1c, 0xeebb,
  0xc4b3, 0xfe9b, 0xef1c, 0xe71c, 0xe71c, 0xe71c, 0xef1c, 0xff3d, 0xdd57, 0xa209, 0xe535, 0xf73c, 0xe71b, 0xef1c, 0xdf1c, 0xef3c,
  0xddf7, 0xeeba, 0xef1b, 0xe73c, 0xe73e, 0xe79f, 0xd73f, 0x9dba, 0x4bd4, 0x226f, 0x09ef, 0x01cf, 0x0232, 0x0273, 0x0294, 0x02b4,
  0x02b5, 0x02d5, 0x02d5, 0x02f6, 0x02d6, 0x02d6, 0x02b4, 0x02b5, 0x02d5, 0x02b4, 0x0293, 0x02b4, 0x0294, 0x0a73, 0x0253, 0x0232,
  0x0211, 0x01cf, 0x0a0f, 0x3313, 0x6cb8, 0xb65c, 0xdf7f, 0xef9f, 0xe73d, 0xe6fc, 0xeefb, 0xeefc, 0xf71c, 0xf6dc, 0xc556, 0xf71c,
  0xef1c, 0xef1c, 0xf73c, 0xff1c, 0xf69b, 0xedb7, 0xd4b3, 0xd4b4, 0xd4d4, 0xccd4, 0xccd4, 0xc493, 0xb3d1, 0xab6f, 0xab6f, 0xccb3,
  0xf65a, 0xfefc, 0xeedc, 0xeefd, 0xef1c, 0xe71c, 0xe71c, 0xef1c, 0xf6fc, 0xdd15, 0xc38f, 0xcbd1, 0xe5d7, 0xeefb, 0xe6da, 0xe6da,
  0xdeda, 0xdedb, 0xdeba, 0xdeba, 0xde9a, 0xde79, 0xde79, 0xd678, 0xd658, 0xd658, 0xd637, 0xd617, 0xce16, 0xcdf6, 0xcdd5, 0xcdd5,
  0xc5b4, 0xc5b5, 0xdeba, 0xf79d, 0x31a6, 0x0000, 0x0000, 0x0000, 0x0000, 0x0000, 0x0000, 0x0000, 0x0000, 0x0000, 0x0000, 0x0000,
  0x0000, 0x0000, 0x0000, 0x0000, 0x0000, 0x0000, 0x0000, 0x0000, 0x0000, 0x0000, 0x0000, 0x0000, 0x0000, 0x0000, 0x0000, 0x0000,
  0x0000, 0x0000, 0x0000, 0x0000, 0x0000, 0x0000, 0x0000, 0x0000, 0x0000, 0x0000, 0x0000, 0x0000, 0x0000, 0x0000, 0x0000, 0x0000,
  0x0000, 0x0000, 0x0000, 0x0000, 0x0000, 0x0000, 0x0000, 0x0000, 0x0000, 0x0000, 0x0000, 0x0000, 0x0000, 0x0000, 0x0000, 0x0000,
  0x0000, 0x0000, 0x0000, 0x0000, 0x7bce, 0xf79d, 0xd658, 0xc5b5, 0xc5b5, 0xc5b4, 0xcdd5, 0xcdf5, 0xcdf6, 0xce16, 0xd637, 0xd657,
  0xd658, 0xd658, 0xd678, 0xde99, 0xde99, 0xdeba, 0xdeba, 0xdeda, 0xdeba, 0xdedb, 0xe6db, 0xe6db, 0xe6fb, 0xe6fb, 0xe6fb, 0xe6fb,
  0xe6fb, 0xe6fc, 0xe71c, 0xe71c, 0xe71c, 0xe71c, 0xe71c, 0xe71c, 0xe71c, 0xe71c, 0xeefc, 0xf6bb, 0xabd0, 0xee18, 0xef3d, 0xe71c,
  0xe71c, 0xe73c, 0xe71c, 0xf71d, 0xf619, 0xa20a, 0xd452, 0xff3c, 0xe71b, 0xef3c, 0xe73d, 0xeefb, 0xd5f8, 0xeefb, 0xef3c, 0xef1c,
  0xef1c, 0xe6fc, 0xef3d, 0xef7e, 0xe79f, 0xcefd, 0x9599, 0x6456, 0x3312, 0x1250, 0x01ef, 0x01ef, 0x01f0, 0x0210, 0x0211, 0x0251,
  0x0252, 0x0252, 0x0252, 0x0253, 0x0233, 0x0232, 0x0232, 0x0211, 0x01d0, 0x01f0, 0x09ef, 0x2290, 0x4353, 0x7cf7, 0xb65c, 0xd75f,
  0xe79f, 0xef5e, 0xe6fc, 0xef1c, 0xef1c, 0xef3c, 0xef1c, 0xeefc, 0xff1d, 0xd5f8, 0xde39, 0xf73d, 0xef1c, 0xff3d, 0xddf8, 0xac52,
  0xa3f0, 0xbc11, 0xcbf1, 0x9a8b, 0xab4e, 0xcc73, 0xccb4, 0xccb4, 0xccd4, 0xd556, 0xee59, 0xff1c, 0xf6fc, 0xeefc, 0xeefc, 0xeefc,
  0xef1c, 0xe71c, 0xe71c, 0xeefc, 0xf6bb, 0xcc93, 0xd3f1, 0xc3b0, 0xe5d8, 0xeefb, 0xe6ba, 0xe6ba, 0xdeda, 0xdeba, 0xdeba, 0xde9a,
  0xde99, 0xde79, 0xd679, 0xd658, 0xd658, 0xd637, 0xd617, 0xce16, 0xcdf6, 0xcdd6, 0xcdd5, 0xc5b5, 0xc595, 0xc5f6, 0xf79d, 0x738e,
  0x0000, 0x0000, 0x0000, 0x0000, 0x0000, 0x0000, 0x0000, 0x0000, 0x0000, 0x0000, 0x0000, 0x0000, 0x0000, 0x0000, 0x0000, 0x0000,
  0x0000, 0x0000, 0x0000, 0x0000, 0x0000, 0x0000, 0x0000, 0x0000, 0x0000, 0x0000, 0x0000, 0x0000, 0x0000, 0x0000, 0x0000, 0x0000,
  0x0000, 0x0000, 0x0000, 0x0000, 0x0000, 0x0000, 0x0000, 0x0000, 0x0000, 0x0000, 0x0000, 0x0000, 0x0000, 0x0000, 0x0000, 0x0000,
  0x0000, 0x0000, 0x0000, 0x0000, 0x0000, 0x0000, 0x0000, 0x0000, 0x0000, 0x0000, 0x0000, 0x0000, 0x0000, 0x0000, 0x0000, 0x0000,
  0x1082, 0xdeda, 0xe6fb, 0xc5f6, 0xc595, 0xc594, 0xcdd5, 0xcdd5, 0xcdf5, 0xce16, 0xd636, 0xd637, 0xd657, 0xd658, 0xd658, 0xd678,
  0xd699, 0xde99, 0xdeb9, 0xdeba, 0xdeba, 0xdedb, 0xe6db, 0xe6db, 0xe6fb, 0xe6fb, 0xe6fb, 0xe6fc, 0xe6fb, 0xe6fc, 0xe71c, 0xe71c,
  0xe71c, 0xe71c, 0xe71c, 0xe71c, 0xe71c, 0xe71c, 0xf71d, 0xee59, 0xb411, 0xddd7, 0xef3c, 0xe6fc, 0xe71c, 0xe73c, 0xe71c, 0xf71d,
  0xf67a, 0xa24a, 0xc3b0, 0xff1c, 0xe6fc, 0xef3c, 0xe73c, 0xeedb, 0xcdd8, 0xef1c, 0xe6fc, 0xe73c, 0xef1c, 0xef1c, 0xef1b, 0xef1b,
  0xeefc, 0xef3d, 0xef7e, 0xefbf, 0xdf7f, 0xc6dd, 0xa5fa, 0x7cf8, 0x6c56, 0x4b73, 0x3b11, 0x32f1, 0x2ab0, 0x2290, 0x2a70, 0x2a91,
  0x32f2, 0x3b12, 0x324f, 0x5312, 0x7477, 0x8d5a, 0xb65c, 0xcf1e, 0xe77f, 0xef9f, 0xef7e, 0xef1c, 0xeefb, 0xeefb, 0xef1c, 0xef1c,
  0xe71b, 0xef1c, 0xef1c, 0xe71c, 0xeedc, 0xc5b7, 0xf71c, 0xf6fc, 0xff1c, 0xbcd4, 0xb432, 0xddf8, 0xf6fb, 0xfefc, 0xccd3, 0xc4b3,
  0xff1c, 0xf73c, 0xf73c, 0xff1c, 0xff3d, 0xf73d, 0xef1c, 0xeefc, 0xe71c, 0xef1c, 0xe71c, 0xe71c, 0xe71c, 0xe71c, 0xef1c, 0xf71c,
  0xe5f8, 0xcc93, 0xd411, 0xc3d0, 0xddd7, 0xeefb, 0xe6ba, 0xe6da, 0xdeda, 0xdeba, 0xdeba, 0xde99, 0xde99, 0xd679, 0xd658, 0xd658,
  0xd658, 0xd637, 0xce17, 0xcdf6, 0xcdf6, 0xcdd5, 0xc5b5, 0xc5b5, 0xbd95, 0xdeba, 0xef3c, 0x10a2, 0x0000, 0x0000, 0x0000, 0x0000,
  0x0000, 0x0000, 0x0000, 0x0000, 0x0000, 0x0000, 0x0000, 0x0000, 0x0000, 0x0000, 0x0000, 0x0000, 0x0000, 0x0000, 0x0000, 0x0000,
  0x0000, 0x0000, 0x0000, 0x0000, 0x0000, 0x0000, 0x0000, 0x0000, 0x0000, 0x0000, 0x0000, 0x0000, 0x0000, 0x0000, 0x0000, 0x0000,
  0x0000, 0x0000, 0x0000, 0x0000, 0x0000, 0x0000, 0x0000, 0x0000, 0x0000, 0x0000, 0x0000, 0x0000, 0x0000, 0x0000, 0x0000, 0x0000,
  0x0000, 0x0000, 0x0000, 0x0000, 0x0000, 0x0000, 0x0000, 0x0000, 0x0000, 0x0000, 0x0000, 0x0020, 0x0000, 0x73ae, 0xf79e, 0xd678,
  0xbdb5, 0xc5b4, 0xc5b4, 0xcdd5, 0xcdd5, 0xcdf5, 0xce16, 0xd637, 0xd637, 0xd657, 0xd658, 0xd678, 0xd678, 0xd699, 0xde99, 0xdeba,
  0xdeba, 0xdeba, 0xe6db, 0xe6db, 0xe6db, 0xe6fb, 0xe6fb, 0xe6fb, 0xe6fb, 0xe6fc, 0xe71c, 0xe71c, 0xe71c, 0xe71c, 0xe71c, 0xe71c,
  0xe71c, 0xe6fc, 0xff3d, 0xd597, 0xc493, 0xe639, 0xef1c, 0xe6fc, 0xe71c, 0xdf1c, 0xef1c, 0xf71d, 0xf67a, 0xaaac, 0xb2ac, 0xfe7a,
  0xef1c, 0xef1c, 0xe71c, 0xeefc, 0xde5a, 0xeefc, 0xe71d, 0xef3d, 0xef1d, 0xef1c, 0xe71c, 0xef1c, 0xeefb, 0xef1b, 0xe6fb, 0xe71b,
  0xe73c, 0xe75d, 0xef7e, 0xef9f, 0xe77f, 0xe75f, 0xdf5f, 0xdf3f, 0xcefe, 0xdf3e, 0x9412, 0xa474, 0xef5f, 0xef5f, 0xb4d5, 0x932e,
  0xff1e, 0xff7f, 0xef7e, 0xe73d, 0xe71c, 0xe71b, 0xef1b, 0xef1a, 0xef1b, 0xef1c, 0xef1c, 0xe71c, 0xe73c, 0xe71c, 0xe71c, 0xef3d,
  0xde7a, 0xde7a, 0xf71c, 0xff3d, 0xbc93, 0xccf5, 0xfefd, 0xff1c, 0xff1c, 0xee19, 0xb411, 0xfefc, 0xf6fc, 0xef1b, 0xe73c, 0xe71c,
  0xe71c, 0xe71c, 0xe71c, 0xe71c, 0xe71c, 0xef1c, 0xe71c, 0xe71c, 0xef1c, 0xe6fb, 0xef1c, 0xf6bb, 0xccf5, 0xdcf5, 0xcbf0, 0xc3d0,
  0xddd7, 0xe6fb, 0xe6ba, 0xe6ba, 0xdeda, 0xdeba, 0xde9a, 0xde99, 0xd679, 0xd678, 0xd658, 0xd658, 0xd657, 0xd637, 0xce16, 0xcdf6,
  0xcdf5, 0xcdd5, 0xc5b4, 0xbd95, 0xce17, 0xf77d, 0xad75, 0x0020, 0x0000, 0x0000, 0x0000, 0x0000, 0x0000, 0x0000, 0x0000, 0x0000,
  0x0000, 0x0000, 0x0000, 0x0000, 0x0000, 0x0000, 0x0000, 0x0000, 0x0000, 0x0000, 0x0000, 0x0000, 0x0000, 0x0000, 0x0000, 0x0000,
  0x0000, 0x0000, 0x0000, 0x0000, 0x0000, 0x0000, 0x0000, 0x0000, 0x0000, 0x0000, 0x0000, 0x0000, 0x0000, 0x0000, 0x0000, 0x0000,
  0x0000, 0x0000, 0x0000, 0x0000, 0x0000, 0x0000, 0x0000, 0x0000, 0x0000, 0x0000, 0x0000, 0x0000, 0x0000, 0x0000, 0x0000, 0x0000,
  0x0000, 0x0000, 0x0000, 0x0000, 0x0000, 0x0000, 0x0000, 0x0000, 0x0000, 0x10a2, 0xdeba, 0xef1b, 0xce17, 0xc5b4, 0xc5b4, 0xc5b4,
  0xc5d5, 0xcdf5, 0xce16, 0xce36, 0xd637, 0xd657, 0xd658, 0xd678, 0xd678, 0xd699, 0xd6b9, 0xdeba, 0xdeba, 0xdeba, 0xdedb, 0xdedb,
  0xdedb, 0xe6db, 0xe6fb, 0xe6fc, 0xe6fc, 0xdedb, 0xe6db, 0xe71c, 0xe71c, 0xe71c, 0xe71c, 0xef1c, 0xeefc, 0xeefc, 0xf71c, 0xc515,
  0xd535, 0xe618, 0xef3c, 0xeefc, 0xe71c, 0xe73c, 0xe71c, 0xeefc, 0xf6db, 0xc36f, 0xa209, 0xdd35, 0xf75e, 0xe6fc, 0xe71b, 0xef3c,
  0xe639, 0xe659, 0xf73d, 0xe6fc, 0xef1d, 0xe71d, 0xe71d, 0xe73c, 0xe73c, 0xe73c, 0xe73c, 0xe71c, 0xe71c, 0xe71c, 0xe71c, 0xe71c,
  0xe6fc, 0xe71c, 0xef1c, 0xe71c, 0xe71c, 0xf77e, 0xc4d4, 0xabf0, 0xff3c, 0xf73c, 0xf639, 0x8a08, 0xd493, 0xff1d, 0xe6fb, 0xef1c,
  0xef1b, 0xef1b, 0xef1b, 0xe71b, 0xef1c, 0xef1c, 0xe71c, 0xe71c, 0xe73c, 0xe71b, 0xef1c, 0xeefb, 0xd638, 0xeefc, 0xf73d, 0xc576,
  0xc4f4, 0xff3d, 0xef3c, 0xe71c, 0xf75d, 0xc515, 0xcd96, 0xff5d, 0xe6db, 0xe71c, 0xe73c, 0xe71c, 0xe71d, 0xe71d, 0xe71d, 0xe71c,
  0xef1c, 0xeefc, 0xe71c, 0xe71c, 0xe71c, 0xef1c, 0xeefc, 0xd596, 0xe5b8, 0xd4b3, 0xc3af, 0xcbf1, 0xe5d7, 0xe6db, 0xdeba, 0xdeba,
  0xdeba, 0xdeb9, 0xde99, 0xd699, 0xd678, 0xd658, 0xd658, 0xd657, 0xd637, 0xce16, 0xcdf6, 0xcdf5, 0xcdf5, 0xcdd5, 0xc594, 0xc5b5,
  0xdeba, 0xffff, 0x6b2c, 0x0000, 0x0020, 0x0000, 0x0000, 0x0000, 0x0000, 0x0000, 0x0000, 0x0000, 0x0000, 0x0000, 0x0000, 0x0000,
  0x0000, 0x0000, 0x0000, 0x0000, 0x0000, 0x0000, 0x0000, 0x0000, 0x0000, 0x0000, 0x0000, 0x0000, 0x0000, 0x0000, 0x0000, 0x0000,
  0x0000, 0x0000, 0x0000, 0x0000, 0x0000, 0x0000, 0x0000, 0x0000, 0x0000, 0x0000, 0x0000, 0x0000, 0x0000, 0x0000, 0x0000, 0x0000,
  0x0000, 0x0000, 0x0000, 0x0000, 0x0000, 0x0000, 0x0000, 0x0000, 0x0000, 0x0000, 0x0000, 0x0000, 0x0000, 0x0000, 0x0000, 0x0000,
  0x0000, 0x0000, 0x0000, 0x0000, 0x0000, 0x0000, 0x3186, 0xdeba, 0xdeba, 0xc5d5, 0xbd94, 0xc5b4, 0xc5d5, 0xcdf5, 0xcdf5, 0xce16,
  0xce37, 0xd637, 0xd657, 0xd658, 0xd678, 0xde79, 0xde99, 0xde99, 0xde9a, 0xdeba, 0xdeba, 0xdedb, 0xe6db, 0xe6db, 0xe6db, 0xe6fb,
  0xe6fc, 0xe6db, 0xde9a, 0xe71c, 0xef1c, 0xe6fc, 0xe6fc, 0xeefc, 0xeedc, 0xf71d, 0xe67a, 0xc4f4, 0xd596, 0xeeba, 0xef1c, 0xe6fc,
  0xe71c, 0xe73c, 0xe71c, 0xe6db, 0xff1d, 0xd432, 0xa1e9, 0xbb4f, 0xfebb, 0xef1c, 0xe73c, 0xef3c, 0xeedb, 0xd5f7, 0xeedb, 0xf73d,
  0xeefc, 0xe71d, 0xe73d, 0xe73c, 0xe73c, 0xe73c, 0xe73c, 0xe73d, 0xe73d, 0xe71d, 0xe73d, 0xef1c, 0xef1c, 0xef1c, 0xeefb, 0xef1b,
  0xef1c, 0xf73d, 0xe576, 0xabcf, 0xf71b, 0xe71c, 0xff3d, 0xc3f1, 0x922a, 0xfe5a, 0xf73c, 0xeefb, 0xef3c, 0xe73c, 0xe71c, 0xe73c,
  0xe73c, 0xe71c, 0xe71c, 0xe71c, 0xe71c, 0xef1c, 0xef3c, 0xde9a, 0xe69a, 0xf75d, 0xe69a, 0xb514, 0xff3d, 0xeefc, 0xe73c, 0xdf3c,
  0xf75d, 0xb514, 0xde59, 0xf73d, 0xe6fc, 0xe73c, 0xdf1c, 0xe71c, 0xe71c, 0xe71d, 0xe71d, 0xeefc, 0xeefc, 0xf71c, 0xef3c, 0xef1c,
  0xef1c, 0xe69a, 0xc5b6, 0xddd8, 0xfe5a, 0xc411, 0xcc11, 0xcc11, 0xe618, 0xe6da, 0xdeba, 0xde9a, 0xdeba, 0xde99, 0xde99, 0xd679,
  0xd678, 0xd658, 0xd658, 0xd637, 0xce36, 0xce16, 0xcdf5, 0xcdf5, 0xc5d5, 0xc5b5, 0xc594, 0xce37, 0xffbe, 0x8c71, 0x0000, 0x0000,
  0x0000, 0x0000, 0x0000, 0x0000, 0x0000, 0x0000, 0x0000, 0x0000, 0x0000, 0x0000, 0x0000, 0x0000, 0x0000, 0x0000, 0x0000, 0x0000,
  0x0000, 0x0000, 0x0000, 0x0000, 0x0000, 0x0000, 0x0000, 0x0000, 0x0000, 0x0000, 0x0000, 0x0000, 0x0000, 0x0000, 0x0000, 0x0000,
  0x0000, 0x0000, 0x0000, 0x0000, 0x0000, 0x0000, 0x0000, 0x0000, 0x0000, 0x0000, 0x0000, 0x0000, 0x0000, 0x0000, 0x0000, 0x0000,
  0x0000, 0x0000, 0x0000, 0x0000, 0x0000, 0x0000, 0x0000, 0x0000, 0x0000, 0x0000, 0x0000, 0x0000, 0x0000, 0x0000, 0x0000, 0x0000,
  0x0000, 0x0020, 0x0000, 0xad55, 0xef7d, 0xd658, 0xbd94, 0xc5b4, 0xcdd4, 0xcdd4, 0xcdf5, 0xce16, 0xd617, 0xd617, 0xd637, 0xd637,
  0xde58, 0xde78, 0xde79, 0xde79, 0xde99, 0xde9a, 0xde9a, 0xdeba, 0xe6db, 0xe6db, 0xe6db, 0xe6db, 0xe6db, 0xeefb, 0xdeba, 0xd679,
  0xeefb, 0xef1c, 0xeefc, 0xef1c, 0xf71c, 0xeedb, 0xbd14, 0xcd76, 0xd5f8, 0xf71c, 0xe71c, 0xe71c, 0xe71c, 0xe73c, 0xe73c, 0xe71c,
  0xff3d, 0xcc52, 0xba8c, 0xba6c, 0xd472, 0xff3c, 0xe71b, 0xef3c, 0xf73d, 0xef1c, 0xce18, 0xeefc, 0xef1c, 0xe71c, 0xe73c, 0xe73c,
  0xef1c, 0xeefc, 0xe71c, 0xe71c, 0xe71c, 0xe73c, 0xdf3b, 0xe6fb, 0xdf1b, 0xe71b, 0xe71c, 0xe71c, 0xe71c, 0xf75d, 0xd4d4, 0xb3d0,
  0xff3c, 0xe71b, 0xf75d, 0xf639, 0x9a2a, 0xb30e, 0xfe9b, 0xf71c, 0xe71c, 0xe73c, 0xef1c, 0xe71c, 0xe73c, 0xef1c, 0xef1c, 0xef1c,
  0xef1c, 0xef1c, 0xef3c, 0xde9a, 0xe6fc, 0xf73d, 0xcdb7, 0xde7a, 0xf73d, 0xef1c, 0xef1c, 0xef1c, 0xf73d, 0xbd14, 0xe639, 0xef3d,
  0xe6fc, 0xe71c, 0xe71c, 0xe71c, 0xef1c, 0xe71c, 0xe73c, 0xef1c, 0xf6fc, 0xe67a, 0xce38, 0xcdd7, 0xd5d7, 0xcdb6, 0xde38, 0xff3c,
  0xdd15, 0xc411, 0xdcd4, 0xc452, 0xee9a, 0xdeda, 0xdeba, 0xde99, 0xde99, 0xde79, 0xde79, 0xd659, 0xd658, 0xd638, 0xd638, 0xce37,
  0xce36, 0xce16, 0xcdf5, 0xcdd5, 0xc5d5, 0xbd94, 0xc5f6, 0xe71b, 0xd69a, 0x1082, 0x0000, 0x0000, 0x0000, 0x0000, 0x0000, 0x0000,
  0x0000, 0x0000, 0x0000, 0x0000, 0x0000, 0x0000, 0x0000, 0x0000, 0x0000, 0x0000, 0x0000, 0x0000, 0x0000, 0x0000, 0x0000, 0x0000,
  0x0000, 0x0000, 0x0000, 0x0000, 0x0000, 0x0000, 0x0000, 0x0000, 0x0000, 0x0000, 0x0000, 0x0000, 0x0000, 0x0000, 0x0000, 0x0000,
  0x0000, 0x0000, 0x0000, 0x0000, 0x0000, 0x0000, 0x0000, 0x0000, 0x0000, 0x0000, 0x0000, 0x0000, 0x0000, 0x0000, 0x0000, 0x0000,
  0x0000, 0x0000, 0x0000, 0x0000, 0x0000, 0x0000, 0x0000, 0x0000, 0x0000, 0x0000, 0x0000, 0x0000, 0x0000, 0x0000, 0x0000, 0x2945,
  0xe71b, 0xe6fa, 0xce16, 0xbd94, 0xc5b4, 0xc5d4, 0xcdd5, 0xcdf6, 0xce16, 0xce16, 0xd617, 0xd637, 0xd658, 0xde58, 0xde58, 0xde79,
  0xde99, 0xde99, 0xde99, 0xde9a, 0xe6ba, 0xe6db, 0xe6bb, 0xe6db, 0xe6db, 0xe6db, 0xef1c, 0xdeba, 0xce38, 0xdeba, 0xe6db, 0xeefc,
  0xe6bb, 0xbd35, 0xcd76, 0xcdb7, 0xeedb, 0xef1c, 0xe71c, 0xef1c, 0xe71c, 0xe71c, 0xe73c, 0xe71c, 0xff5d, 0xc431, 0xcc11, 0xd431,
  0x926a, 0xdd76, 0xff3c, 0xeefb, 0xef3c, 0xef1c, 0xe6bb, 0xde9a, 0xef1c, 0xe71c, 0xe71c, 0xe71c, 0xef1c, 0xe71c, 0xe73c, 0xe73c,
  0xef3c, 0xeefc, 0xf73c, 0xf77d, 0xf77d, 0xef7d, 0xf73c, 0xf73c, 0xf73c, 0xff1c, 0xa32d, 0xd535, 0xff7d, 0xdf1b, 0xe71c, 0xff1c,
  0xcc52, 0x89e9, 0xbbf0, 0xfefc, 0xef1c, 0xef3c, 0xef1c, 0xe71c, 0xe73c, 0xef1c, 0xef1c, 0xef1c, 0xef3c, 0xe6fc, 0xe6fc, 0xe6fb,
  0xef1c, 0xe6bb, 0xcdb7, 0xf71d, 0xef1c, 0xef1c, 0xef1c, 0xe6fc, 0xf75d, 0xc535, 0xde18, 0xef3d, 0xe71c, 0xe71c, 0xe71c, 0xe71c,
  0xef1c, 0xe71c, 0xe71c, 0xef1c, 0xcdb7, 0xcdf8, 0xd679, 0xd659, 0xe69a, 0xf6db, 0xfefb, 0xee38, 0xb410, 0xed56, 0xdcd4, 0xc472,
  0xf69a, 0xdeba, 0xde99, 0xde79, 0xde79, 0xde79, 0xd679, 0xd658, 0xd638, 0xd637, 0xce37, 0xce17, 0xce16, 0xcdf5, 0xcdd5, 0xc5d4,
  0xc5b4, 0xbd94, 0xde99, 0xffbe, 0x39e8, 0x0000, 0x0000, 0x0000, 0x0000, 0x0000, 0x0000, 0x0000, 0x0000, 0x0000, 0x0000, 0x0000,
  0x0000, 0x0000, 0x0000, 0x0000, 0x0000, 0x0000, 0x0000, 0x0000, 0x0000, 0x0000, 0x0000, 0x0000, 0x0000, 0x0000, 0x0000, 0x0000,
  0x0000, 0x0000, 0x0000, 0x0000, 0x0000, 0x0000, 0x0000, 0x0000, 0x0000, 0x0000, 0x0000, 0x0000, 0x0000, 0x0000, 0x0000, 0x0000,
  0x0000, 0x0000, 0x0000, 0x0000, 0x0000, 0x0000, 0x0000, 0x0000, 0x0000, 0x0000, 0x0000, 0x0000, 0x0000, 0x0000, 0x0000, 0x0000,
  0x0000, 0x0000, 0x0000, 0x0000, 0x0000, 0x0000, 0x0000, 0x0000, 0x0000, 0x0000, 0x0000, 0x0000, 0x6b6d, 0xf77d, 0xde99, 0xc5d5,
  0xc5b4, 0xc5b4, 0xc5d5, 0xcdf5, 0xcdf6, 0xcdf6, 0xce16, 0xd617, 0xd637, 0xd658, 0xde58, 0xde78, 0xde99, 0xde99, 0xde99, 0xde99,
  0xde9a, 0xe6ba, 0xe6ba, 0xde9a, 0xde9a, 0xde9a, 0xe6db, 0xeefb, 0xe6db, 0xce38, 0xd659, 0xd639, 0xcdb7, 0xe639, 0xddd8, 0xe69a,
  0xef3c, 0xe73c, 0xe71c, 0xef1c, 0xeefc, 0xe71c, 0xe71c, 0xe71c, 0xff5d, 0xbc31, 0xb410, 0xfefb, 0xbbf0, 0x924b, 0xedb7, 0xf71c,
  0xef1c, 0xef1c, 0xef3c, 0xe6db, 0xe6fc, 0xef1c, 0xef1c, 0xe71c, 0xe71c, 0xe73c, 0xe73c, 0xe73c, 0xef1c, 0xff3d, 0xe639, 0xc535,
  0xbcf4, 0xd596, 0xee39, 0xee19, 0xf5d8, 0xb36f, 0xabaf, 0xfefc, 0xeefc, 0xe73c, 0xdf1c, 0xf71c, 0xf65a, 0xab0d, 0xab0d, 0xc4d3,
  0xff3d, 0xe6fc, 0xef1d, 0xe71d, 0xe71c, 0xef1c, 0xef1c, 0xef1c, 0xef1c, 0xef3c, 0xe6fb, 0xef1c, 0xef3d, 0xd659, 0xde39, 0xef1c,
  0xef1c, 0xe71c, 0xef1c, 0xef1c, 0xf73d, 0xd5f8, 0xd5d8, 0xef3d, 0xe71c, 0xe71c, 0xe71c, 0xe71c, 0xef1c, 0xe71c, 0xef3c, 0xd659,
  0xd639, 0xf73d, 0xe71b, 0xef3c, 0xeefb, 0xf6db, 0xfebb, 0xbc92, 0xcd35, 0xfe39, 0xc431, 0xc493, 0xee59, 0xe6ba, 0xde99, 0xde79,
  0xde59, 0xd659, 0xd658, 0xd638, 0xd637, 0xce37, 0xce17, 0xce17, 0xcdf6, 0xcdf5, 0xc5d4, 0xc5d4, 0xbd93, 0xce37, 0xf79d, 0x8410,
  0x0000, 0x0020, 0x0000, 0x0000, 0x0000, 0x0000, 0x0000, 0x0000, 0x0000, 0x0000, 0x0000, 0x0000, 0x0000, 0x0000, 0x0000, 0x0000,
  0x0000, 0x0000, 0x0000, 0x0000, 0x0000, 0x0000, 0x0000, 0x0000, 0x0000, 0x0000, 0x0000, 0x0000, 0x0000, 0x0000, 0x0000, 0x0000,
  0x0000, 0x0000, 0x0000, 0x0000, 0x0000, 0x0000, 0x0000, 0x0000, 0x0000, 0x0000, 0x0000, 0x0000, 0x0000, 0x0000, 0x0000, 0x0000,
  0x0000, 0x0000, 0x0000, 0x0000, 0x0000, 0x0000, 0x0000, 0x0000, 0x0000, 0x0000, 0x0000, 0x0000, 0x0000, 0x0000, 0x0000, 0x0000,
  0x0000, 0x0000, 0x0000, 0x0000, 0x0000, 0x0000, 0x0000, 0x0000, 0x0000, 0xbdd6, 0xef5c, 0xce37, 0xbdb4, 0xc5b4, 0xc5d5, 0xc5d5,
  0xcdf5, 0xcdf6, 0xce16, 0xd616, 0xd637, 0xd637, 0xd658, 0xd658, 0xd678, 0xde79, 0xde99, 0xde99, 0xde79, 0xde9a, 0xde9a, 0xde9a,
  0xe6bb, 0xdeba, 0xd679, 0xe6bb, 0xef1c, 0xeefb, 0xeefb, 0xe6db, 0xf71c, 0xde19, 0xe659, 0xf6fc, 0xe71c, 0xe73c, 0xef1c, 0xeefc,
  0xeefc, 0xe71c, 0xef3c, 0xe71c, 0xf73d, 0xc472, 0xc4f3, 0xff5c, 0xfebb, 0xbb8f, 0x9aac, 0xee59, 0xf73c, 0xe71c, 0xe71c, 0xe71c,
  0xef1c, 0xef1c, 0xef1c, 0xe71c, 0xe73d, 0xe73c, 0xe73c, 0xe6fc, 0xf71c, 0xc515, 0xac11, 0xcd15, 0xcd15, 0xc494, 0xbbf1, 0xb3b0,
  0x922a, 0xb30e, 0xfe9b, 0xf71c, 0xe71c, 0xe73c, 0xe73c, 0xeefc, 0xff3d, 0xc472, 0xd452, 0xbc11, 0xd597, 0xf73d, 0xe71d, 0xe71d,
  0xe71c, 0xef1c, 0xef1c, 0xef1c, 0xef1c, 0xef1c, 0xe71c, 0xe71c, 0xef1c, 0xd659, 0xeedb, 0xeefc, 0xe71c, 0xe71c, 0xef1c, 0xe6fc,
  0xef1c, 0xde59, 0xc596, 0xef3d, 0xe71d, 0xe73d, 0xe71c, 0xe71c, 0xef1c, 0xef1c, 0xeefc, 0xcdf8, 0xef1c, 0xe6db, 0xe6fb, 0xe6db,
  0xeefb, 0xf6bb, 0xc4f4, 0xbc52, 0xfeba, 0xedb7, 0xc431, 0xc4b3, 0xe659, 0xe699, 0xde99, 0xde79, 0xde59, 0xd658, 0xd658, 0xd638,
  0xce37, 0xce17, 0xce16, 0xcdf6, 0xcdf6, 0xc5d5, 0xc5d4, 0xc5b4, 0xc5f5, 0xe71b, 0xe71b, 0x10a2, 0x0000, 0x0000, 0x0000, 0x0000,
  0x0000, 0x0000, 0x0000, 0x0000, 0x0000, 0x0000, 0x0000, 0x0000, 0x0000, 0x0000, 0x0000, 0x0000, 0x0000, 0x0000, 0x0000, 0x0000,
  0x0000, 0x0000, 0x0000, 0x0000, 0x0000, 0x0000, 0x0000, 0x0000, 0x0000, 0x0000, 0x0000, 0x0000, 0x0000, 0x0000, 0x0000, 0x0000,
  0x0000, 0x0000, 0x0000, 0x0000, 0x0000, 0x0000, 0x0000, 0x0000, 0x0000, 0x0000, 0x0000, 0x0000, 0x0000, 0x0000, 0x0000, 0x0000,
  0x0000, 0x0000, 0x0000, 0x0000, 0x0000, 0x0000, 0x0000, 0x0000, 0x0000, 0x0000, 0x0000, 0x0000, 0x0000, 0x0000, 0x0000, 0x0000,
  0x0000, 0x0000, 0x0000, 0x0000, 0x0000, 0x18e3, 0xdefb, 0xded9, 0xce16, 0xbd94, 0xc594, 0xc5d4, 0xcdf5, 0xcdf5, 0xcdf5, 0xce16,
  0xd616, 0xd637, 0xd637, 0xd658, 0xd658, 0xd678, 0xde99, 0xde99, 0xde99, 0xde9a, 0xde9a, 0xdeba, 0xe6db, 0xe6db, 0xe6ba, 0xde79,
  0xde9a, 0xe6fb, 0xe6fb, 0xe6fb, 0xd638, 0xde7a, 0xf6fc, 0xeedb, 0xe71c, 0xe73c, 0xef1c, 0xef1c, 0xef1c, 0xe71c, 0xe71c, 0xef1c,
  0xf6dc, 0xb410, 0xd5d7, 0xef3b, 0xf6fc, 0xfe7b, 0xab2e, 0xb3f0, 0xff1c, 0xe6fc, 0xef3c, 0xe71c, 0xe71c, 0xe71c, 0xef1c, 0xe71c,
  0xe71c, 0xe71c, 0xeefc, 0xff5e, 0xbd14, 0xc535, 0xf6fc, 0xff3d, 0xff3d, 0xff1d, 0xedf9, 0xb411, 0xabf0, 0xfe9b, 0xf71c, 0xeefc,
  0xef1c, 0xe73c, 0xe73c, 0xe71c, 0xef3d, 0xee19, 0xb3af, 0xedf9, 0xb411, 0xf6fd, 0xe71c, 0xe71d, 0xef1c, 0xef1c, 0xef1c, 0xef1c,
  0xef1c, 0xe71c, 0xe71c, 0xe71c, 0xeefc, 0xd639, 0xeefc, 0xef1c, 0xe71c, 0xe71c, 0xef1c, 0xeefc, 0xef1c, 0xde39, 0xcdb7, 0xf73d,
  0xe71c, 0xdf1c, 0xe71c, 0xef1c, 0xe6fc, 0xeefc, 0xe6bb, 0xd639, 0xe6fc, 0xe6fc, 0xeefc, 0xeefb, 0xeebb, 0xc514, 0xb451, 0xee19,
  0xf69a, 0xccb3, 0xcc93, 0xd555, 0xe658, 0xde99, 0xd699, 0xde59, 0xde59, 0xd658, 0xd658, 0xd637, 0xce37, 0xce17, 0xce16, 0xcdf6,
  0xcdf5, 0xc5b4, 0xc594, 0xc5b5, 0xdeb9, 0xf79d, 0x630c, 0x0000, 0x0000, 0x0000, 0x0000, 0x0000, 0x0000, 0x0000, 0x0000, 0x0000,
  0x0000, 0x0000, 0x0000, 0x0000, 0x0000, 0x0000, 0x0000, 0x0000, 0x0000, 0x0000, 0x0000, 0x0000, 0x0000, 0x0000, 0x0000, 0x0000,
  0x0000, 0x0000, 0x0000, 0x0000, 0x0000, 0x0000, 0x0000, 0x0000, 0x0000, 0x0000, 0x0000, 0x0000, 0x0000, 0x0000, 0x0000, 0x0000,
  0x0000, 0x0000, 0x0000, 0x0000, 0x0000, 0x0000, 0x0000, 0x0000, 0x0000, 0x0000, 0x0000, 0x0000, 0x0000, 0x0000, 0x0000, 0x0000,
  0x0000, 0x0000, 0x0000, 0x0000, 0x0000, 0x0000, 0x0000, 0x0000, 0x0000, 0x0000, 0x0000, 0x0000, 0x0000, 0x0000, 0x0000, 0x0000,
  0x0020, 0x0000, 0x8c71, 0xffbe, 0xde78, 0xc5d5, 0xc594, 0xc5b4, 0xc5d4, 0xcdd5, 0xcdf5, 0xcdf5, 0xce16, 0xd617, 0xd637, 0xd637,
  0xd658, 0xd658, 0xd678, 0xde99, 0xde99, 0xdeb9, 0xdeba, 0xde9a, 0xe6bb, 0xe6db, 0xe6db, 0xe6bb, 0xde9a, 0xde9a, 0xde9a, 0xd679,
  0xdeba, 0xef1c, 0xe6fb, 0xeefc, 0xe71c, 0xe71c, 0xef1c, 0xef1c, 0xe71c, 0xe73c, 0xe71c, 0xf71d, 0xf67a, 0xab8f, 0xee7a, 0xe73c,
  0xe71b, 0xf71c, 0xe577, 0x9a8c, 0xee5a, 0xef1c, 0xeefc, 0xe71c, 0xe71c, 0xe71c, 0xef1c, 0xef3c, 0xef3d, 0xeefc, 0xfefd, 0xccf5,
  0xc535, 0xff5d, 0xeefb, 0xf73c, 0xee7a, 0xac52, 0xac31, 0xcd35, 0xff1c, 0xef3c, 0xe71c, 0xef1d, 0xe71d, 0xe71d, 0xe71d, 0xe71d,
  0xe71d, 0xf6fc, 0xac10, 0xee19, 0xc4d5, 0xd5b8, 0xf75d, 0xef3c, 0xe6fc, 0xef1c, 0xef1c, 0xef1c, 0xef1c, 0xe71c, 0xe71c, 0xe71c,
  0xef1c, 0xeefc, 0xef1c, 0xe71c, 0xe71c, 0xe71c, 0xe71c, 0xeefc, 0xf73c, 0xde18, 0xddf8, 0xf71d, 0xe71d, 0xe73d, 0xef1c, 0xef1c,
  0xe71c, 0xef1c, 0xde7a, 0xe6bb, 0xef3c, 0xe6db, 0xeedb, 0xf6db, 0xc4f4, 0xb472, 0xe618, 0xfedb, 0xdd96, 0xbc31, 0xe576, 0xd596,
  0xe679, 0xde79, 0xd699, 0xd659, 0xde38, 0xd658, 0xd637, 0xce37, 0xce17, 0xcdf6, 0xc5f6, 0xcdf5, 0xc5d4, 0xc5b4, 0xc594, 0xd658,
  0xf75c, 0xb5b5, 0x0000, 0x0000, 0x0000, 0x0000, 0x0000, 0x0000, 0x0000, 0x0000, 0x0000, 0x0000, 0x0000, 0x0000, 0x0000, 0x0000,
  0x0000, 0x0000, 0x0000, 0x0000, 0x0000, 0x0000, 0x0000, 0x0000, 0x0000, 0x0000, 0x0000, 0x0000, 0x0000, 0x0000, 0x0000, 0x0000,
  0x0000, 0x0000, 0x0000, 0x0000, 0x0000, 0x0000, 0x0000, 0x0000, 0x0000, 0x0000, 0x0000, 0x0000, 0x0000, 0x0000, 0x0000, 0x0000,
  0x0000, 0x0000, 0x0000, 0x0000, 0x0000, 0x0000, 0x0000, 0x0000, 0x0000, 0x0000, 0x0000, 0x0000, 0x0000, 0x0000, 0x0000, 0x0000,
  0x0000, 0x0000, 0x0000, 0x0000, 0x0000, 0x0000, 0x0000, 0x0000, 0x0000, 0x0000, 0x0000, 0x0000, 0x0000, 0x0000, 0x10a2, 0xbdd6,
  0xef3b, 0xd658, 0xc5b5, 0xc5b4, 0xc5b4, 0xc5d5, 0xcdd5, 0xcdf5, 0xcdf6, 0xce16, 0xd617, 0xd637, 0xd637, 0xd658, 0xd658, 0xd678,
  0xde79, 0xde99, 0xde99, 0xdeba, 0xdeba, 0xdeba, 0xe6bb, 0xe6db, 0xe6db, 0xdeba, 0xe6ba, 0xe6fb, 0xe71b, 0xdefb, 0xe71b, 0xe6fb,
  0xe6fc, 0xef1c, 0xef1c, 0xe71c, 0xe73c, 0xe75c, 0xe6fb, 0xff3d, 0xccf5, 0xbc52, 0xff1d, 0xe6fc, 0xdf5c, 0xe73c, 0xfebb, 0xb30e,
  0xd556, 0xf73d, 0xeefc, 0xef3c, 0xe71c, 0xe73c, 0xe71c, 0xe71c, 0xe71c, 0xff1d, 0xd516, 0xabd1, 0xf6dc, 0xef1c, 0xef3c, 0xf6fb,
  0xb452, 0xdd97, 0xfefd, 0xff1d, 0xeefc, 0xe73c, 0xe73d, 0xe71d, 0xe71d, 0xef1d, 0xef1d, 0xef1d, 0xe71c, 0xf75d, 0xbcf3, 0xdd97,
  0xdd77, 0xc536, 0xff7e, 0xe71c, 0xe71c, 0xe71c, 0xef1c, 0xef1c, 0xef1c, 0xe71c, 0xe71c, 0xe71c, 0xef1c, 0xeefc, 0xef1c, 0xef3c,
  0xe73c, 0xe71c, 0xeefc, 0xf71d, 0xe6bb, 0xc555, 0xee9b, 0xeebb, 0xdedb, 0xdedb, 0xe6bb, 0xeefc, 0xe71c, 0xe6bb, 0xde59, 0xeefc,
  0xe6fb, 0xeefc, 0xee9a, 0xbcf4, 0xb452, 0xee39, 0xf6db, 0xddd7, 0xb431, 0xe576, 0xe596, 0xddf7, 0xe679, 0xd679, 0xce78, 0xd658,
  0xde38, 0xd637, 0xce37, 0xce17, 0xce16, 0xcdf6, 0xc5f5, 0xc5d5, 0xc5d4, 0xc594, 0xce16, 0xe6fb, 0xe71b, 0x18c3, 0x0000, 0x0000,
  0x0000, 0x0000, 0x0000, 0x0000, 0x0000, 0x0000, 0x0000, 0x0000, 0x0000, 0x0000, 0x0000, 0x0000, 0x0000, 0x0000, 0x0000, 0x0000,
  0x0000, 0x0000, 0x0000, 0x0000, 0x0000, 0x0000, 0x0000, 0x0000, 0x0000, 0x0000, 0x0000, 0x0000, 0x0000, 0x0000, 0x0000, 0x0000,
  0x0000, 0x0000, 0x0000, 0x0000, 0x0000, 0x0000, 0x0000, 0x0000, 0x0000, 0x0000, 0x0000, 0x0000, 0x0000, 0x0000, 0x0000, 0x0000,
  0x0000, 0x0000, 0x0000, 0x0000, 0x0000, 0x0000, 0x0000, 0x0000, 0x0000, 0x0000, 0x0000, 0x0000, 0x0000, 0x0000, 0x0000, 0x0000,
  0x0000, 0x0000, 0x0000, 0x0000, 0x0000, 0x0000, 0x0000, 0x0000, 0x0000, 0x0000, 0x0000, 0x2104, 0xef7d, 0xdeda, 0xce37, 0xbd95,
  0xc5b5, 0xc5b4, 0xcdd5, 0xcdf5, 0xcdf5, 0xce16, 0xd616, 0xd637, 0xd638, 0xd658, 0xd658, 0xd679, 0xde79, 0xde79, 0xde79, 0xde9a,
  0xdeba, 0xe6ba, 0xe6ba, 0xe6ba, 0xe6ba, 0xe6fb, 0xe71b, 0xdefb, 0xdefb, 0xe71b, 0xe6fb, 0xe6fb, 0xe6fb, 0xe6fc, 0xe71d, 0xdf3d,
  0xdf1c, 0xdf1c, 0xf71c, 0xf639, 0xab6f, 0xe639, 0xf71d, 0xe6fc, 0xe71c, 0xe71c, 0xff1c, 0xbbf0, 0xc4d4, 0xf73d, 0xef1c, 0xe71c,
  0xe73c, 0xe73c, 0xe71c, 0xe71c, 0xef1c, 0xe65a, 0xc4d4, 0xddd8, 0xff3d, 0xef1c, 0xef5d, 0xe639, 0xc4d4, 0xff3d, 0xeefc, 0xef1c,
  0xeefc, 0xef1c, 0xe71c, 0xe71d, 0xe71d, 0xe71d, 0xef1d, 0xe71d, 0xe71c, 0xf73d, 0xd5b7, 0xdd97, 0xee3a, 0xcd96, 0xf73d, 0xef1c,
  0xe71c, 0xe71c, 0xe71c, 0xe71c, 0xe71c, 0xe71c, 0xe71c, 0xe71c, 0xe71c, 0xe6fc, 0xef1c, 0xeefc, 0xeefc, 0xf71c, 0xeefc, 0xddf8,
  0xcd97, 0xeedb, 0xf6fc, 0xeedb, 0xe6fc, 0xe6db, 0xde7a, 0xe67a, 0xde79, 0xde9a, 0xe6db, 0xeedb, 0xf6fc, 0xee5a, 0xbc72, 0xbc93,
  0xee9a, 0xfedb, 0xe5d8, 0xbc52, 0xdd56, 0xee19, 0xcd56, 0xe679, 0xde59, 0xd679, 0xd658, 0xd658, 0xd637, 0xd636, 0xd616, 0xd5f6,
  0xd5f6, 0xcdd5, 0xcdd5, 0xc5d4, 0xbd94, 0xc5f6, 0xd678, 0xfffe, 0x8c71, 0x0000, 0x0020, 0x0000, 0x0000, 0x0000, 0x0000, 0x0000,
  0x0000, 0x0000, 0x0000, 0x0000, 0x0000, 0x0000, 0x0000, 0x0000, 0x0000, 0x0000, 0x0000, 0x0000, 0x0000, 0x0000, 0x0000, 0x0000,
  0x0000, 0x0000, 0x0000, 0x0000, 0x0000, 0x0000, 0x0000, 0x0000, 0x0000, 0x0000, 0x0000, 0x0000, 0x0000, 0x0000, 0x0000, 0x0000,
  0x0000, 0x0000, 0x0000, 0x0000, 0x0000, 0x0000, 0x0000, 0x0000, 0x0000, 0x0000, 0x0000, 0x0000, 0x0000, 0x0000, 0x0000, 0x0000,
  0x0000, 0x0000, 0x0000, 0x0000, 0x0000, 0x0000, 0x0000, 0x0000, 0x0000, 0x0000, 0x0000, 0x0000, 0x0000, 0x0000, 0x0000, 0x0000,
  0x0000, 0x0000, 0x0000, 0x0000, 0x0000, 0x0000, 0x0020, 0x0000, 0x52aa, 0xef5c, 0xe6da, 0xc5d6, 0xbd94, 0xc594, 0xcdd5, 0xc5d4,
  0xcdf5, 0xcdf5, 0xd616, 0xd616, 0xd637, 0xd638, 0xd658, 0xd658, 0xd659, 0xd679, 0xde79, 0xde9a, 0xde9a, 0xd638, 0xe69a, 0xe6ba,
  0xe6ba, 0xe6db, 0xdeda, 0xe6db, 0xe6db, 0xe6fb, 0xeefb, 0xf71c, 0xf71c, 0xf71c, 0xf6fd, 0xeefc, 0xef1c, 0xf73d, 0xf6bb, 0xac11,
  0xd536, 0xf73d, 0xeefc, 0xef1d, 0xe71c, 0xe71c, 0xf6bb, 0xab6f, 0xd556, 0xf73d, 0xef3c, 0xe73c, 0xe71c, 0xe71c, 0xe71c, 0xe71c,
  0xf73c, 0xd5d7, 0xddb8, 0xee7b, 0xf71d, 0xef1d, 0xef3d, 0xee7a, 0xbcb3, 0xf6bb, 0xf71c, 0xef1c, 0xef1c, 0xe71c, 0xe71c, 0xe71d,
  0xe71d, 0xe71d, 0xe71d, 0xe71d, 0xe71c, 0xf75d, 0xd5b7, 0xdd97, 0xddb7, 0xcd55, 0xff5d, 0xe6fc, 0xe73d, 0xe71c, 0xe71c, 0xe71c,
  0xe71c, 0xe71c, 0xe71c, 0xe71c, 0xe71c, 0xe71c, 0xef1c, 0xeefc, 0xef1c, 0xe6db, 0xd639, 0xde59, 0xeedb, 0xef3d, 0xef1c, 0xeefc,
  0xe71c, 0xe6fb, 0xef1c, 0xe6fb, 0xe6db, 0xeefb, 0xeedb, 0xf6db, 0xd576, 0xb452, 0xd535, 0xf69a, 0xf6db, 0xddd7, 0xb472, 0xd576,
  0xf67a, 0xc535, 0xd5b7, 0xe67a, 0xd658, 0xd658, 0xd658, 0xd638, 0xd637, 0xd616, 0xd5f6, 0xd5f6, 0xcdf5, 0xc5b4, 0xcdd5, 0xc5b5,
  0xbdb5, 0xd678, 0xf79d, 0x7bce, 0x0861, 0x0000, 0x0000, 0x0000, 0x0000, 0x0000, 0x0000, 0x0000, 0x0000, 0x0000, 0x0000, 0x0000,
  0x0000, 0x0000, 0x0000, 0x0000, 0x0000, 0x0000, 0x0000, 0x0000, 0x0000, 0x0000, 0x0000, 0x0000, 0x0000, 0x0000, 0x0000, 0x0000,
  0x0000, 0x0000, 0x0000, 0x0000, 0x0000, 0x0000, 0x0000, 0x0000, 0x0000, 0x0000, 0x0000, 0x0000, 0x0000, 0x0000, 0x0000, 0x0000,
  0x0000, 0x0000, 0x0000, 0x0000, 0x0000, 0x0000, 0x0000, 0x0000, 0x0000, 0x0000, 0x0000, 0x0000, 0x0000, 0x0000, 0x0000, 0x0000,
  0x0000, 0x0000, 0x0000, 0x0000, 0x0000, 0x0000, 0x0000, 0x0000, 0x0000, 0x0000, 0x0000, 0x0000, 0x0000, 0x0000, 0x0000, 0x0000,
  0x0000, 0x0000, 0x0000, 0x0000, 0x0000, 0x528a, 0xf75c, 0xdeba, 0xc5d5, 0xc594, 0xc5b4, 0xcdd5, 0xcdd5, 0xcdf5, 0xcdf5, 0xce16,
  0xce17, 0xce37, 0xd638, 0xd638, 0xd658, 0xd659, 0xde79, 0xde99, 0xd618, 0xd618, 0xcdd7, 0xe69a, 0xeebb, 0xe6ba, 0xe6ba, 0xeedb,
  0xeedb, 0xe67a, 0xddf8, 0xcd96, 0xcd76, 0xcd76, 0xd577, 0xf63a, 0xfebb, 0xe619, 0xa411, 0xc535, 0xf6fc, 0xe6fc, 0xe71c, 0xe71c,
  0xe6fc, 0xf71c, 0xee19, 0xa30d, 0xf65a, 0xf71d, 0xe6fc, 0xe71c, 0xe71c, 0xe71c, 0xe71c, 0xef1c, 0xeefb, 0xde19, 0xe619, 0xeebb,
  0xeefc, 0xef1d, 0xe6fc, 0xf73c, 0xd5d7, 0xb4b3, 0xf6fc, 0xf6fc, 0xef1c, 0xe71c, 0xe71c, 0xe71d, 0xe71d, 0xe71d, 0xe71d, 0xe71d,
  0xe71c, 0xf73d, 0xd597, 0xe619, 0xd597, 0xddd7, 0xf73d, 0xe71c, 0xe71c, 0xe71c, 0xe71c, 0xe71c, 0xe71c, 0xe71c, 0xe71c, 0xe71c,
  0xe71c, 0xe71c, 0xe71c, 0xef1c, 0xeefc, 0xd67a, 0xe6db, 0xef1c, 0xe71c, 0xe71c, 0xe71c, 0xe71c, 0xe71c, 0xe6fc, 0xe6fb, 0xeefb,
  0xeefb, 0xfefc, 0xf67a, 0xc4d4, 0xb472, 0xddd8, 0xeedb, 0xeeba, 0xdd96, 0xb492, 0xcd96, 0xeeba, 0xde18, 0xcd76, 0xde38, 0xde59,
  0xd658, 0xd638, 0xd657, 0xd637, 0xd617, 0xcdf6, 0xcdf6, 0xcdf5, 0xcdd5, 0xcdd5, 0xc5d5, 0xbd95, 0xd638, 0xf79d, 0xad75, 0x0000,
  0x0000, 0x0000, 0x0000, 0x0000, 0x0000, 0x0000, 0x0000, 0x0000, 0x0000, 0x0000, 0x0000, 0x0000, 0x0000, 0x0000, 0x0000, 0x0000,
  0x0000, 0x0000, 0x0000, 0x0000, 0x0000, 0x0000, 0x0000, 0x0000, 0x0000, 0x0000, 0x0000, 0x0000, 0x0000, 0x0000, 0x0000, 0x0000,
  0x0000, 0x0000, 0x0000, 0x0000, 0x0000, 0x0000, 0x0000, 0x0000, 0x0000, 0x0000, 0x0000, 0x0000, 0x0000, 0x0000, 0x0000, 0x0000,
  0x0000, 0x0000, 0x0000, 0x0000, 0x0000, 0x0000, 0x0000, 0x0000, 0x0000, 0x0000, 0x0000, 0x0000, 0x0000, 0x0000, 0x0000, 0x0000,
  0x0000, 0x0000, 0x0000, 0x0000, 0x0000, 0x0000, 0x0000, 0x0000, 0x0000, 0x0000, 0x0000, 0x0000, 0x0000, 0x0000, 0x0000, 0x0000,
  0x0000, 0x0000, 0x7bef, 0xdefb, 0xd658, 0xc5d6, 0xbd94, 0xc5b4, 0xc5d5, 0xcdd5, 0xcdf5, 0xcdf6, 0xce16, 0xce17, 0xd637, 0xd637,
  0xd638, 0xd658, 0xd658, 0xd618, 0xde38, 0xe6ba, 0xd618, 0xcdb6, 0xe69a, 0xeeba, 0xeeba, 0xe659, 0xcd96, 0xc535, 0xcd76, 0xd576,
  0xd556, 0xd556, 0xccb3, 0xb3d0, 0xb3d0, 0xb411, 0xddd8, 0xf73d, 0xe6fc, 0xe71c, 0xe71c, 0xe71c, 0xeefb, 0xff1c, 0xb432, 0xc432,
  0xfefc, 0xeefc, 0xef1c, 0xe71c, 0xe73c, 0xe71c, 0xef1c, 0xef1c, 0xeebb, 0xd5d8, 0xde39, 0xeebb, 0xef1d, 0xeefc, 0xef1c, 0xeefb,
  0xff5d, 0xd5b7, 0xddd8, 0xff1d, 0xeefc, 0xef1c, 0xe71c, 0xe71d, 0xe71d, 0xe71d, 0xe71d, 0xe71c, 0xe71d, 0xf75d, 0xbd15, 0xe619,
  0xcd15, 0xddf8, 0xf73c, 0xe71c, 0xe71c, 0xe71c, 0xe71c, 0xe71c, 0xe71c, 0xe71c, 0xe71c, 0xe71c, 0xef1c, 0xe71c, 0xe71c, 0xef1c,
  0xdedb, 0xe6fb, 0xef1c, 0xe71c, 0xe71c, 0xe73c, 0xe71c, 0xef3d, 0xe6fc, 0xe6fc, 0xe6fc, 0xff1c, 0xf6bb, 0xcd35, 0xb452, 0xc515,
  0xee9a, 0xeedb, 0xe6da, 0xddd7, 0xbc72, 0xdd96, 0xee9a, 0xe69a, 0xcdb6, 0xde38, 0xde38, 0xde38, 0xd658, 0xd657, 0xd637, 0xd637,
  0xce17, 0xcdf6, 0xcdd6, 0xcdd5, 0xcdd4, 0xc5b5, 0xbd95, 0xce38, 0xe6fb, 0xce38, 0x2124, 0x0000, 0x0000, 0x0000, 0x0000, 0x0000,
  0x0000, 0x0000, 0x0000, 0x0000, 0x0000, 0x0000, 0x0000, 0x0000, 0x0000, 0x0000, 0x0000, 0x0000, 0x0000, 0x0000, 0x0000, 0x0000,
  0x0000, 0x0000, 0x0000, 0x0000, 0x0000, 0x0000, 0x0000, 0x0000, 0x0000, 0x0000, 0x0000, 0x0000, 0x0000, 0x0000, 0x0000, 0x0000,
  0x0000, 0x0000, 0x0000, 0x0000, 0x0000, 0x0000, 0x0000, 0x0000, 0x0000, 0x0000, 0x0000, 0x0000, 0x0000, 0x0000, 0x0000, 0x0000,
  0x0000, 0x0000, 0x0000, 0x0000, 0x0000, 0x0000, 0x0000, 0x0000, 0x0000, 0x0000, 0x0000, 0x0000, 0x0000, 0x0000, 0x0000, 0x0000,
  0x0000, 0x0000, 0x0000, 0x0000, 0x0000, 0x0000, 0x0000, 0x0000, 0x0000, 0x0000, 0x0000, 0x0000, 0x0000, 0x0000, 0x0000, 0xdeda,
  0xef3c, 0xd658, 0xbdb5, 0xbdb4, 0xc5b4, 0xc5d5, 0xcdd5, 0xcdf6, 0xce16, 0xce16, 0xce37, 0xce37, 0xd637, 0xd638, 0xd637, 0xde38,
  0xe659, 0xde59, 0xe679, 0xd5f7, 0xc555, 0xcd55, 0xbd14, 0xbcf4, 0xddf7, 0xf69a, 0xfefb, 0xfebb, 0xee7a, 0xdd97, 0xc4b3, 0xc4b3,
  0xdd77, 0xf69b, 0xff1c, 0xe6db, 0xe73c, 0xe73c, 0xe6fc, 0xe6fb, 0xff3d, 0xcd35, 0xa38f, 0xf65a, 0xf71c, 0xeefc, 0xe71c, 0xe71c,
  0xe6fb, 0xe71c, 0xef1c, 0xf71c, 0xe69a, 0xde19, 0xe69b, 0xeefc, 0xe71c, 0xef1c, 0xeefc, 0xeefb, 0xf71c, 0xee7a, 0xbcd4, 0xf6fc,
  0xef1c, 0xef3c, 0xe71c, 0xe71c, 0xe71c, 0xe71c, 0xe71c, 0xe71c, 0xe6fc, 0xeefc, 0xc535, 0xf69a, 0xb431, 0xd596, 0xff5d, 0xe6fc,
  0xe71c, 0xe71c, 0xe71c, 0xe71c, 0xe71c, 0xe71c, 0xe71c, 0xe71c, 0xef1c, 0xe71c, 0xe71c, 0xef1c, 0xe6db, 0xe6fc, 0xe6fc, 0xe71c,
  0xe6fc, 0xef1c, 0xeefc, 0xeefb, 0xf71c, 0xf71c, 0xe67a, 0xd556, 0xb452, 0xc4b3, 0xe5f8, 0xf6db, 0xe6db, 0xe6da, 0xde38, 0xbc93,
  0xdd76, 0xf67a, 0xee79, 0xde38, 0xd5b6, 0xe659, 0xde58, 0xd638, 0xd637, 0xd637, 0xce17, 0xce16, 0xcdf6, 0xcdd6, 0xcdd5, 0xcdd5,
  0xc5b4, 0xbd94, 0xce17, 0xe6db, 0xffbe, 0x3186, 0x0000, 0x0020, 0x0000, 0x0000, 0x0000, 0x0000, 0x0000, 0x0000, 0x0000, 0x0000,
  0x0000, 0x0000, 0x0000, 0x0000, 0x0000, 0x0000, 0x0000, 0x0000, 0x0000, 0x0000, 0x0000, 0x0000, 0x0000, 0x0000, 0x0000, 0x0000,
  0x0000, 0x0000, 0x0000, 0x0000, 0x0000, 0x0000, 0x0000, 0x0000, 0x0000, 0x0000, 0x0000, 0x0000, 0x0000, 0x0000, 0x0000, 0x0000,
  0x0000, 0x0000, 0x0000, 0x0000, 0x0000, 0x0000, 0x0000, 0x0000, 0x0000, 0x0000, 0x0000, 0x0000, 0x0000, 0x0000, 0x0000, 0x0000,
  0x0000, 0x0000, 0x0000, 0x0000, 0x0000, 0x0000, 0x0000, 0x0000, 0x0000, 0x0000, 0x0000, 0x0000, 0x0000, 0x0000, 0x0000, 0x0000,
  0x0000, 0x0000, 0x0000, 0x0000, 0x0000, 0x0000, 0x0000, 0x0000, 0x0000, 0x0000, 0x0020, 0x39e7, 0xc618, 0xe71b, 0xce37, 0xbdb5,
  0xbd94, 0xc5b4, 0xcdd5, 0xcdf5, 0xcdf6, 0xcdf6, 0xce17, 0xce17, 0xce37, 0xd658, 0xd658, 0xde58, 0xde58, 0xde59, 0xe679, 0xee9a,
  0xee79, 0xd596, 0xb4b2, 0xe658, 0xf6db, 0xe679, 0xcdb6, 0xc555, 0xc554, 0xd5d7, 0xee59, 0xf6db, 0xf6fc, 0xeefc, 0xe6db, 0xe6fc,
  0xdefb, 0xe6fc, 0xeefc, 0xf71c, 0xd597, 0xa38f, 0xdd97, 0xff3d, 0xeefc, 0xef1c, 0xe71c, 0xe71c, 0xe71c, 0xef3c, 0xeefc, 0xf6fc,
  0xcdb7, 0xf6dc, 0xe6db, 0xdedb, 0xe71c, 0xef1c, 0xeefc, 0xf71c, 0xe69a, 0xcd56, 0xbcf4, 0xeedb, 0xef3c, 0xe6fb, 0xe71c, 0xe71c,
  0xe71c, 0xe71c, 0xe6fc, 0xe71c, 0xef3d, 0xe6bb, 0xc535, 0xf6bb, 0xc4d4, 0xd597, 0xef1c, 0xe71c, 0xef3d, 0xe71c, 0xe71c, 0xe71c,
  0xe71c, 0xe71c, 0xe71c, 0xe71c, 0xe71c, 0xe71c, 0xef1c, 0xeefc, 0xeefc, 0xeefc, 0xeefc, 0xf71c, 0xff1c, 0xf6bb, 0xf6db, 0xf6bb,
  0xe5f8, 0xc515, 0xb492, 0xc4d4, 0xddd8, 0xfedb, 0xeebb, 0xe69a, 0xe6ba, 0xe6db, 0xcd55, 0xc535, 0xee9a, 0xe679, 0xe679, 0xd618,
  0xd5f7, 0xde58, 0xd658, 0xd637, 0xd617, 0xd617, 0xce16, 0xce16, 0xcdf6, 0xcdf6, 0xcdd5, 0xc5b5, 0xbd74, 0xce16, 0xdeba, 0xf77d,
  0x6b6d, 0x0000, 0x0000, 0x0000, 0x0000, 0x0000, 0x0000, 0x0000, 0x0000, 0x0000, 0x0000, 0x0000, 0x0000, 0x0000, 0x0000, 0x0000,
  0x0000, 0x0000, 0x0000, 0x0000, 0x0000, 0x0000, 0x0000, 0x0000, 0x0000, 0x0000, 0x0000, 0x0000, 0x0000, 0x0000, 0x0000, 0x0000,
  0x0000, 0x0000, 0x0000, 0x0000, 0x0000, 0x0000, 0x0000, 0x0000, 0x0000, 0x0000, 0x0000, 0x0000, 0x0000, 0x0000, 0x0000, 0x0000,
  0x0000, 0x0000, 0x0000, 0x0000, 0x0000, 0x0000, 0x0000, 0x0000, 0x0000, 0x0000, 0x0000, 0x0000, 0x0000, 0x0000, 0x0000, 0x0000,
  0x0000, 0x0000, 0x0000, 0x0000, 0x0000, 0x0000, 0x0000, 0x0000, 0x0000, 0x0000, 0x0000, 0x0000, 0x0000, 0x0000, 0x0000, 0x0000,
  0x0000, 0x0000, 0x0000, 0x0000, 0x0000, 0x0000, 0x0000, 0x0000, 0x39e7, 0xef3c, 0xe6da, 0xd637, 0xc5b4, 0xc5b4, 0xc5b4, 0xc5d5,
  0xc5f5, 0xcdf6, 0xce16, 0xce16, 0xce17, 0xd637, 0xd637, 0xd638, 0xde58, 0xde78, 0xd617, 0xd5d6, 0xd5d7, 0xd5d7, 0xe679, 0xeeba,
  0xcdf7, 0xbd75, 0xd638, 0xe6b9, 0xef1b, 0xeefb, 0xeedb, 0xe6db, 0xdedb, 0xdefb, 0xdf1c, 0xe6fb, 0xe6db, 0xe6fc, 0xf71c, 0xddb7,
  0xabd0, 0xe597, 0xfefd, 0xdefc, 0xe71c, 0xef1c, 0xe71c, 0xe71c, 0xe71c, 0xeefc, 0xef1c, 0xd618, 0xe67a, 0xf71c, 0xe6bb, 0xdebb,
  0xe73c, 0xef1d, 0xf71d, 0xe659, 0xc596, 0xee9a, 0xddf8, 0xe6db, 0xe71c, 0xef1c, 0xef1d, 0xe71c, 0xe71c, 0xe71c, 0xe71d, 0xe6fc,
  0xef5d, 0xbd76, 0xe639, 0xfebb, 0xd556, 0xe619, 0xde9a, 0xe73c, 0xe71c, 0xe71c, 0xe71c, 0xe71c, 0xe71c, 0xe71c, 0xe71c, 0xe71c,
  0xe71c, 0xe71c, 0xef1c, 0xef1c, 0xe6db, 0xe69a, 0xf71d, 0xee9a, 0xd576, 0xbc73, 0xb452, 0xbc72, 0xc473, 0xd535, 0xee39, 0xf6bb,
  0xeebb, 0xe6ba, 0xe6ba, 0xe6ba, 0xe6ba, 0xe639, 0xc4b3, 0xde18, 0xdeba, 0xd6b9, 0xde99, 0xde58, 0xcdd7, 0xd658, 0xce37, 0xce37,
  0xce17, 0xce16, 0xce16, 0xcdf6, 0xc5f5, 0xc5d5, 0xcdb5, 0xc595, 0xcdf7, 0xdeba, 0xffbe, 0x9cf2, 0x0000, 0x0000, 0x0000, 0x0000,
  0x0000, 0x0000, 0x0000, 0x0000, 0x0000, 0x0000, 0x0000, 0x0000, 0x0000, 0x0000, 0x0000, 0x0000, 0x0000, 0x0000, 0x0000, 0x0000,
  0x0000, 0x0000, 0x0000, 0x0000, 0x0000, 0x0000, 0x0000, 0x0000, 0x0000, 0x0000, 0x0000, 0x0000, 0x0000, 0x0000, 0x0000, 0x0000,
  0x0000, 0x0000, 0x0000, 0x0000, 0x0000, 0x0000, 0x0000, 0x0000, 0x0000, 0x0000, 0x0000, 0x0000, 0x0000, 0x0000, 0x0000, 0x0000,
  0x0000, 0x0000, 0x0000, 0x0000, 0x0000, 0x0000, 0x0000, 0x0000, 0x0000, 0x0000, 0x0000, 0x0000, 0x0000, 0x0000, 0x0000, 0x0000,
  0x0000, 0x0000, 0x0000, 0x0000, 0x0000, 0x0000, 0x0000, 0x0000, 0x0000, 0x0000, 0x0000, 0x0000, 0x0000, 0x0000, 0x0000, 0x0000,
  0x0000, 0x0000, 0x0000, 0x0020, 0x0000, 0x4228, 0xef1b, 0xde99, 0xd637, 0xc595, 0xc595, 0xc5b5, 0xc5d4, 0xcdd5, 0xcdf6, 0xcdf6,
  0xce16, 0xce16, 0xce16, 0xd637, 0xd658, 0xd617, 0xd637, 0xd637, 0xde38, 0xe679, 0xe699, 0xcdf7, 0xcdf7, 0xe69a, 0xe6ba, 0xe6da,
  0xe6da, 0xe6da, 0xe6db, 0xdefb, 0xdf1b, 0xdefb, 0xdeda, 0xe6db, 0xf6dc, 0xfefd, 0xe597, 0xa3cf, 0xee38, 0xfefc, 0xeedb, 0xdf3c,
  0xe71c, 0xe71c, 0xe71c, 0xe71c, 0xef1c, 0xef1c, 0xe69a, 0xd618, 0xf73d, 0xeefc, 0xef1c, 0xe6fb, 0xe71c, 0xef3c, 0xe6db, 0xcdb7,
  0xf71c, 0xde59, 0xd619, 0xf73d, 0xe71c, 0xef1c, 0xe71c, 0xe6fc, 0xe71c, 0xe71c, 0xef1c, 0xef1d, 0xe6bb, 0xbd76, 0xeefc, 0xf6fc,
  0xd5b7, 0xddd8, 0xde59, 0xef3d, 0xe71c, 0xef1c, 0xef1c, 0xef1c, 0xeefc, 0xe6fc, 0xe6fc, 0xe6fc, 0xef1c, 0xef1c, 0xe6db, 0xde18,
  0xedf8, 0xc4b3, 0xc472, 0xbc52, 0xb452, 0xc4d4, 0xd576, 0xe639, 0xf69a, 0xf6db, 0xeedb, 0xe6bb, 0xdeda, 0xdeda, 0xdeda, 0xdeba,
  0xe6ba, 0xddb7, 0xc514, 0xe679, 0xd678, 0xd699, 0xd658, 0xde58, 0xcdf6, 0xd616, 0xd637, 0xd617, 0xcdf7, 0xcdf6, 0xcdd6, 0xcdd5,
  0xcdd5, 0xc5b5, 0xbd95, 0xc5d6, 0xd679, 0xef5c, 0xa4f3, 0x0000, 0x0020, 0x0000, 0x0000, 0x0000, 0x0000, 0x0000, 0x0000, 0x0000,
  0x0000, 0x0000, 0x0000, 0x0000, 0x0000, 0x0000, 0x0000, 0x0000, 0x0000, 0x0000, 0x0000, 0x0000, 0x0000, 0x0000, 0x0000, 0x0000,
  0x0000, 0x0000, 0x0000, 0x0000, 0x0000, 0x0000, 0x0000, 0x0000, 0x0000, 0x0000, 0x0000, 0x0000, 0x0000, 0x0000, 0x0000, 0x0000,
  0x0000, 0x0000, 0x0000, 0x0000, 0x0000, 0x0000, 0x0000, 0x0000, 0x0000, 0x0000, 0x0000, 0x0000, 0x0000, 0x0000, 0x0000, 0x0000,
  0x0000, 0x0000, 0x0000, 0x0000, 0x0000, 0x0000, 0x0000, 0x0000, 0x0000, 0x0000, 0x0000, 0x0000, 0x0000, 0x0000, 0x0000, 0x0000,
  0x0000, 0x0000, 0x0000, 0x0000, 0x0000, 0x0000, 0x0000, 0x0000, 0x0000, 0x0000, 0x0000, 0x0000, 0x0000, 0x0000, 0x0000, 0x0000,
  0x0020, 0x0000, 0x9471, 0xffff, 0xdeba, 0xce37, 0xbd75, 0xc5b5, 0xc5b4, 0xc5b5, 0xcdd5, 0xcdf6, 0xcdf6, 0xd616, 0xd616, 0xd637,
  0xd637, 0xce17, 0xde58, 0xde58, 0xde78, 0xde79, 0xcdf7, 0xd658, 0xe6ba, 0xde9a, 0xdeba, 0xdeba, 0xdeba, 0xdeba, 0xdeda, 0xdeda,
  0xdefb, 0xe6db, 0xeefb, 0xeedb, 0xe618, 0xd4f5, 0xbbf1, 0xc4b3, 0xee79, 0xf6fb, 0xe6fb, 0xdf1b, 0xe71c, 0xe71c, 0xe71c, 0xe71c,
  0xe6fc, 0xeefc, 0xd639, 0xeefc, 0xe71c, 0xe71c, 0xe71c, 0xe6fb, 0xe6fc, 0xef1c, 0xe6fc, 0xe69a, 0xf71c, 0xcdd8, 0xeefc, 0xef1c,
  0xef1c, 0xe71c, 0xe71c, 0xe71c, 0xe71c, 0xef1c, 0xeefc, 0xeedb, 0xc596, 0xe6bb, 0xef3c, 0xf71c, 0xd5b7, 0xe639, 0xe659, 0xeefc,
  0xe71c, 0xeefc, 0xeefc, 0xeefc, 0xeefc, 0xeefc, 0xef1c, 0xeefc, 0xeedb, 0xde9a, 0xde39, 0xf67a, 0xd4d4, 0xb3d0, 0xc431, 0xee18,
  0xf6db, 0xf6fb, 0xf6fc, 0xeedb, 0xe6db, 0xe6ba, 0xdeba, 0xdedb, 0xdeda, 0xdeba, 0xdeba, 0xdeb9, 0xe6ba, 0xd596, 0xcd55, 0xe679,
  0xde58, 0xd678, 0xd657, 0xd637, 0xd617, 0xd616, 0xd616, 0xd5f6, 0xcdf6, 0xcdf6, 0xcdd6, 0xcdb5, 0xcdb5, 0xbd95, 0xc5d6, 0xde99,
  0xef7d, 0xc5f7, 0x0000, 0x0000, 0x0000, 0x0000, 0x0000, 0x0000, 0x0000, 0x0000, 0x0000, 0x0000, 0x0000, 0x0000, 0x0000, 0x0000,
  0x0000, 0x0000, 0x0000, 0x0000, 0x0000, 0x0000, 0x0000, 0x0000, 0x0000, 0x0000, 0x0000, 0x0000, 0x0000, 0x0000, 0x0000, 0x0000,
  0x0000, 0x0000, 0x0000, 0x0000, 0x0000, 0x0000, 0x0000, 0x0000, 0x0000, 0x0000, 0x0000, 0x0000, 0x0000, 0x0000, 0x0000, 0x0000,
  0x0000, 0x0000, 0x0000, 0x0000, 0x0000, 0x0000, 0x0000, 0x0000, 0x0000, 0x0000, 0x0000, 0x0000, 0x0000, 0x0000, 0x0000, 0x0000,
  0x0000, 0x0000, 0x0000, 0x0000, 0x0000, 0x0000, 0x0000, 0x0000, 0x0000, 0x0000, 0x0000, 0x0000, 0x0000, 0x0000, 0x0000, 0x0000,
  0x0000, 0x0000, 0x0000, 0x0000, 0x0000, 0x0000, 0x0000, 0x0000, 0x0000, 0x0000, 0x0000, 0x0000, 0x0000, 0x0000, 0x0000, 0x7bef,
  0xe6fb, 0xe6da, 0xce38, 0xbd95, 0xc594, 0xc594, 0xcdd5, 0xcdd5, 0xcdf5, 0xcdf5, 0xd5f6, 0xd616, 0xce16, 0xd617, 0xd637, 0xd658,
  0xde58, 0xd637, 0xd637, 0xde99, 0xde79, 0xde99, 0xde9a, 0xde9a, 0xdeba, 0xdeba, 0xdeda, 0xdeda, 0xdeda, 0xe6db, 0xeebb, 0xcd76,
  0xc4f4, 0xabd0, 0xdd96, 0xee39, 0xd618, 0xef1c, 0xe6fb, 0xdf1b, 0xe71b, 0xe6fc, 0xe71c, 0xe6fc, 0xef1c, 0xe6db, 0xd618, 0xef1c,
  0xe71c, 0xe71c, 0xe71c, 0xe6fc, 0xe6fc, 0xe71c, 0xe6fc, 0xf71c, 0xde7a, 0xd659, 0xef1c, 0xeefc, 0xe71c, 0xe71c, 0xef1c, 0xef1c,
  0xef1c, 0xef1c, 0xeefc, 0xc5b7, 0xde39, 0xf6fc, 0xef1c, 0xf6fc, 0xcd97, 0xf6bb, 0xde39, 0xeefc, 0xeefc, 0xeefc, 0xeefc, 0xeefc,
  0xeefc, 0xe6db, 0xde7a, 0xe6bb, 0xd639, 0xde5a, 0xeebb, 0xcd15, 0xd515, 0xc4d3, 0xe5d7, 0xf6fb, 0xe6da, 0xdeba, 0xe6da, 0xdeda,
  0xdeda, 0xdeda, 0xdeda, 0xdeba, 0xdeba, 0xdeba, 0xde99, 0xde99, 0xde99, 0xcd95, 0xcd75, 0xe679, 0xd658, 0xd657, 0xd637, 0xd617,
  0xd617, 0xd616, 0xd5f6, 0xcdf5, 0xcdf5, 0xcdf5, 0xcdd5, 0xc5b5, 0xbd94, 0xc5d6, 0xde99, 0xf77d, 0xa534, 0x10a2, 0x0000, 0x0000,
  0x0000, 0x0000, 0x0000, 0x0000, 0x0000, 0x0000, 0x0000, 0x0000, 0x0000, 0x0000, 0x0000, 0x0000, 0x0000, 0x0000, 0x0000, 0x0000,
  0x0000, 0x0000, 0x0000, 0x0000, 0x0000, 0x0000, 0x0000, 0x0000, 0x0000, 0x0000, 0x0000, 0x0000, 0x0000, 0x0000, 0x0000, 0x0000,
  0x0000, 0x0000, 0x0000, 0x0000, 0x0000, 0x0000, 0x0000, 0x0000, 0x0000, 0x0000, 0x0000, 0x0000, 0x0000, 0x0000, 0x0000, 0x0000,
  0x0000, 0x0000, 0x0000, 0x0000, 0x0000, 0x0000, 0x0000, 0x0000, 0x0000, 0x0000, 0x0000, 0x0000, 0x0000, 0x0000, 0x0000, 0x0000,
  0x0000, 0x0000, 0x0000, 0x0000, 0x0000, 0x0000, 0x0000, 0x0000, 0x0000, 0x0000, 0x0000, 0x0000, 0x0000, 0x0000, 0x0000, 0x0000,
  0x0000, 0x0000, 0x0000, 0x0000, 0x0000, 0x0000, 0x0000, 0x0000, 0x0000, 0x0000, 0x0000, 0x0000, 0x94b2, 0xe73b, 0xdeda, 0xce38,
  0xc5b5, 0xc594, 0xc5b4, 0xcdd4, 0xcdd4, 0xcdd5, 0xd5f6, 0xcdf6, 0xcdf6, 0xd616, 0xd637, 0xd637, 0xd637, 0xd637, 0xde78, 0xde78,
  0xde79, 0xde79, 0xde99, 0xde99, 0xde9a, 0xdeba, 0xdeba, 0xdeba, 0xdeba, 0xeedb, 0xd5d7, 0xcd76, 0xf67a, 0xc4b3, 0xf67a, 0xde38,
  0xe6bb, 0xe6fb, 0xe6fb, 0xe6fa, 0xe6fb, 0xe6fc, 0xe6fc, 0xe6fc, 0xe6fc, 0xe6db, 0xd639, 0xeefc, 0xe71c, 0xe71c, 0xe71c, 0xe71c,
  0xe6fc, 0xe71c, 0xe6fb, 0xe6bb, 0xde7a, 0xd659, 0xef1c, 0xe6fc, 0xef1c, 0xeefc, 0xeefc, 0xef1c, 0xe6fc, 0xdebb, 0xce18, 0xe69a,
  0xf71d, 0xeefc, 0xeebb, 0xcdb7, 0xde39, 0xff3d, 0xde39, 0xde59, 0xf71c, 0xe6db, 0xe6fc, 0xeefc, 0xe6db, 0xde7a, 0xe6bb, 0xe6db,
  0xeedb, 0xf6fc, 0xc535, 0xd576, 0xfebb, 0xcd34, 0xee9a, 0xe6da, 0xdefa, 0xdefa, 0xe6fb, 0xdeda, 0xdeda, 0xdeda, 0xdeba, 0xdeba,
  0xdeba, 0xde99, 0xde99, 0xde99, 0xe699, 0xcdb6, 0xcd75, 0xde58, 0xd657, 0xd657, 0xd637, 0xd616, 0xcdf6, 0xd5f6, 0xcdf6, 0xcdf5,
  0xcdd4, 0xc5d4, 0xc5b5, 0xc5b5, 0xc5d6, 0xde99, 0xef1b, 0xd699, 0x2124, 0x0000, 0x0000, 0x0000, 0x0000, 0x0000, 0x0000, 0x0000,
  0x0000, 0x0000, 0x0000, 0x0000, 0x0000, 0x0000, 0x0000, 0x0000, 0x0000, 0x0000, 0x0000, 0x0000, 0x0000, 0x0000, 0x0000, 0x0000,
  0x0000, 0x0000, 0x0000, 0x0000, 0x0000, 0x0000, 0x0000, 0x0000, 0x0000, 0x0000, 0x0000, 0x0000, 0x0000, 0x0000, 0x0000, 0x0000,
  0x0000, 0x0000, 0x0000, 0x0000, 0x0000, 0x0000, 0x0000, 0x0000, 0x0000, 0x0000, 0x0000, 0x0000, 0x0000, 0x0000, 0x0000, 0x0000,
  0x0000, 0x0000, 0x0000, 0x0000, 0x0000, 0x0000, 0x0000, 0x0000, 0x0000, 0x0000, 0x0000, 0x0000, 0x0000, 0x0000, 0x0000, 0x0000,
  0x0000, 0x0000, 0x0000, 0x0000, 0x0000, 0x0000, 0x0000, 0x0000, 0x0000, 0x0000, 0x0000, 0x0000, 0x0000, 0x0000, 0x0000, 0x0000,
  0x0000, 0x0000, 0x0000, 0x0000, 0x0000, 0x0000, 0x0000, 0x0020, 0x0000, 0x73ae, 0xef7d, 0xdeba, 0xd638, 0xc5b5, 0xc594, 0xc5b4,
  0xcdd4, 0xcdb4, 0xcdd5, 0xcdf5, 0xcdf5, 0xce16, 0xd616, 0xd617, 0xd617, 0xd637, 0xd658, 0xd658, 0xde78, 0xde78, 0xde79, 0xde99,
  0xde99, 0xde99, 0xdeb9, 0xdeb9, 0xe69a, 0xeeba, 0xcd96, 0xee7a, 0xe5f8, 0xd555, 0xee9a, 0xe69a, 0xe6fb, 0xe6fb, 0xe6fb, 0xe6fb,
  0xeefb, 0xe6fc, 0xe6fc, 0xe6fc, 0xe6fb, 0xef1c, 0xde9a, 0xde9a, 0xef3c, 0xe6fc, 0xe6fb, 0xe6fc, 0xe71c, 0xe71c, 0xe6fc, 0xe6bb,
  0xeefc, 0xd639, 0xeefc, 0xeefc, 0xeefc, 0xeefc, 0xeefc, 0xe6db, 0xde9a, 0xd67a, 0xeefc, 0xef1c, 0xeedc, 0xde39, 0xcdf8, 0xe69a,
  0xeefc, 0xeefc, 0xd5f8, 0xe69a, 0xeefc, 0xe6db, 0xe6fc, 0xeefc, 0xde7a, 0xdebb, 0xef1c, 0xe6db, 0xf6db, 0xde18, 0xc514, 0xfebb,
  0xe639, 0xcd96, 0xeefb, 0xe6da, 0xe6da, 0xe6da, 0xdeba, 0xdeba, 0xdeba, 0xdeba, 0xde9a, 0xdeb9, 0xde99, 0xde99, 0xde99, 0xde98,
  0xde78, 0xcdd6, 0xcd95, 0xde58, 0xd657, 0xd657, 0xd616, 0xd616, 0xcdf5, 0xcdf6, 0xcdd5, 0xcdf5, 0xc5d4, 0xc5d4, 0xbdb5, 0xc5f6,
  0xde99, 0xf77d, 0x9cd2, 0x0841, 0x0000, 0x0000, 0x0000, 0x0000, 0x0000, 0x0000, 0x0000, 0x0000, 0x0000, 0x0000, 0x0000, 0x0000,
  0x0000, 0x0000, 0x0000, 0x0000, 0x0000, 0x0000, 0x0000, 0x0000, 0x0000, 0x0000, 0x0000, 0x0000, 0x0000, 0x0000, 0x0000, 0x0000,
  0x0000, 0x0000, 0x0000, 0x0000, 0x0000, 0x0000, 0x0000, 0x0000, 0x0000, 0x0000, 0x0000, 0x0000, 0x0000, 0x0000, 0x0000, 0x0000,
  0x0000, 0x0000, 0x0000, 0x0000, 0x0000, 0x0000, 0x0000, 0x0000, 0x0000, 0x0000, 0x0000, 0x0000, 0x0000, 0x0000, 0x0000, 0x0000,
  0x0000, 0x0000, 0x0000, 0x0000, 0x0000, 0x0000, 0x0000, 0x0000, 0x0000, 0x0000, 0x0000, 0x0000, 0x0000, 0x0000, 0x0000, 0x0000,
  0x0000, 0x0000, 0x0000, 0x0000, 0x0000, 0x0000, 0x0000, 0x0000, 0x0000, 0x0000, 0x0000, 0x0000, 0x0000, 0x0000, 0x0000, 0x0000,
  0x0000, 0x0000, 0x0000, 0x0000, 0x0020, 0x0000, 0x73ae, 0xef5c, 0xe6da, 0xce37, 0xc5b5, 0xbd94, 0xc5b5, 0xc5b5, 0xc5b4, 0xcdd5,
  0xcdf5, 0xcdf5, 0xce16, 0xce16, 0xce16, 0xd637, 0xd637, 0xd657, 0xd658, 0xd678, 0xd678, 0xd679, 0xde99, 0xd699, 0xde99, 0xde99,
  0xde99, 0xe6ba, 0xd5d7, 0xee79, 0xcd75, 0xddd7, 0xeeba, 0xd658, 0xe6da, 0xe6da, 0xdeda, 0xe6da, 0xe6db, 0xe6db, 0xe6fb, 0xe6fb,
  0xe6fb, 0xeefc, 0xef1c, 0xde7a, 0xdebb, 0xe71c, 0xe6fb, 0xe71c, 0xe6fc, 0xe6fc, 0xe6fc, 0xe6db, 0xe6db, 0xe6bb, 0xde7a, 0xeefc,
  0xe6db, 0xeefc, 0xeedb, 0xe6db, 0xe6db, 0xef1c, 0xeefc, 0xeefc, 0xde9a, 0xd639, 0xf73d, 0xeefc, 0xeedb, 0xd618, 0xde7a, 0xeefb,
  0xeefb, 0xe6db, 0xe6db, 0xeefc, 0xde9a, 0xde9a, 0xeefc, 0xe6db, 0xf6db, 0xc555, 0xde38, 0xf71c, 0xde39, 0xcdb6, 0xeedb, 0xe6da,
  0xe6ba, 0xe6ba, 0xdeba, 0xdeba, 0xde9a, 0xde9a, 0xde99, 0xd699, 0xde79, 0xde79, 0xd678, 0xd658, 0xde58, 0xd617, 0xc574, 0xd617,
  0xd637, 0xce16, 0xce16, 0xcdf6, 0xcdf5, 0xcdd5, 0xcdd5, 0xc5d5, 0xbd94, 0xbdb5, 0xce16, 0xde79, 0xe6da, 0x8c71, 0x0000, 0x0000,
  0x0000, 0x0000, 0x0000, 0x0000, 0x0000, 0x0000, 0x0000, 0x0000, 0x0000, 0x0000, 0x0000, 0x0000, 0x0000, 0x0000, 0x0000, 0x0000,
  0x0000, 0x0000, 0x0000, 0x0000, 0x0000, 0x0000, 0x0000, 0x0000, 0x0000, 0x0000, 0x0000, 0x0000, 0x0000, 0x0000, 0x0000, 0x0000,
  0x0000, 0x0000, 0x0000, 0x0000, 0x0000, 0x0000, 0x0000, 0x0000, 0x0000, 0x0000, 0x0000, 0x0000, 0x0000, 0x0000, 0x0000, 0x0000,
  0x0000, 0x0000, 0x0000, 0x0000, 0x0000, 0x0000, 0x0000, 0x0000, 0x0000, 0x0000, 0x0000, 0x0000, 0x0000, 0x0000, 0x0000, 0x0000,
  0x0000, 0x0000, 0x0000, 0x0000, 0x0000, 0x0000, 0x0000, 0x0000, 0x0000, 0x0000, 0x0000, 0x0000, 0x0000, 0x0000, 0x0000, 0x0000,
  0x0000, 0x0000, 0x0000, 0x0000, 0x0000, 0x0000, 0x0000, 0x0000, 0x0000, 0x0000, 0x0000, 0x0000, 0x0000, 0x0000, 0x0000, 0x0000,
  0x0000, 0x0000, 0x0000, 0x4208, 0xe73b, 0xe71b, 0xd658, 0xc5d6, 0xbd95, 0xc5b4, 0xc5d4, 0xc5d5, 0xcdd5, 0xcdf5, 0xcdf6, 0xcdf6,
  0xcdf6, 0xd616, 0xd637, 0xd637, 0xd657, 0xd658, 0xd658, 0xd678, 0xd678, 0xd699, 0xd699, 0xde99, 0xde99, 0xe699, 0xd5f7, 0xde38,
  0xddf7, 0xcd96, 0xf6fb, 0xde99, 0xe699, 0xde79, 0xd679, 0xde7a, 0xe6bb, 0xe6bb, 0xe6db, 0xe6fc, 0xe6fb, 0xe6db, 0xe6fc, 0xeefc,
  0xd69a, 0xe6db, 0xe6fc, 0xe6fc, 0xe6fb, 0xe6fb, 0xe6fb, 0xeefc, 0xe6db, 0xef1c, 0xde7a, 0xde9a, 0xef1c, 0xeefc, 0xeedc, 0xeefc,
  0xeefc, 0xeefc, 0xe6db, 0xe6fb, 0xd639, 0xe6db, 0xe71b, 0xe6db, 0xe69a, 0xe69a, 0xeefc, 0xe6db, 0xe6fb, 0xe6fc, 0xe6db, 0xe6db,
  0xe6db, 0xe6bb, 0xe6db, 0xe6db, 0xe67a, 0xcd75, 0xe6ba, 0xe6db, 0xe69a, 0xcdb7, 0xe6ba, 0xe6ba, 0xdeba, 0xde9a, 0xde9a, 0xde9a,
  0xde99, 0xde99, 0xd699, 0xd699, 0xde78, 0xde58, 0xd658, 0xd658, 0xd637, 0xd637, 0xcdb5, 0xd5f6, 0xce36, 0xce36, 0xce15, 0xcdf5,
  0xcdd5, 0xcdd5, 0xcdd5, 0xc5b5, 0xc595, 0xce17, 0xde99, 0xffde, 0x8c30, 0x0000, 0x0000, 0x0000, 0x0000, 0x0000, 0x0000, 0x0000,
  0x0000, 0x0000, 0x0000, 0x0000, 0x0000, 0x0000, 0x0000, 0x0000, 0x0000, 0x0000, 0x0000, 0x0000, 0x0000, 0x0000, 0x0000, 0x0000,
  0x0000, 0x0000, 0x0000, 0x0000, 0x0000, 0x0000, 0x0000, 0x0000, 0x0000, 0x0000, 0x0000, 0x0000, 0x0000, 0x0000, 0x0000, 0x0000,
  0x0000, 0x0000, 0x0000, 0x0000, 0x0000, 0x0000, 0x0000, 0x0000, 0x0000, 0x0000, 0x0000, 0x0000, 0x0000, 0x0000, 0x0000, 0x0000,
  0x0000, 0x0000, 0x0000, 0x0000, 0x0000, 0x0000, 0x0000, 0x0000, 0x0000, 0x0000, 0x0000, 0x0000, 0x0000, 0x0000, 0x0000, 0x0000,
  0x0000, 0x0000, 0x0000, 0x0000, 0x0000, 0x0000, 0x0000, 0x0000, 0x0000, 0x0000, 0x0000, 0x0000, 0x0000, 0x0000, 0x0000, 0x0000,
  0x0000, 0x0000, 0x0000, 0x0000, 0x0000, 0x0000, 0x0000, 0x0000, 0x0000, 0x0000, 0x0000, 0x0000, 0x0000, 0x0000, 0x0020, 0x0000,
  0x4208, 0xc617, 0xef3c, 0xd679, 0xc5f6, 0xbd94, 0xc5b4, 0xc5d4, 0xc5d4, 0xc5d5, 0xcdf6, 0xcdf6, 0xcdf6, 0xce16, 0xce37, 0xd637,
  0xd637, 0xd658, 0xd658, 0xd658, 0xd658, 0xd678, 0xd678, 0xde79, 0xde79, 0xe699, 0xd617, 0xd617, 0xe69a, 0xc555, 0xe69a, 0xeeda,
  0xeeda, 0xe6ba, 0xe6db, 0xe6db, 0xe6bb, 0xe6ba, 0xe6db, 0xe6db, 0xe6db, 0xe6fb, 0xe6bb, 0xe6db, 0xe6fc, 0xde9a, 0xe6fc, 0xe6fc,
  0xe6fc, 0xe6fc, 0xe6db, 0xe6db, 0xe6fc, 0xe6db, 0xe6bb, 0xde9a, 0xeefc, 0xe6db, 0xeefc, 0xeedc, 0xe6dc, 0xe6db, 0xe6fc, 0xe6dc,
  0xde9a, 0xe6fc, 0xdedb, 0xef1c, 0xde7a, 0xe6db, 0xe6db, 0xe6db, 0xe6db, 0xe6db, 0xe6db, 0xe6db, 0xe6bb, 0xde9a, 0xe6db, 0xe6db,
  0xe659, 0xcd96, 0xeeda, 0xdeba, 0xe6fb, 0xd5f7, 0xde18, 0xe6ba, 0xde9a, 0xde9a, 0xde99, 0xde99, 0xde79, 0xd679, 0xd679, 0xd678,
  0xde58, 0xd658, 0xd658, 0xd657, 0xce37, 0xce37, 0xd637, 0xd617, 0xcdf6, 0xce16, 0xcdf5, 0xcdd5, 0xcdd5, 0xc5b5, 0xc595, 0xbd95,
  0xd658, 0xe6db, 0xe6fb, 0x7bef, 0x0020, 0x0000, 0x0000, 0x0000, 0x0000, 0x0000, 0x0000, 0x0000, 0x0000, 0x0000, 0x0000, 0x0000,
  0x0000, 0x0000, 0x0000, 0x0000, 0x0000, 0x0000, 0x0000, 0x0000, 0x0000, 0x0000, 0x0000, 0x0000, 0x0000, 0x0000, 0x0000, 0x0000,
  0x0000, 0x0000, 0x0000, 0x0000, 0x0000, 0x0000, 0x0000, 0x0000, 0x0000, 0x0000, 0x0000, 0x0000, 0x0000, 0x0000, 0x0000, 0x0000,
  0x0000, 0x0000, 0x0000, 0x0000, 0x0000, 0x0000, 0x0000, 0x0000, 0x0000, 0x0000, 0x0000, 0x0000, 0x0000, 0x0000, 0x0000, 0x0000,
  0x0000, 0x0000, 0x0000, 0x0000, 0x0000, 0x0000, 0x0000, 0x0000, 0x0000, 0x0000, 0x0000, 0x0000, 0x0000, 0x0000, 0x0000, 0x0000,
  0x0000, 0x0000, 0x0000, 0x0000, 0x0000, 0x0000, 0x0000, 0x0000, 0x0000, 0x0000, 0x0000, 0x0000, 0x0000, 0x0000, 0x0000, 0x0000,
  0x0000, 0x0000, 0x0000, 0x0000, 0x0000, 0x0000, 0x0000, 0x0000, 0x0000, 0x0000, 0x0000, 0x0020, 0x0000, 0x31a6, 0xdedb, 0xdeba,
  0xd699, 0xce17, 0xbdb5, 0xc594, 0xc5b4, 0xc5d5, 0xc5d5, 0xcdf5, 0xcdf6, 0xce16, 0xce16, 0xce17, 0xce37, 0xd637, 0xd637, 0xd637,
  0xd637, 0xd658, 0xde58, 0xde59, 0xde59, 0xde99, 0xd618, 0xd5f7, 0xe6ba, 0xd5f7, 0xc596, 0xde79, 0xe6ba, 0xe6ba, 0xde9a, 0xdeba,
  0xdeba, 0xe6ba, 0xe6ba, 0xe6da, 0xe6db, 0xe6db, 0xe6db, 0xe6db, 0xe6db, 0xde9b, 0xe6bb, 0xe6db, 0xe6db, 0xe6db, 0xe6db, 0xe6db,
  0xe6db, 0xe6db, 0xde9b, 0xde9a, 0xeefc, 0xeefc, 0xe6db, 0xe6db, 0xe6db, 0xe6db, 0xe6fc, 0xe6db, 0xe6db, 0xe6db, 0xe6db, 0xe6dc,
  0xde9a, 0xde7a, 0xe6db, 0xe6db, 0xe6db, 0xe6db, 0xe6db, 0xe6db, 0xe6da, 0xe6ba, 0xe6da, 0xe6db, 0xde59, 0xd5b7, 0xeebb, 0xdeba,
  0xdeda, 0xde9a, 0xd5d7, 0xd618, 0xde99, 0xe699, 0xde79, 0xde79, 0xde59, 0xde58, 0xde58, 0xd658, 0xd658, 0xd658, 0xd637, 0xce37,
  0xce17, 0xce16, 0xce17, 0xce16, 0xcdf6, 0xcdf6, 0xcdf6, 0xcdd5, 0xc5b4, 0xbd95, 0xc5d6, 0xd658, 0xd699, 0xdefb, 0x94b2, 0x0000,
  0x0000, 0x0000, 0x0000, 0x0000, 0x0000, 0x0000, 0x0000, 0x0000, 0x0000, 0x0000, 0x0000, 0x0000, 0x0000, 0x0000, 0x0000, 0x0000,
  0x0000, 0x0000, 0x0000, 0x0000, 0x0000, 0x0000, 0x0000, 0x0000, 0x0000, 0x0000, 0x0000, 0x0000, 0x0000, 0x0000, 0x0000, 0x0000,
  0x0000, 0x0000, 0x0000, 0x0000, 0x0000, 0x0000, 0x0000, 0x0000, 0x0000, 0x0000, 0x0000, 0x0000, 0x0000, 0x0000, 0x0000, 0x0000,
  0x0000, 0x0000, 0x0000, 0x0000, 0x0000, 0x0000, 0x0000, 0x0000, 0x0000, 0x0000, 0x0000, 0x0000, 0x0000, 0x0000, 0x0000, 0x0000,
  0x0000, 0x0000, 0x0000, 0x0000, 0x0000, 0x0000, 0x0000, 0x0000, 0x0000, 0x0000, 0x0000, 0x0000, 0x0000, 0x0000, 0x0000, 0x0000,
  0x0000, 0x0000, 0x0000, 0x0000, 0x0000, 0x0000, 0x0000, 0x0000, 0x0000, 0x0000, 0x0000, 0x0000, 0x0000, 0x0000, 0x0000, 0x0000,
  0x0000, 0x0000, 0x0000, 0x0000, 0x0000, 0x0000, 0x0000, 0x0000, 0x0000, 0x0000, 0x0020, 0x8c51, 0xffbd, 0xd678, 0xd658, 0xc5d5,
  0xbd74, 0xc5b4, 0xc5b4, 0xc5d4, 0xcdd5, 0xcdf5, 0xcdf6, 0xcdf6, 0xce17, 0xce17, 0xce37, 0xd637, 0xd637, 0xd637, 0xd638, 0xde38,
  0xde58, 0xd658, 0xcdf7, 0xde58, 0xde58, 0xe699, 0xd638, 0xc596, 0xcdd7, 0xd638, 0xe6ba, 0xe6ba, 0xde9a, 0xdeba, 0xdeba, 0xe6ba,
  0xe6da, 0xe6da, 0xe6ba, 0xe6db, 0xe6bb, 0xde9a, 0xe6bb, 0xe6db, 0xe6db, 0xe6db, 0xe6db, 0xe6db, 0xe6db, 0xe6bb, 0xdebb, 0xe6bb,
  0xe6db, 0xe6db, 0xe6db, 0xe6db, 0xe6db, 0xe6db, 0xe6db, 0xe6db, 0xe6bb, 0xe6bb, 0xe6bb, 0xe6bb, 0xe6db, 0xde7a, 0xde9a, 0xe6bb,
  0xe6db, 0xe6db, 0xe6db, 0xe6db, 0xe6ba, 0xdeba, 0xe6ba, 0xe6ba, 0xde59, 0xcd96, 0xe6ba, 0xde99, 0xd6b9, 0xde99, 0xe679, 0xd617,
  0xcdd6, 0xd638, 0xde58, 0xde58, 0xde58, 0xd638, 0xd638, 0xd638, 0xd637, 0xd637, 0xd637, 0xce17, 0xce16, 0xcdf6, 0xcdf6, 0xcdd6,
  0xcdd5, 0xc5b5, 0xc5b5, 0xc594, 0xbd74, 0xce17, 0xd658, 0xe6da, 0xf77d, 0x2124, 0x0000, 0x0020, 0x0000, 0x0000, 0x0000, 0x0000,
  0x0000, 0x0000, 0x0000, 0x0000, 0x0000, 0x0000, 0x0000, 0x0000, 0x0000, 0x0000, 0x0000, 0x0000, 0x0000, 0x0000, 0x0000, 0x0000,
  0x0000, 0x0000, 0x0000, 0x0000, 0x0000, 0x0000, 0x0000, 0x0000, 0x0000, 0x0000, 0x0000, 0x0000, 0x0000, 0x0000, 0x0000, 0x0000,
  0x0000, 0x0000, 0x0000, 0x0000, 0x0000, 0x0000, 0x0000, 0x0000, 0x0000, 0x0000, 0x0000, 0x0000, 0x0000, 0x0000, 0x0000, 0x0000,
  0x0000, 0x0000, 0x0000, 0x0000, 0x0000, 0x0000, 0x0000, 0x0000, 0x0000, 0x0000, 0x0000, 0x0000, 0x0000, 0x0000, 0x0000, 0x0000,
  0x0000, 0x0000, 0x0000, 0x0000, 0x0000, 0x0000, 0x0000, 0x0000, 0x0000, 0x0000, 0x0000, 0x0000, 0x0000, 0x0000, 0x0000, 0x0000,
  0x0000, 0x0000, 0x0000, 0x0000, 0x0000, 0x0000, 0x0000, 0x0000, 0x0000, 0x0000, 0x0000, 0x0000, 0x0000, 0x0000, 0x0000, 0x0000,
  0x0000, 0x0000, 0x0000, 0x0000, 0x0000, 0x0000, 0x0000, 0x0861, 0x6b6d, 0xe71b, 0xdeb9, 0xd658, 0xc5f6, 0xbd94, 0xc5b4, 0xc5b3,
  0xc5b4, 0xcdb5, 0xcdd5, 0xcdf6, 0xcdf6, 0xce16, 0xce16, 0xd617, 0xd617, 0xd637, 0xd638, 0xd638, 0xd658, 0xce17, 0xd637, 0xde58,
  0xde78, 0xde79, 0xde79, 0xe699, 0xde58, 0xc5d6, 0xcdf7, 0xe699, 0xde9a, 0xde9a, 0xde9a, 0xdeba, 0xe6ba, 0xe6ba, 0xe6ba, 0xe6ba,
  0xdeba, 0xde9a, 0xe6bb, 0xe6db, 0xe6bb, 0xe6bb, 0xe6bb, 0xe6db, 0xe6bb, 0xdeba, 0xe6db, 0xe6db, 0xe6bb, 0xe6bb, 0xe6bb, 0xe6bb,
  0xe6bb, 0xe6bb, 0xe6db, 0xe6bb, 0xe6bb, 0xe6bb, 0xe6bb, 0xe6db, 0xe6db, 0xde7a, 0xe6bb, 0xe6db, 0xe6ba, 0xe6ba, 0xdeba, 0xdeba,
  0xde9a, 0xde9a, 0xdeba, 0xde9a, 0xe699, 0xcdd7, 0xe679, 0xde99, 0xde99, 0xde99, 0xde79, 0xe699, 0xde79, 0xd617, 0xcdf7, 0xd658,
  0xd658, 0xd638, 0xd638, 0xd617, 0xd617, 0xce17, 0xce17, 0xce16, 0xcdf6, 0xcdf6, 0xcdd5, 0xcdd5, 0xc5b5, 0xc5b5, 0xbd95, 0xbdb5,
  0xce37, 0xd658, 0xef5c, 0xc638, 0x528a, 0x0841, 0x0000, 0x0000, 0x0000, 0x0000, 0x0000, 0x0000, 0x0000, 0x0000, 0x0000, 0x0000,
  0x0000, 0x0000, 0x0000, 0x0000, 0x0000, 0x0000, 0x0000, 0x0000, 0x0000, 0x0000, 0x0000, 0x0000, 0x0000, 0x0000, 0x0000, 0x0000,
  0x0000, 0x0000, 0x0000, 0x0000, 0x0000, 0x0000, 0x0000, 0x0000, 0x0000, 0x0000, 0x0000, 0x0000, 0x0000, 0x0000, 0x0000, 0x0000,
  0x0000, 0x0000, 0x0000, 0x0000, 0x0000, 0x0000, 0x0000, 0x0000, 0x0000, 0x0000, 0x0000, 0x0000, 0x0000, 0x0000, 0x0000, 0x0000,
  0x0000, 0x0000, 0x0000, 0x0000, 0x0000, 0x0000, 0x0000, 0x0000, 0x0000, 0x0000, 0x0000, 0x0000, 0x0000, 0x0000, 0x0000, 0x0000,
  0x0000, 0x0000, 0x0000, 0x0000, 0x0000, 0x0000, 0x0000, 0x0000, 0x0000, 0x0000, 0x0000, 0x0000, 0x0000, 0x0000, 0x0000, 0x0000,
  0x0000, 0x0000, 0x0000, 0x0000, 0x0000, 0x0000, 0x0000, 0x0000, 0x0000, 0x0000, 0x0000, 0x0000, 0x0000, 0x0000, 0x0000, 0x0000,
  0x0000, 0x0000, 0x0000, 0x0000, 0x0000, 0x52aa, 0xef5c, 0xe6fb, 0xd678, 0xce36, 0xc5d4, 0xc5b4, 0xc5b4, 0xcdb5, 0xcdd5, 0xcdd5,
  0xcdd6, 0xcdf6, 0xcdf6, 0xce16, 0xce16, 0xd617, 0xd617, 0xd637, 0xd637, 0xd617, 0xd658, 0xd658, 0xd658, 0xd678, 0xde78, 0xde79,
  0xde79, 0xe699, 0xd5f7, 0xd617, 0xde99, 0xde99, 0xde99, 0xdeb9, 0xde99, 0xdeba, 0xdeba, 0xdeba, 0xde9a, 0xde9a, 0xdeba, 0xe6ba,
  0xe6ba, 0xe6ba, 0xe6ba, 0xe6bb, 0xe6ba, 0xe6ba, 0xe6db, 0xe6db, 0xe6db, 0xe6db, 0xe6db, 0xe6db, 0xe6db, 0xe6db, 0xe6bb, 0xe6ba,
  0xe6ba, 0xe6ba, 0xe6bb, 0xe6db, 0xdeba, 0xde9a, 0xdeba, 0xe6ba, 0xdeba, 0xdeba, 0xdeba, 0xde99, 0xde99, 0xde99, 0xde99, 0xde79,
  0xe699, 0xd617, 0xd617, 0xe679, 0xde78, 0xd679, 0xd678, 0xde58, 0xde58, 0xde58, 0xd658, 0xd617, 0xd637, 0xd637, 0xd617, 0xd617,
  0xd617, 0xce16, 0xce16, 0xcdf6, 0xcdf5, 0xcdd5, 0xcdb5, 0xcdb5, 0xc5b4, 0xbd94, 0xc5d6, 0xce58, 0xd699, 0xef5d, 0xb575, 0x2945,
  0x0000, 0x0000, 0x0000, 0x0000, 0x0000, 0x0000, 0x0000, 0x0000, 0x0000, 0x0000, 0x0000, 0x0000, 0x0000, 0x0000, 0x0000, 0x0000,
  0x0000, 0x0000, 0x0000, 0x0000, 0x0000, 0x0000, 0x0000, 0x0000, 0x0000, 0x0000, 0x0000, 0x0000, 0x0000, 0x0000, 0x0000, 0x0000,
  0x0000, 0x0000, 0x0000, 0x0000, 0x0000, 0x0000, 0x0000, 0x0000, 0x0000, 0x0000, 0x0000, 0x0000, 0x0000, 0x0000, 0x0000, 0x0000,
  0x0000, 0x0000, 0x0000, 0x0000, 0x0000, 0x0000, 0x0000, 0x0000, 0x0000, 0x0000, 0x0000, 0x0000, 0x0000, 0x0000, 0x0000, 0x0000,
  0x0000, 0x0000, 0x0000, 0x0000, 0x0000, 0x0000, 0x0000, 0x0000, 0x0000, 0x0000, 0x0000, 0x0000, 0x0000, 0x0000, 0x0000, 0x0000,
  0x0000, 0x0000, 0x0000, 0x0000, 0x0000, 0x0000, 0x0000, 0x0000, 0x0000, 0x0000, 0x0000, 0x0000, 0x0000, 0x0000, 0x0000, 0x0000,
  0x0000, 0x0000, 0x0000, 0x0000, 0x0000, 0x0000, 0x0000, 0x0000, 0x0000, 0x0000, 0x0000, 0x0000, 0x0000, 0x0000, 0x0000, 0x0000,
  0x0020, 0x0000, 0x2944, 0xbdd6, 0xf79d, 0xd678, 0xce57, 0xc5f6, 0xbd94, 0xc594, 0xc5b5, 0xc5b5, 0xc5d5, 0xcdd5, 0xcdf6, 0xcdf6,
  0xcdf6, 0xd616, 0xce17, 0xce17, 0xd617, 0xd617, 0xd637, 0xd658, 0xd658, 0xd658, 0xd658, 0xde78, 0xde58, 0xde58, 0xde58, 0xd617,
  0xde58, 0xde99, 0xde99, 0xde99, 0xde99, 0xde99, 0xdeb9, 0xde9a, 0xde9a, 0xde9a, 0xdeba, 0xdeba, 0xdeba, 0xdeba, 0xdeba, 0xe6ba,
  0xdeba, 0xdeba, 0xe6ba, 0xe6ba, 0xe6ba, 0xe6ba, 0xe6da, 0xe6da, 0xe6da, 0xe6da, 0xe6ba, 0xdeba, 0xdeba, 0xdeba, 0xde9a, 0xde9a,
  0xde9a, 0xde9a, 0xde9a, 0xdeba, 0xdeba, 0xdeba, 0xdeb9, 0xde99, 0xde99, 0xde99, 0xde99, 0xd679, 0xde99, 0xd638, 0xc534, 0xe638,
  0xe679, 0xde78, 0xd658, 0xd658, 0xde58, 0xd657, 0xd637, 0xce16, 0xd617, 0xd637, 0xce17, 0xd617, 0xd5f6, 0xcdf6, 0xcdf6, 0xcdf5,
  0xcdd5, 0xcdd5, 0xc5b5, 0xbd94, 0xc5b5, 0xce17, 0xd658, 0xdeda, 0xe71b, 0x5aeb, 0x0020, 0x0000, 0x0020, 0x0000, 0x0000, 0x0000,
  0x0000, 0x0000, 0x0000, 0x0000, 0x0000, 0x0000, 0x0000, 0x0000, 0x0000, 0x0000, 0x0000, 0x0000, 0x0000, 0x0000, 0x0000, 0x0000,
  0x0000, 0x0000, 0x0000, 0x0000, 0x0000, 0x0000, 0x0000, 0x0000, 0x0000, 0x0000, 0x0000, 0x0000, 0x0000, 0x0000, 0x0000, 0x0000,
  0x0000, 0x0000, 0x0000, 0x0000, 0x0000, 0x0000, 0x0000, 0x0000, 0x0000, 0x0000, 0x0000, 0x0000, 0x0000, 0x0000, 0x0000, 0x0000,
  0x0000, 0x0000, 0x0000, 0x0000, 0x0000, 0x0000, 0x0000, 0x0000, 0x0000, 0x0000, 0x0000, 0x0000, 0x0000, 0x0000, 0x0000, 0x0000,
  0x0000, 0x0000, 0x0000, 0x0000, 0x0000, 0x0000, 0x0000, 0x0000, 0x0000, 0x0000, 0x0000, 0x0000, 0x0000, 0x0000, 0x0000, 0x0000,
  0x0000, 0x0000, 0x0000, 0x0000, 0x0000, 0x0000, 0x0000, 0x0000, 0x0000, 0x0000, 0x0000, 0x0000, 0x0000, 0x0000, 0x0000, 0x0000,
  0x0000, 0x0000, 0x0000, 0x0000, 0x0000, 0x0000, 0x0000, 0x0000, 0x0000, 0x0000, 0x0000, 0x0000, 0x0000, 0x0020, 0x0000, 0x1082,
  0x9491, 0xef5c, 0xe71b, 0xd679, 0xce16, 0xbdb4, 0xbd94, 0xc594, 0xc5b5, 0xc5b5, 0xcdd5, 0xcdd5, 0xcdd5, 0xcdf6, 0xcdf6, 0xce16,
  0xd617, 0xd5f6, 0xce17, 0xd637, 0xd617, 0xd637, 0xd637, 0xd658, 0xd638, 0xd658, 0xde78, 0xd637, 0xd658, 0xd678, 0xde79, 0xde99,
  0xde79, 0xde99, 0xde99, 0xde99, 0xde79, 0xde99, 0xde9a, 0xde9a, 0xde9a, 0xde9a, 0xde9a, 0xde9a, 0xde9a, 0xde9a, 0xdeba, 0xdeba,
  0xdeba, 0xdeba, 0xde9a, 0xde9a, 0xde9a, 0xde9a, 0xde9a, 0xde99, 0xde9a, 0xdeba, 0xde99, 0xde79, 0xde79, 0xde99, 0xde9a, 0xde99,
  0xde99, 0xde99, 0xde99, 0xde79, 0xde99, 0xde79, 0xd678, 0xd678, 0xd658, 0xde58, 0xc534, 0xcd34, 0xe618, 0xde58, 0xd658, 0xd637,
  0xd637, 0xd637, 0xd617, 0xce16, 0xce17, 0xce16, 0xcdf6, 0xcdf6, 0xcdd6, 0xcdd5, 0xcdd5, 0xcdb5, 0xcdb4, 0xc5b4, 0xbd95, 0xc5d6,
  0xce38, 0xdeba, 0xe71b, 0xad75, 0x2104, 0x0000, 0x0000, 0x0000, 0x0000, 0x0000, 0x0000, 0x0000, 0x0000, 0x0000, 0x0000, 0x0000,
  0x0000, 0x0000, 0x0000, 0x0000, 0x0000, 0x0000, 0x0000, 0x0000, 0x0000, 0x0000, 0x0000, 0x0000, 0x0000, 0x0000, 0x0000, 0x0000,
  0x0000, 0x0000, 0x0000, 0x0000, 0x0000, 0x0000, 0x0000, 0x0000, 0x0000, 0x0000, 0x0000, 0x0000, 0x0000, 0x0000, 0x0000, 0x0000,
  0x0000, 0x0000, 0x0000, 0x0000, 0x0000, 0x0000, 0x0000, 0x0000, 0x0000, 0x0000, 0x0000, 0x0000, 0x0000, 0x0000, 0x0000, 0x0000,
  0x0000, 0x0000, 0x0000, 0x0000, 0x0000, 0x0000, 0x0000, 0x0000, 0x0000, 0x0000, 0x0000, 0x0000, 0x0000, 0x0000, 0x0000, 0x0000,
  0x0000, 0x0000, 0x0000, 0x0000, 0x0000, 0x0000, 0x0000, 0x0000, 0x0000, 0x0000, 0x0000, 0x0000, 0x0000, 0x0000, 0x0000, 0x0000,
  0x0000, 0x0000, 0x0000, 0x0000, 0x0000, 0x0000, 0x0000, 0x0000, 0x0000, 0x0000, 0x0000, 0x0000, 0x0000, 0x0000, 0x0000, 0x0000,
  0x0000, 0x0000, 0x0000, 0x0000, 0x0000, 0x0000, 0x0000, 0x0000, 0x0000, 0x0000, 0x0000, 0x0000, 0x0000, 0x528a, 0xb5b7, 0xef3c,
  0xdeda, 0xce57, 0xc5f5, 0xc5b4, 0xc594, 0xc5b4, 0xc5b5, 0xcdb5, 0xcdd5, 0xcdd5, 0xcdf6, 0xcdf6, 0xcdf6, 0xcdf6, 0xce16, 0xce17,
  0xd617, 0xd617, 0xd637, 0xd637, 0xd638, 0xd637, 0xd638, 0xd637, 0xd637, 0xd678, 0xd678, 0xd678, 0xd678, 0xde78, 0xde99, 0xde79,
  0xd679, 0xde79, 0xde99, 0xde99, 0xde99, 0xde99, 0xde99, 0xde9a, 0xde99, 0xde99, 0xde9a, 0xde99, 0xde99, 0xde99, 0xde99, 0xde99,
  0xde99, 0xde99, 0xde9a, 0xde99, 0xde99, 0xdeba, 0xde9a, 0xde79, 0xde99, 0xde99, 0xde99, 0xde79, 0xde79, 0xde99, 0xde99, 0xd678,
  0xd678, 0xd678, 0xd678, 0xd658, 0xd658, 0xde58, 0xd5b6, 0xd575, 0xd5d6, 0xd617, 0xd637, 0xd637, 0xd617, 0xce16, 0xce16, 0xce16,
  0xcdf6, 0xcdf6, 0xcdf6, 0xcdd5, 0xcdd5, 0xc5b5, 0xc5b5, 0xc5b4, 0xc594, 0xc5b4, 0xc617, 0xce58, 0xe6fb, 0xd6ba, 0x632c, 0x0000,
  0x0000, 0x0000, 0x0000, 0x0000, 0x0000, 0x0000, 0x0000, 0x0000, 0x0000, 0x0000, 0x0000, 0x0000, 0x0000, 0x0000, 0x0000, 0x0000,
  0x0000, 0x0000, 0x0000, 0x0000, 0x0000, 0x0000, 0x0000, 0x0000, 0x0000, 0x0000, 0x0000, 0x0000, 0x0000, 0x0000, 0x0000, 0x0000,
  0x0000, 0x0000, 0x0000, 0x0000, 0x0000, 0x0000, 0x0000, 0x0000, 0x0000, 0x0000, 0x0000, 0x0000, 0x0000, 0x0000, 0x0000, 0x0000,
  0x0000, 0x0000, 0x0000, 0x0000, 0x0000, 0x0000, 0x0000, 0x0000, 0x0000, 0x0000, 0x0000, 0x0000, 0x0000, 0x0000, 0x0000, 0x0000,
  0x0000, 0x0000, 0x0000, 0x0000, 0x0000, 0x0000, 0x0000, 0x0000, 0x0000, 0x0000, 0x0000, 0x0000, 0x0000, 0x0000, 0x0000, 0x0000,
  0x0000, 0x0000, 0x0000, 0x0000, 0x0000, 0x0000, 0x0000, 0x0000, 0x0000, 0x0000, 0x0000, 0x0000, 0x0000, 0x0000, 0x0000, 0x0000,
  0x0000, 0x0000, 0x0000, 0x0000, 0x0000, 0x0000, 0x0000, 0x0000, 0x0000, 0x0000, 0x0000, 0x0000, 0x0000, 0x0000, 0x0000, 0x0000,
  0x0000, 0x0000, 0x0000, 0x0000, 0x0000, 0x0000, 0x0000, 0x0000, 0x0000, 0x0000, 0x0000, 0x73ae, 0xdedb, 0xe71c, 0xd699, 0xce37,
  0xc5d6, 0xbdb5, 0xc5b5, 0xc5b4, 0xc5b4, 0xc5b4, 0xc5d5, 0xcdd5, 0xcdf5, 0xcdf5, 0xce16, 0xce16, 0xce16, 0xce17, 0xd617, 0xd637,
  0xd637, 0xd637, 0xd637, 0xd637, 0xd637, 0xd658, 0xd658, 0xd658, 0xd658, 0xd678, 0xd678, 0xd678, 0xd679, 0xd699, 0xde99, 0xd699,
  0xd699, 0xd699, 0xd699, 0xde99, 0xde99, 0xde99, 0xde99, 0xde99, 0xde99, 0xde99, 0xde99, 0xde99, 0xde99, 0xde99, 0xde99, 0xde99,
  0xde99, 0xde99, 0xde79, 0xde79, 0xde79, 0xde79, 0xde79, 0xde79, 0xd679, 0xde78, 0xde78, 0xd678, 0xd678, 0xd678, 0xd658, 0xd658,
  0xd658, 0xde58, 0xd637, 0xcdd6, 0xd617, 0xcdf6, 0xd617, 0xce16, 0xce16, 0xce16, 0xcdf6, 0xcdf6, 0xcdf5, 0xcdf5, 0xcdd5, 0xc5b4,
  0xcdd5, 0xc5d5, 0xbd94, 0xbdb5, 0xc617, 0xce58, 0xd6ba, 0xdefb, 0xb596, 0x18e3, 0x0000, 0x0000, 0x0000, 0x0000, 0x0000, 0x0000,
  0x0000, 0x0000, 0x0000, 0x0000, 0x0000, 0x0000, 0x0000, 0x0000, 0x0000, 0x0000, 0x0000, 0x0000, 0x0000, 0x0000, 0x0000, 0x0000,
  0x0000, 0x0000, 0x0000, 0x0000, 0x0000, 0x0000, 0x0000, 0x0000, 0x0000, 0x0000, 0x0000, 0x0000, 0x0000, 0x0000, 0x0000, 0x0000,
  0x0000, 0x0000, 0x0000, 0x0000, 0x0000, 0x0000, 0x0000, 0x0000, 0x0000, 0x0000, 0x0000, 0x0000, 0x0000, 0x0000, 0x0000, 0x0000,
  0x0000, 0x0000, 0x0000, 0x0000, 0x0000, 0x0000, 0x0000, 0x0000, 0x0000, 0x0000, 0x0000, 0x0000, 0x0000, 0x0000, 0x0000, 0x0000,
  0x0000, 0x0000, 0x0000, 0x0000, 0x0000, 0x0000, 0x0000, 0x0000, 0x0000, 0x0000, 0x0000, 0x0000, 0x0000, 0x0000, 0x0000, 0x0000,
  0x0000, 0x0000, 0x0000, 0x0000, 0x0000, 0x0000, 0x0000, 0x0000, 0x0000, 0x0000, 0x0000, 0x0000, 0x0000, 0x0000, 0x0000, 0x0000,
  0x0000, 0x0000, 0x0000, 0x0000, 0x0000, 0x0000, 0x0000, 0x0000, 0x0000, 0x0000, 0x0000, 0x0000, 0x0000, 0x0000, 0x0000, 0x0000,
  0x0000, 0x0000, 0x0000, 0x0000, 0x0000, 0x0000, 0x0000, 0x0000, 0x2124, 0xb5b6, 0xef5c, 0xe6fb, 0xce58, 0xce37, 0xc5d5, 0xbdb5,
  0xc5b4, 0xc5b5, 0xc5d4, 0xc5d5, 0xc5d5, 0xcdf5, 0xcdf5, 0xcdf5, 0xcdf5, 0xcdf6, 0xce16, 0xce16, 0xd617, 0xd617, 0xd617, 0xd617,
  0xd637, 0xd637, 0xd657, 0xd658, 0xd657, 0xd658, 0xd658, 0xd658, 0xd658, 0xd678, 0xd678, 0xd678, 0xd678, 0xd678, 0xd678, 0xd679,
  0xd679, 0xd679, 0xd679, 0xd699, 0xd699, 0xd699, 0xd679, 0xd679, 0xd679, 0xd679, 0xd679, 0xd679, 0xd679, 0xde79, 0xde79, 0xde79,
  0xde79, 0xd679, 0xd678, 0xd658, 0xd658, 0xd678, 0xd658, 0xd658, 0xd658, 0xd658, 0xd657, 0xd637, 0xd617, 0xd637, 0xd637, 0xcdd5,
  0xd5f6, 0xd616, 0xce16, 0xcdf6, 0xcdf5, 0xcdf5, 0xcdf5, 0xcdf5, 0xcdd5, 0xc5d5, 0xc5d5, 0xc5d5, 0xc5b5, 0xc5b5, 0xc5f6, 0xce37,
  0xce78, 0xe73b, 0xd6ba, 0x738e, 0x0000, 0x0000, 0x0000, 0x0000, 0x0000, 0x0000, 0x0000, 0x0000, 0x0000, 0x0000, 0x0000, 0x0000,
  0x0000, 0x0000, 0x0000, 0x0000, 0x0000, 0x0000, 0x0000, 0x0000, 0x0000, 0x0000, 0x0000, 0x0000, 0x0000, 0x0000, 0x0000, 0x0000,
  0x0000, 0x0000, 0x0000, 0x0000, 0x0000, 0x0000, 0x0000, 0x0000, 0x0000, 0x0000, 0x0000, 0x0000, 0x0000, 0x0000, 0x0000, 0x0000,
  0x0000, 0x0000, 0x0000, 0x0000, 0x0000, 0x0000, 0x0000, 0x0000, 0x0000, 0x0000, 0x0000, 0x0000, 0x0000, 0x0000, 0x0000, 0x0000,
  0x0000, 0x0000, 0x0000, 0x0000, 0x0000, 0x0000, 0x0000, 0x0000, 0x0000, 0x0000, 0x0000, 0x0000, 0x0000, 0x0000, 0x0000, 0x0000,
  0x0000, 0x0000, 0x0000, 0x0000, 0x0000, 0x0000, 0x0000, 0x0000, 0x0000, 0x0000, 0x0000, 0x0000, 0x0000, 0x0000, 0x0000, 0x0000,
  0x0000, 0x0000, 0x0000, 0x0000, 0x0000, 0x0000, 0x0000, 0x0000, 0x0000, 0x0000, 0x0000, 0x0000, 0x0000, 0x0000, 0x0000, 0x0000,
  0x0000, 0x0000, 0x0000, 0x0000, 0x0000, 0x0000, 0x0000, 0x0000, 0x0000, 0x0000, 0x0000, 0x0000, 0x0000, 0x0000, 0x0000, 0x0000,
  0x0000, 0x0000, 0x0000, 0x0000, 0x0000, 0x0000, 0x7bce, 0xad95, 0xe75c, 0xdeba, 0xce78, 0xce37, 0xbdd5, 0xbd94, 0xbd94, 0xc5b4,
  0xc5b4, 0xc5d5, 0xc5d5, 0xcdd5, 0xcdd5, 0xcdd5, 0xcdf6, 0xcdf6, 0xce16, 0xd616, 0xd616, 0xd616, 0xd617, 0xd637, 0xd637, 0xd637,
  0xd617, 0xd637, 0xd637, 0xd637, 0xd638, 0xd658, 0xd658, 0xd658, 0xd658, 0xd658, 0xd658, 0xd658, 0xd658, 0xd658, 0xd658, 0xd658,
  0xd658, 0xd658, 0xd658, 0xd658, 0xd658, 0xd658, 0xd658, 0xd658, 0xd658, 0xd658, 0xd658, 0xd658, 0xd658, 0xd658, 0xd658, 0xd638,
  0xd637, 0xd637, 0xd637, 0xd637, 0xd637, 0xd637, 0xd617, 0xce17, 0xd616, 0xd616, 0xd616, 0xcdf6, 0xcdf6, 0xd616, 0xcdf6, 0xcdf5,
  0xcdd5, 0xc5d5, 0xc5d5, 0xc5d5, 0xc5d5, 0xc5b4, 0xbdb4, 0xbdb5, 0xc5d6, 0xce37, 0xd679, 0xe71b, 0xe71b, 0xad75, 0x2124, 0x0000,
  0x0000, 0x0000, 0x0000, 0x0000, 0x0000, 0x0000, 0x0000, 0x0000, 0x0000, 0x0000, 0x0000, 0x0000, 0x0000, 0x0000, 0x0000, 0x0000,
  0x0000, 0x0000, 0x0000, 0x0000, 0x0000, 0x0000, 0x0000, 0x0000, 0x0000, 0x0000, 0x0000, 0x0000, 0x0000, 0x0000, 0x0000, 0x0000,
  0x0000, 0x0000, 0x0000, 0x0000, 0x0000, 0x0000, 0x0000, 0x0000, 0x0000, 0x0000, 0x0000, 0x0000, 0x0000, 0x0000, 0x0000, 0x0000,
  0x0000, 0x0000, 0x0000, 0x0000, 0x0000, 0x0000, 0x0000, 0x0000, 0x0000, 0x0000, 0x0000, 0x0000, 0x0000, 0x0000, 0x0000, 0x0000,
  0x0000, 0x0000, 0x0000, 0x0000, 0x0000, 0x0000, 0x0000, 0x0000, 0x0000, 0x0000, 0x0000, 0x0000, 0x0000, 0x0000, 0x0000, 0x0000,
  0x0000, 0x0000, 0x0000, 0x0000, 0x0000, 0x0000, 0x0000, 0x0000, 0x0000, 0x0000, 0x0000, 0x0000, 0x0000, 0x0000, 0x0000, 0x0000,
  0x0000, 0x0000, 0x0000, 0x0000, 0x0000, 0x0000, 0x0000, 0x0000, 0x0000, 0x0000, 0x0000, 0x0000, 0x0000, 0x0000, 0x0000, 0x0000,
  0x0000, 0x0000, 0x0000, 0x0000, 0x0000, 0x0000, 0x0000, 0x0000, 0x0000, 0x0000, 0x0000, 0x0000, 0x0000, 0x0000, 0x0000, 0x0000,
  0x0000, 0x0000, 0x0000, 0x0000, 0x7bce, 0xce79, 0xe73c, 0xdeda, 0xce58, 0xc5f6, 0xc5b5, 0xbd94, 0xbd94, 0xc5b4, 0xc5b4, 0xc5d5,
  0xc5d5, 0xc5d5, 0xc5d5, 0xcdd5, 0xcdf6, 0xcdf6, 0xcdf6, 0xcdf6, 0xce16, 0xce16, 0xd617, 0xd637, 0xce16, 0xd616, 0xd637, 0xd637,
  0xce37, 0xd637, 0xd638, 0xd658, 0xd658, 0xd658, 0xd658, 0xd658, 0xd658, 0xd658, 0xd658, 0xd658, 0xd658, 0xd658, 0xd658, 0xd658,
  0xd658, 0xd658, 0xd658, 0xd658, 0xd658, 0xd658, 0xd638, 0xd638, 0xd638, 0xd638, 0xd638, 0xce37, 0xd637, 0xd637, 0xd637, 0xd617,
  0xd616, 0xd617, 0xce16, 0xce16, 0xce16, 0xce16, 0xcdf6, 0xd5f6, 0xcdd5, 0xcdf5, 0xc5d5, 0xcdd5, 0xcdd5, 0xc5d5, 0xc5b4, 0xc594,
  0xbdb5, 0xc5b5, 0xc5d6, 0xc617, 0xce79, 0xe6fb, 0xdf1b, 0xad55, 0x4208, 0x0000, 0x0000, 0x0000, 0x0000, 0x0000, 0x0000, 0x0000,
  0x0000, 0x0000, 0x0000, 0x0000, 0x0000, 0x0000, 0x0000, 0x0000, 0x0000, 0x0000, 0x0000, 0x0000, 0x0000, 0x0000, 0x0000, 0x0000,
  0x0000, 0x0000, 0x0000, 0x0000, 0x0000, 0x0000, 0x0000, 0x0000, 0x0000, 0x0000, 0x0000, 0x0000, 0x0000, 0x0000, 0x0000, 0x0000,
  0x0000, 0x0000, 0x0000, 0x0000, 0x0000, 0x0000, 0x0000, 0x0000, 0x0000, 0x0000, 0x0000, 0x0000, 0x0000, 0x0000, 0x0000, 0x0000,
  0x0000, 0x0000, 0x0000, 0x0000, 0x0000, 0x0000, 0x0000, 0x0000, 0x0000, 0x0000, 0x0000, 0x0000, 0x0000, 0x0000, 0x0000, 0x0000,
  0x0000, 0x0000, 0x0000, 0x0000, 0x0000, 0x0000, 0x0000, 0x0000, 0x0000, 0x0000, 0x0000, 0x0000, 0x0000, 0x0000, 0x0000, 0x0000,
  0x0000, 0x0000, 0x0000, 0x0000, 0x0000, 0x0000, 0x0000, 0x0000, 0x0000, 0x0000, 0x0000, 0x0000, 0x0000, 0x0000, 0x0000, 0x0000,
  0x0000, 0x0000, 0x0000, 0x0000, 0x0000, 0x0000, 0x0000, 0x0000, 0x0000, 0x0000, 0x0000, 0x0000, 0x0000, 0x0000, 0x0000, 0x0000,
  0x0000, 0x0000, 0x0000, 0x0000, 0x0000, 0x0000, 0x0000, 0x0000, 0x0000, 0x0000, 0x0000, 0x0000, 0x0000, 0x0000, 0x0000, 0x0000,
  0x0000, 0x10a2, 0x73ce, 0xd699, 0xe73c, 0xdeda, 0xd678, 0xce37, 0xc5d5, 0xbdb5, 0xbd94, 0xc5b4, 0xc5b4, 0xc5b5, 0xc5d5, 0xc5d5,
  0xc5d5, 0xcdd5, 0xcdf5, 0xcdf5, 0xcdf6, 0xcdf6, 0xcdf6, 0xce16, 0xcdf6, 0xce16, 0xd616, 0xd617, 0xd637, 0xd637, 0xce37, 0xd637,
  0xd637, 0xd637, 0xd637, 0xd637, 0xd637, 0xd637, 0xd637, 0xd637, 0xd637, 0xd637, 0xd637, 0xd637, 0xd637, 0xd637, 0xd637, 0xd637,
  0xd637, 0xd637, 0xd637, 0xd637, 0xd637, 0xd637, 0xce37, 0xce37, 0xce17, 0xd637, 0xd616, 0xd616, 0xd616, 0xce16, 0xcdf6, 0xcdf6,
  0xcdf6, 0xcdf5, 0xcdf5, 0xcdd5, 0xcdd5, 0xcdd5, 0xc5b5, 0xc5b4, 0xc5b4, 0xc5b4, 0xbd94, 0xc5d5, 0xc616, 0xce37, 0xce78, 0xdefb,
  0xe71b, 0xad55, 0x4208, 0x0000, 0x0000, 0x0000, 0x0000, 0x0000, 0x0000, 0x0000, 0x0000, 0x0000, 0x0000, 0x0000, 0x0000, 0x0000,
  0x0000, 0x0000, 0x0000, 0x0000, 0x0000, 0x0000, 0x0000, 0x0000, 0x0000, 0x0000, 0x0000, 0x0000, 0x0000, 0x0000, 0x0000, 0x0000,
  0x0000, 0x0000, 0x0000, 0x0000, 0x0000, 0x0000, 0x0000, 0x0000, 0x0000, 0x0000, 0x0000, 0x0000, 0x0000, 0x0000, 0x0000, 0x0000,
  0x0000, 0x0000, 0x0000, 0x0000, 0x0000, 0x0000, 0x0000, 0x0000, 0x0000, 0x0000, 0x0000, 0x0000, 0x0000, 0x0000, 0x0000, 0x0000,
  0x0000, 0x0000, 0x0000, 0x0000, 0x0000, 0x0000, 0x0000, 0x0000, 0x0000, 0x0000, 0x0000, 0x0000, 0x0000, 0x0000, 0x0000, 0x0000,
  0x0000, 0x0000, 0x0000, 0x0000, 0x0000, 0x0000, 0x0000, 0x0000, 0x0000, 0x0000, 0x0000, 0x0000, 0x0000, 0x0000, 0x0000, 0x0000,
  0x0000, 0x0000, 0x0000, 0x0000, 0x0000, 0x0000, 0x0000, 0x0000, 0x0000, 0x0000, 0x0000, 0x0000, 0x0000, 0x0000, 0x0000, 0x0000,
  0x0000, 0x0000, 0x0000, 0x0000, 0x0000, 0x0000, 0x0000, 0x0000, 0x0000, 0x0000, 0x0000, 0x0000, 0x0000, 0x0000, 0x0000, 0x0000,
  0x0000, 0x0000, 0x0000, 0x0000, 0x0000, 0x0000, 0x0000, 0x0000, 0x0000, 0x0000, 0x0000, 0x0000, 0x0020, 0x0000, 0x0000, 0x10a2,
  0x7bcf, 0xd699, 0xe73c, 0xd699, 0xce58, 0xce37, 0xce16, 0xc5d5, 0xbd94, 0xbd73, 0xc5b4, 0xc5d4, 0xc5d4, 0xc5d5, 0xc5d5, 0xc5d5,
  0xcdd5, 0xcdd5, 0xcdf5, 0xcdf6, 0xcdd5, 0xcdf6, 0xcdf6, 0xcdf6, 0xce16, 0xce16, 0xce16, 0xce17, 0xce17, 0xce17, 0xce17, 0xd617,
  0xd617, 0xd617, 0xd617, 0xd617, 0xd617, 0xd617, 0xd617, 0xd617, 0xd617, 0xd617, 0xd617, 0xd617, 0xd617, 0xce17, 0xce17, 0xce17,
  0xce17, 0xce17, 0xce17, 0xce16, 0xce16, 0xd616, 0xcdf6, 0xcdf6, 0xcdf6, 0xcdf6, 0xcdf5, 0xcdd5, 0xcdf5, 0xcdd5, 0xcdd5, 0xcdb5,
  0xc5b4, 0xc594, 0xc594, 0xbd94, 0xbd94, 0xc5d5, 0xc616, 0xc617, 0xd699, 0xdefb, 0xe71b, 0xad54, 0x3a07, 0x0000, 0x0000, 0x0000,
  0x0000, 0x0000, 0x0000, 0x0000, 0x0000, 0x0000, 0x0000, 0x0000, 0x0000, 0x0000, 0x0000, 0x0000, 0x0000, 0x0000, 0x0000, 0x0000,
  0x0000, 0x0000, 0x0000, 0x0000, 0x0000, 0x0000, 0x0000, 0x0000, 0x0000, 0x0000, 0x0000, 0x0000, 0x0000, 0x0000, 0x0000, 0x0000,
  0x0000, 0x0000, 0x0000, 0x0000, 0x0000, 0x0000, 0x0000, 0x0000, 0x0000, 0x0000, 0x0000, 0x0000, 0x0000, 0x0000, 0x0000, 0x0000,
  0x0000, 0x0000, 0x0000, 0x0000, 0x0000, 0x0000, 0x0000, 0x0000, 0x0000, 0x0000, 0x0000, 0x0000, 0x0000, 0x0000, 0x0000, 0x0000,
  0x0000, 0x0000, 0x0000, 0x0000, 0x0000, 0x0000, 0x0000, 0x0000, 0x0000, 0x0000, 0x0000, 0x0000, 0x0000, 0x0000, 0x0000, 0x0000,
  0x0000, 0x0000, 0x0000, 0x0000, 0x0000, 0x0000, 0x0000, 0x0000, 0x0000, 0x0000, 0x0000, 0x0000, 0x0000, 0x0000, 0x0000, 0x0000,
  0x0000, 0x0000, 0x0000, 0x0000, 0x0000, 0x0000, 0x0000, 0x0000, 0x0000, 0x0000, 0x0000, 0x0000, 0x0000, 0x0000, 0x0000, 0x0000,
  0x0000, 0x0000, 0x0000, 0x0000, 0x0000, 0x0000, 0x0000, 0x0000, 0x0000, 0x0000, 0x0000, 0x0000, 0x0000, 0x0000, 0x0000, 0x0000,
  0x0000, 0x0000, 0x0000, 0x0000, 0x0000, 0x0000, 0x0000, 0x0000, 0x0000, 0x0000, 0x0020, 0x0000, 0x0000, 0x18c3, 0x7bcf, 0xd6ba,
  0xe73c, 0xe71b, 0xdeb9, 0xce37, 0xce16, 0xcdf5, 0xc5b4, 0xc594, 0xc5b4, 0xc5b4, 0xc5b4, 0xc5d4, 0xc5b5, 0xcdb5, 0xcdd5, 0xcdd5,
  0xcdd5, 0xcdd5, 0xcdd5, 0xcdf5, 0xcdf6, 0xcdf6, 0xcdf6, 0xcdf6, 0xcdf6, 0xcdf6, 0xcdf6, 0xce16, 0xce16, 0xce16, 0xce16, 0xce16,
  0xce16, 0xce16, 0xce16, 0xce16, 0xce16, 0xce16, 0xce16, 0xce16, 0xce16, 0xce16, 0xcdf6, 0xcdf6, 0xcdf6, 0xce16, 0xcdf6, 0xc5f6,
  0xcdf6, 0xcdf5, 0xcdd5, 0xcdd5, 0xcdd5, 0xcdd5, 0xcdb5, 0xcdb5, 0xc5d5, 0xc5d5, 0xc5b4, 0xc5b4, 0xc594, 0xc594, 0xc5d4, 0xce16,
  0xce37, 0xce58, 0xd698, 0xe71b, 0xc658, 0xa534, 0x39e7, 0x0000, 0x0000, 0x0000, 0x0000, 0x0000, 0x0000, 0x0000, 0x0000, 0x0000,
  0x0000, 0x0000, 0x0000, 0x0000, 0x0000, 0x0000, 0x0000, 0x0000, 0x0000, 0x0000, 0x0000, 0x0000, 0x0000, 0x0000, 0x0000, 0x0000,
  0x0000, 0x0000, 0x0000, 0x0000, 0x0000, 0x0000, 0x0000, 0x0000, 0x0000, 0x0000, 0x0000, 0x0000, 0x0000, 0x0000, 0x0000, 0x0000,
  0x0000, 0x0000, 0x0000, 0x0000, 0x0000, 0x0000, 0x0000, 0x0000, 0x0000, 0x0000, 0x0000, 0x0000, 0x0000, 0x0000, 0x0000, 0x0000,
  0x0000, 0x0000, 0x0000, 0x0000, 0x0000, 0x0000, 0x0000, 0x0000, 0x0000, 0x0000, 0x0000, 0x0000, 0x0000, 0x0000, 0x0000, 0x0000,
  0x0000, 0x0000, 0x0000, 0x0000, 0x0000, 0x0000, 0x0000, 0x0000, 0x0000, 0x0000, 0x0000, 0x0000, 0x0000, 0x0000, 0x0000, 0x0000,
  0x0000, 0x0000, 0x0000, 0x0000, 0x0000, 0x0000, 0x0000, 0x0000, 0x0000, 0x0000, 0x0000, 0x0000, 0x0000, 0x0000, 0x0000, 0x0000,
  0x0000, 0x0000, 0x0000, 0x0000, 0x0000, 0x0000, 0x0000, 0x0000, 0x0000, 0x0000, 0x0000, 0x0000, 0x0000, 0x0000, 0x0000, 0x0000,
  0x0000, 0x0000, 0x0000, 0x0000, 0x0000, 0x0000, 0x0000, 0x0000, 0x0000, 0x0000, 0x0000, 0x0000, 0x0000, 0x0000, 0x0000, 0x0000,
  0x0000, 0x0000, 0x0000, 0x0000, 0x0000, 0x0000, 0x0000, 0x0000, 0x0000, 0x0000, 0x0000, 0x18c3, 0x39c7, 0x7bcf, 0xd6ba, 0xe73c,
  0xdefa, 0xce58, 0xce38, 0xce17, 0xc5d6, 0xc5b5, 0xbd94, 0xc594, 0xc5b4, 0xc5b4, 0xc5b4, 0xc5b4, 0xcdb5, 0xcdb4, 0xcdb5, 0xcdd5,
  0xcdd5, 0xcdd5, 0xcdd5, 0xcdd5, 0xcdd5, 0xcdd5, 0xcdd5, 0xcdf6, 0xcdf6, 0xcdf6, 0xcdf6, 0xcdf6, 0xcdf6, 0xcdf6, 0xcdf6, 0xcdf6,
  0xcdf6, 0xcdf6, 0xcdf6, 0xcdf6, 0xcdf6, 0xcdf5, 0xcdd5, 0xcdd5, 0xcdd5, 0xcdd5, 0xcdd5, 0xcdf5, 0xcdf5, 0xcdd5, 0xcdd5, 0xcdd5,
  0xcdd5, 0xcdd5, 0xc5b4, 0xc5b4, 0xc594, 0xbd94, 0xc594, 0xc5b5, 0xc5f6, 0xc5f6, 0xce37, 0xd679, 0xdeda, 0xdefb, 0xce79, 0x4a49,
  0x18c3, 0x0000, 0x0000, 0x0000, 0x0000, 0x0000, 0x0000, 0x0000, 0x0000, 0x0000, 0x0000, 0x0000, 0x0000, 0x0000, 0x0000, 0x0000,
  0x0000, 0x0000, 0x0000, 0x0000, 0x0000, 0x0000, 0x0000, 0x0000, 0x0000, 0x0000, 0x0000, 0x0000, 0x0000, 0x0000, 0x0000, 0x0000,
  0x0000, 0x0000, 0x0000, 0x0000, 0x0000, 0x0000, 0x0000, 0x0000, 0x0000, 0x0000, 0x0000, 0x0000, 0x0000, 0x0000, 0x0000, 0x0000,
  0x0000, 0x0000, 0x0000, 0x0000, 0x0000, 0x0000, 0x0000, 0x0000, 0x0000, 0x0000, 0x0000, 0x0000, 0x0000, 0x0000, 0x0000, 0x0000,
  0x0000, 0x0000, 0x0000, 0x0000, 0x0000, 0x0000, 0x0000, 0x0000, 0x0000, 0x0000, 0x0000, 0x0000, 0x0000, 0x0000, 0x0000, 0x0000,
  0x0000, 0x0000, 0x0000, 0x0000, 0x0000, 0x0000, 0x0000, 0x0000, 0x0000, 0x0000, 0x0000, 0x0000, 0x0000, 0x0000, 0x0000, 0x0000,
  0x0000, 0x0000, 0x0000, 0x0000, 0x0000, 0x0000, 0x0000, 0x0000, 0x0000, 0x0000, 0x0000, 0x0000, 0x0000, 0x0000, 0x0000, 0x0000,
  0x0000, 0x0000, 0x0000, 0x0000, 0x0000, 0x0000, 0x0000, 0x0000, 0x0000, 0x0000, 0x0000, 0x0000, 0x0000, 0x0000, 0x0000, 0x0000,
  0x0000, 0x0000, 0x0000, 0x0000, 0x0000, 0x0000, 0x0000, 0x0000, 0x0000, 0x0000, 0x0000, 0x0000, 0x0000, 0x0000, 0x0000, 0x0000,
  0x0000, 0x0000, 0x0000, 0x0000, 0x0000, 0x0000, 0x0000, 0x0000, 0x0000, 0x0000, 0x18e3, 0x7bef, 0xb596, 0xf79e, 0xef3c, 0xdeba,
  0xd679, 0xce37, 0xce17, 0xc5d6, 0xc5b4, 0xc594, 0xc594, 0xc594, 0xc5b4, 0xcdd5, 0xcdd5, 0xc5b4, 0xcdb4, 0xcdb4, 0xcdb4, 0xc5b4,
  0xcdb4, 0xcdd4, 0xcdd5, 0xcdd5, 0xcdd5, 0xcdd5, 0xcdd5, 0xcdd5, 0xcdd5, 0xcdd5, 0xcdd5, 0xcdd5, 0xcdd5, 0xcdd5, 0xcdd5, 0xcdd5,
  0xcdd5, 0xcdd5, 0xcdd5, 0xcdd5, 0xcdd5, 0xc5b4, 0xc5b4, 0xcdb4, 0xcdd4, 0xc5b4, 0xc5d5, 0xc5b4, 0xc594, 0xc594, 0xc5b4, 0xc5b4,
  0xc5b5, 0xcdf6, 0xce17, 0xce37, 0xd679, 0xdefb, 0xe71b, 0xdedb, 0xb596, 0x4a49, 0x18c3, 0x0000, 0x0000, 0x0000, 0x0000, 0x0000,
  0x0000, 0x0000, 0x0000, 0x0000, 0x0000, 0x0000, 0x0000, 0x0000, 0x0000, 0x0000, 0x0000, 0x0000, 0x0000, 0x0000, 0x0000, 0x0000,
  0x0000, 0x0000, 0x0000, 0x0000, 0x0000, 0x0000, 0x0000, 0x0000, 0x0000, 0x0000, 0x0000, 0x0000, 0x0000, 0x0000, 0x0000, 0x0000,
  0x0000, 0x0000, 0x0000, 0x0000, 0x0000, 0x0000, 0x0000, 0x0000, 0x0000, 0x0000, 0x0000, 0x0000, 0x0000, 0x0000, 0x0000, 0x0000,
  0x0000, 0x0000, 0x0000, 0x0000, 0x0000, 0x0000, 0x0000, 0x0000, 0x0000, 0x0000, 0x0000, 0x0000, 0x0000, 0x0000, 0x0000, 0x0000,
  0x0000, 0x0000, 0x0000, 0x0000, 0x0000, 0x0000, 0x0000, 0x0000, 0x0000, 0x0000, 0x0000, 0x0000, 0x0000, 0x0000, 0x0000, 0x0000,
  0x0000, 0x0000, 0x0000, 0x0000, 0x0000, 0x0000, 0x0000, 0x0000, 0x0000, 0x0000, 0x0000, 0x0000, 0x0000, 0x0000, 0x0000, 0x0000,
  0x0000, 0x0000, 0x0000, 0x0000, 0x0000, 0x0000, 0x0000, 0x0000, 0x0000, 0x0000, 0x0000, 0x0000, 0x0000, 0x0000, 0x0000, 0x0000,
  0x0000, 0x0000, 0x0000, 0x0000, 0x0000, 0x0000, 0x0000, 0x0000, 0x0000, 0x0000, 0x0000, 0x0000, 0x0000, 0x0000, 0x0000, 0x0000,
  0x0000, 0x0000, 0x0000, 0x0000, 0x0000, 0x0000, 0x0000, 0x0000, 0x0000, 0x0000, 0x0000, 0x0000, 0x0000, 0x0000, 0x0000, 0x0000,
  0x0000, 0x0000, 0x0000, 0x0000, 0x0000, 0x0000, 0x0000, 0x0000, 0x0841, 0x7bcf, 0x73ae, 0xb5b6, 0xdeba, 0xef3c, 0xdeba, 0xdeba,
  0xd658, 0xce16, 0xcdf6, 0xc5d6, 0xc5d5, 0xbd95, 0xbd95, 0xc5b5, 0xbd94, 0xc594, 0xc594, 0xc594, 0xc5b5, 0xc5b5, 0xc5d5, 0xcdb5,
  0xcdb5, 0xcdb5, 0xcdb5, 0xc5b4, 0xc5b4, 0xc5b4, 0xc5b5, 0xc5b5, 0xc5b5, 0xc5b5, 0xc5b5, 0xc5b5, 0xc5b5, 0xc5b5, 0xc5b5, 0xc5b5,
  0xc5b5, 0xc5b4, 0xc5b4, 0xc594, 0xbd94, 0xc5b5, 0xbdb5, 0xc5b5, 0xc5d5, 0xc5d6, 0xcdf6, 0xce17, 0xde99, 0xde99, 0xe6fb, 0xe6da,
  0xce58, 0x8430, 0x73ae, 0x2124, 0x0000, 0x0000, 0x0000, 0x0000, 0x0000, 0x0000, 0x0000, 0x0000, 0x0000, 0x0000, 0x0000, 0x0000,
  0x0000, 0x0000, 0x0000, 0x0000, 0x0000, 0x0000, 0x0000, 0x0000, 0x0000, 0x0000, 0x0000, 0x0000, 0x0000, 0x0000, 0x0000, 0x0000,
  0x0000, 0x0000, 0x0000, 0x0000, 0x0000, 0x0000, 0x0000, 0x0000, 0x0000, 0x0000, 0x0000, 0x0000, 0x0000, 0x0000, 0x0000, 0x0000,
  0x0000, 0x0000, 0x0000, 0x0000, 0x0000, 0x0000, 0x0000, 0x0000, 0x0000, 0x0000, 0x0000, 0x0000, 0x0000, 0x0000, 0x0000, 0x0000,
  0x0000, 0x0000, 0x0000, 0x0000, 0x0000, 0x0000, 0x0000, 0x0000, 0x0000, 0x0000, 0x0000, 0x0000, 0x0000, 0x0000, 0x0000, 0x0000,
  0x0000, 0x0000, 0x0000, 0x0000, 0x0000, 0x0000, 0x0000, 0x0000, 0x0000, 0x0000, 0x0000, 0x0000, 0x0000, 0x0000, 0x0000, 0x0000,
  0x0000, 0x0000, 0x0000, 0x0000, 0x0000, 0x0000, 0x0000, 0x0000, 0x0000, 0x0000, 0x0000, 0x0000, 0x0000, 0x0000, 0x0000, 0x0000,
  0x0000, 0x0000, 0x0000, 0x0000, 0x0000, 0x0000, 0x0000, 0x0000, 0x0000, 0x0000, 0x0000, 0x0000, 0x0000, 0x0000, 0x0000, 0x0000,
  0x0000, 0x0000, 0x0000, 0x0000, 0x0000, 0x0000, 0x0000, 0x0000, 0x0000, 0x0000, 0x0000, 0x0000, 0x0000, 0x0000, 0x0000, 0x0000,
  0x0000, 0x0000, 0x0000, 0x0000, 0x0000, 0x0000, 0x0000, 0x0000, 0x0000, 0x0000, 0x0000, 0x0000, 0x0000, 0x0000, 0x0000, 0x0000,
  0x0000, 0x0000, 0x0000, 0x0020, 0x0000, 0x0000, 0x0000, 0x0020, 0x2965, 0x6b6d, 0xbdd7, 0xc5f8, 0xdeba, 0xe71b, 0xdeda, 0xd699,
  0xce58, 0xce38, 0xc617, 0xc5f6, 0xce16, 0xc5d6, 0xbd95, 0xbdb5, 0xbdb5, 0xbdb5, 0xbdb5, 0xc594, 0xc594, 0xc594, 0xc594, 0xc594,
  0xc594, 0xc594, 0xc594, 0xc595, 0xc595, 0xc595, 0xc595, 0xc595, 0xc595, 0xbd94, 0xbd95, 0xbd95, 0xbdb5, 0xbdb5, 0xc5b5, 0xc5f6,
  0xc5f6, 0xc5f6, 0xc617, 0xce38, 0xd679, 0xdeb9, 0xdeda, 0xef3b, 0xc5f7, 0xc618, 0x9471, 0x528a, 0x0861, 0x0000, 0x0000, 0x0000,
  0x0000, 0x0000, 0x0000, 0x0000, 0x0000, 0x0000, 0x0000, 0x0000, 0x0000, 0x0000, 0x0000, 0x0000, 0x0000, 0x0000, 0x0000, 0x0000,
  0x0000, 0x0000, 0x0000, 0x0000, 0x0000, 0x0000, 0x0000, 0x0000, 0x0000, 0x0000, 0x0000, 0x0000, 0x0000, 0x0000, 0x0000, 0x0000,
  0x0000, 0x0000, 0x0000, 0x0000, 0x0000, 0x0000, 0x0000, 0x0000, 0x0000, 0x0000, 0x0000, 0x0000, 0x0000, 0x0000, 0x0000, 0x0000,
  0x0000, 0x0000, 0x0000, 0x0000, 0x0000, 0x0000, 0x0000, 0x0000, 0x0000, 0x0000, 0x0000, 0x0000, 0x0000, 0x0000, 0x0000, 0x0000,
  0x0000, 0x0000, 0x0000, 0x0000, 0x0000, 0x0000, 0x0000, 0x0000, 0x0000, 0x0000, 0x0000, 0x0000, 0x0000, 0x0000, 0x0000, 0x0000,
  0x0000, 0x0000, 0x0000, 0x0000, 0x0000, 0x0000, 0x0000, 0x0000, 0x0000, 0x0000, 0x0000, 0x0000, 0x0000, 0x0000, 0x0000, 0x0000,
  0x0000, 0x0000, 0x0000, 0x0000, 0x0000, 0x0000, 0x0000, 0x0000, 0x0000, 0x0000, 0x0000, 0x0000, 0x0000, 0x0000, 0x0000, 0x0000,
  0x0000, 0x0000, 0x0000, 0x0000, 0x0000, 0x0000, 0x0000, 0x0000, 0x0000, 0x0000, 0x0000, 0x0000, 0x0000, 0x0000, 0x0000, 0x0000,
  0x0000, 0x0000, 0x0000, 0x0000, 0x0000, 0x0000, 0x0000, 0x0000, 0x0000, 0x0000, 0x0000, 0x0000, 0x0000, 0x0000, 0x0000, 0x0000,
  0x0000, 0x0000, 0x0000, 0x0000, 0x0000, 0x0000, 0x0000, 0x0000, 0x0000, 0x0000, 0x0000, 0x0000, 0x0000, 0x0000, 0x0000, 0x0000,
  0x0000, 0x0020, 0x0020, 0x0000, 0x0000, 0x0000, 0x0000, 0x0000, 0x31a6, 0x73ae, 0xbdd6, 0xce58, 0xef5c, 0xe71b, 0xe71b, 0xe6fb,
  0xdeb9, 0xce58, 0xce58, 0xce37, 0xce17, 0xc617, 0xc5f7, 0xcdf6, 0xc5d5, 0xbdb5, 0xbdb5, 0xc5b5, 0xc5d5, 0xc5d5, 0xc5b5, 0xc5b5,
  0xc5b5, 0xc5b5, 0xbd95, 0xc5b5, 0xc5d6, 0xc5f6, 0xc5f7, 0xc617, 0xce37, 0xce37, 0xce58, 0xce58, 0xce58, 0xdeda, 0xdefb, 0xe71b,
  0xc638, 0xb595, 0xa4f3, 0x4a69, 0x0861, 0x0000, 0x0000, 0x0000, 0x0000, 0x0000, 0x0020, 0x0000, 0x0000, 0x0000, 0x0000, 0x0000,
  0x0000, 0x0000, 0x0000, 0x0000, 0x0000, 0x0000, 0x0000, 0x0000, 0x0000, 0x0000, 0x0000, 0x0000, 0x0000, 0x0000, 0x0000, 0x0000,
  0x0000, 0x0000, 0x0000, 0x0000, 0x0000, 0x0000, 0x0000, 0x0000, 0x0000, 0x0000, 0x0000, 0x0000, 0x0000, 0x0000, 0x0000, 0x0000,
  0x0000, 0x0000, 0x0000, 0x0000, 0x0000, 0x0000, 0x0000, 0x0000, 0x0000, 0x0000, 0x0000, 0x0000, 0x0000, 0x0000, 0x0000, 0x0000,
  0x0000, 0x0000, 0x0000, 0x0000, 0x0000, 0x0000, 0x0000, 0x0000, 0x0000, 0x0000, 0x0000, 0x0000, 0x0000, 0x0000, 0x0000, 0x0000,
  0x0000, 0x0000, 0x0000, 0x0000, 0x0000, 0x0000, 0x0000, 0x0000, 0x0000, 0x0000, 0x0000, 0x0000, 0x0000, 0x0000, 0x0000, 0x0000,
  0x0000, 0x0000, 0x0000, 0x0000, 0x0000, 0x0000, 0x0000, 0x0000, 0x0000, 0x0000, 0x0000, 0x0000, 0x0000, 0x0000, 0x0000, 0x0000,
  0x0000, 0x0000, 0x0000, 0x0000, 0x0000, 0x0000, 0x0000, 0x0000, 0x0000, 0x0000, 0x0000, 0x0000, 0x0000, 0x0000, 0x0000, 0x0000,
  0x0000, 0x0000, 0x0000, 0x0000, 0x0000, 0x0000, 0x0000, 0x0000, 0x0000, 0x0000, 0x0000, 0x0000, 0x0000, 0x0000, 0x0000, 0x0000,
  0x0000, 0x0000, 0x0000, 0x0000, 0x0000, 0x0000, 0x0000, 0x0000, 0x0000, 0x0000, 0x0000, 0x0000, 0x0000, 0x0000, 0x0000, 0x0000,
  0x0000, 0x0000, 0x0000, 0x0000, 0x0000, 0x0000, 0x0000, 0x0000, 0x0000, 0x0000, 0x0000, 0x0000, 0x0000, 0x0000, 0x0000, 0x0000,
  0x0000, 0x0020, 0x0000, 0x0000, 0x0000, 0x0000, 0x0000, 0x18e3, 0x3a07, 0x528a, 0xa554, 0x9cd3, 0xbdf7, 0xef5c, 0xdefb, 0xe71b,
  0xe71c, 0xdf1b, 0xdefb, 0xe71b, 0xdeda, 0xd679, 0xd699, 0xd679, 0xd679, 0xd679, 0xd679, 0xd679, 0xd679, 0xd679, 0xd679, 0xd699,
  0xe6fb, 0xdefb, 0xdefb, 0xe71b, 0xe73c, 0xdedb, 0xdefb, 0xe73c, 0xd69a, 0xa534, 0x8410, 0x39e7, 0x18c3, 0x0000, 0x0000, 0x0000,
  0x0000, 0x0000, 0x0000, 0x0000, 0x0000, 0x0000, 0x0000, 0x0000, 0x0000, 0x0000, 0x0000, 0x0000, 0x0000, 0x0000, 0x0000, 0x0000,
  0x0000, 0x0000, 0x0000, 0x0000, 0x0000, 0x0000, 0x0000, 0x0000, 0x0000, 0x0000, 0x0000, 0x0000, 0x0000, 0x0000, 0x0000, 0x0000,
  0x0000, 0x0000, 0x0000, 0x0000, 0x0000, 0x0000, 0x0000, 0x0000, 0x0000, 0x0000, 0x0000, 0x0000, 0x0000, 0x0000, 0x0000, 0x0000,
  0x0000, 0x0000, 0x0000, 0x0000, 0x0000, 0x0000, 0x0000, 0x0000, 0x0000, 0x0000, 0x0000, 0x0000, 0x0000, 0x0000, 0x0000, 0x0000,
  0x0000, 0x0000, 0x0000, 0x0000, 0x0000, 0x0000, 0x0000, 0x0000, 0x0000, 0x0000, 0x0000, 0x0000, 0x0000, 0x0000, 0x0000, 0x0000,
  0x0000, 0x0000, 0x0000, 0x0000, 0x0000, 0x0000, 0x0000, 0x0000, 0x0000, 0x0000, 0x0000, 0x0000, 0x0000, 0x0000, 0x0000, 0x0000,
  0x0000, 0x0000, 0x0000, 0x0000, 0x0000, 0x0000, 0x0000, 0x0000, 0x0000, 0x0000, 0x0000, 0x0000, 0x0000, 0x0000, 0x0000, 0x0000,
  0x0000, 0x0000, 0x0000, 0x0000, 0x0000, 0x0000, 0x0000, 0x0000, 0x0000, 0x0000, 0x0000, 0x0000, 0x0000, 0x0000, 0x0000, 0x0000,
  0x0000, 0x0000, 0x0000, 0x0000, 0x0000, 0x0000, 0x0000, 0x0000, 0x0000, 0x0000, 0x0000, 0x0000, 0x0000, 0x0000, 0x0000, 0x0000,
  0x0000, 0x0000, 0x0000, 0x0000, 0x0000, 0x0000, 0x0000, 0x0000, 0x0000, 0x0000, 0x0000, 0x0000, 0x0000, 0x0000, 0x0000, 0x0000,
  0x0000, 0x0000, 0x0000, 0x0000, 0x0000, 0x0000, 0x0000, 0x0000, 0x0000, 0x0000, 0x0000, 0x0000, 0x0000, 0x0000, 0x0000, 0x0000,
  0x0000, 0x0000, 0x0000, 0x0000, 0x0000, 0x0000, 0x0000, 0x0000, 0x0861, 0x3186, 0x2124, 0x73ae, 0x94b2, 0x8c51, 0x8430, 0x8410,
  0x94b3, 0xdedb, 0xd6bb, 0xd6ba, 0xd6ba, 0xd6ba, 0xd6ba, 0xd6ba, 0xd6ba, 0xd6ba, 0xdedb, 0xbdf7, 0x8410, 0x8430, 0x8451, 0x8c71,
  0x94b2, 0x39e7, 0x2945, 0x2965, 0x2124, 0x0000, 0x0000, 0x0000, 0x0000, 0x0000, 0x0000, 0x0000, 0x0000, 0x0000, 0x0000, 0x0000,
  0x0000, 0x0000, 0x0000, 0x0000, 0x0000, 0x0000, 0x0000, 0x0000, 0x0000, 0x0000, 0x0000, 0x0000, 0x0000, 0x0000, 0x0000, 0x0000,
  0x0000, 0x0000, 0x0000, 0x0000, 0x0000, 0x0000, 0x0000, 0x0000, 0x0000, 0x0000, 0x0000, 0x0000, 0x0000, 0x0000, 0x0000, 0x0000,
  0x0000, 0x0000, 0x0000, 0x0000, 0x0000, 0x0000, 0x0000, 0x0000, 0x0000, 0x0000, 0x0000, 0x0000, 0x0000, 0x0000, 0x0000, 0x0000,
  0x0000, 0x0000, 0x0000, 0x0000, 0x0000, 0x0000, 0x0000, 0x0000, 0x0000, 0x0000, 0x0000, 0x0000, 0x0000, 0x0000, 0x0000, 0x0000,
  0x0000, 0x0000, 0x0000, 0x0000, 0x0000, 0x0000, 0x0000, 0x0000, 0x0000, 0x0000, 0x0000, 0x0000, 0x0000, 0x0000, 0x0000, 0x0000,
  0x0000, 0x0000, 0x0000, 0x0000, 0x0000, 0x0000, 0x0000, 0x0000, 0x0000, 0x0000, 0x0000, 0x0000, 0x0000, 0x0000, 0x0000, 0x0000,
  0x0000, 0x0000, 0x0000, 0x0000, 0x0000, 0x0000, 0x0000, 0x0000, 0x0000, 0x0000, 0x0000, 0x0000, 0x0000, 0x0000, 0x0000, 0x0000,
  0x0000, 0x0000, 0x0000, 0x0000, 0x0000, 0x0000, 0x0000, 0x0000, 0x0000, 0x0000, 0x0000, 0x0000, 0x0000, 0x0000, 0x0000, 0x0000,
  0x0000, 0x0000, 0x0000, 0x0000, 0x0000, 0x0000, 0x0000, 0x0000, 0x0000, 0x0000, 0x0000, 0x0000, 0x0000, 0x0000, 0x0000, 0x0000,
  0x0000, 0x0000, 0x0000, 0x0000, 0x0000, 0x0000, 0x0000, 0x0000, 0x0000, 0x0000, 0x0000, 0x0000, 0x0000, 0x0000, 0x0000, 0x0000,
  0x0000, 0x0000, 0x0000, 0x0000, 0x0000, 0x0000, 0x0000, 0x0000, 0x0000, 0x0000, 0x0000, 0x0000, 0x0000, 0x0000, 0x0000, 0x0000,
  0x0000, 0x0000, 0x0000, 0x0000, 0x0000, 0x0000, 0x0000, 0x0000, 0x0000, 0x0000, 0x0000, 0x0000, 0x0000, 0x2104, 0x18e3, 0x18e3,
  0x18e3, 0x18e3, 0x18e3, 0x18e3, 0x18e3, 0x18c3, 0x2104, 0x1082, 0x0000, 0x0000, 0x0000, 0x0000, 0x0000, 0x0000, 0x0000, 0x0000,
  0x0000, 0x0000, 0x0000, 0x0000, 0x0000, 0x0000, 0x0000, 0x0000, 0x0000, 0x0000, 0x0000, 0x0000, 0x0000, 0x0000, 0x0000, 0x0000,
  0x0000, 0x0000, 0x0000, 0x0000, 0x0000, 0x0000, 0x0000, 0x0000, 0x0000, 0x0000, 0x0000, 0x0000, 0x0000, 0x0000, 0x0000, 0x0000,
  0x0000, 0x0000, 0x0000, 0x0000, 0x0000, 0x0000, 0x0000, 0x0000, 0x0000, 0x0000, 0x0000, 0x0000, 0x0000, 0x0000, 0x0000, 0x0000,
  0x0000, 0x0000, 0x0000, 0x0000, 0x0000, 0x0000, 0x0000, 0x0000, 0x0000, 0x0000, 0x0000, 0x0000, 0x0000, 0x0000, 0x0000, 0x0000,
  0x0000, 0x0000, 0x0000, 0x0000, 0x0000, 0x0000, 0x0000, 0x0000, 0x0000, 0x0000, 0x0000, 0x0000, 0x0000, 0x0000, 0x0000, 0x0000,
  0x0000, 0x0000, 0x0000, 0x0000, 0x0000, 0x0000, 0x0000, 0x0000, 0x0000, 0x0000, 0x0000, 0x0000, 0x0000, 0x0000, 0x0000, 0x0000,
};
